Date,Time,Alt(m),VSpd(m/s),1RSS(dB),2RSS(dB),RQly(%),RSNR(dB),ANT,RFMD,TPWR(mW),TRSS(dB),TQly(%),TSNR(dB),RxBt(V),Curr(A),Capa(mAh),Bat%(%),Rud,Ele,Thr,Ail,P1,P2,P3,SL1,SL2,SA,SB,SC,SD,SE,SF,SG,SH,LSW,CH1(us),CH2(us),CH3(us),CH4(us),CH5(us),CH6(us),CH7(us),CH8(us),CH9(us),CH10(us),CH11(us),CH12(us),CH13(us),CH14(us),CH15(us),CH16(us),CH17(us),CH18(us),CH19(us),CH20(us),CH21(us),CH22(us),CH23(us),CH24(us),CH25(us),CH26(us),CH27(us),CH28(us),CH29(us),CH30(us),CH31(us),CH32(us),TxBat(V)
2026-08-08,12:42:24.690,3.3,0.0,-34,-49,100,11,0,8,10,-28,100,11,12.5,0.0,0,0,7,-4,-1003,4,29,-1024,-3,-1024,-31,-1,-1,-1,-1,-1,1,0,-1,0x0000000000000000,1514,1433,1533,1520,2012,1537,1522,1260,1701,988,1500,1500,1500,1500,1500,1500,1500,1500,1500,1500,1500,1500,1500,1500,1500,1500,1500,1500,1500,1500,1500,1500,7.4
2026-08-08,12:42:25.190,3.4,0.2,-35,-49,100,10,0,8,10,-28,100,10,12.5,0.0,0,0,129,-4,-1011,4,30,-1024,-3,-1021,-31,-1,-1,-1,-1,-1,1,0,-1,0x0000000000000000,1552,1434,1533,1520,2012,1537,1522,1260,1701,988,1500,1500,1500,1500,1500,1500,1500,1500,1500,1500,1500,1500,1500,1500,1500,1500,1500,1500,1500,1500,1500,1500,7.4
2026-08-08,12:42:25.690,3.3,-0.1,-33,-49,100,11,0,8,10,-27,100,11,12.5,0.0,0,0,-4,-4,-1005,4,29,-1024,-3,-937,-32,-1,-1,-1,-1,-1,1,0,-1,0x0000000000000000,1511,1433,1533,1520,2012,1537,1522,1260,1701,988,1500,1500,1500,1500,1500,1500,1500,1500,1500,1500,1500,1500,1500,1500,1500,1500,1500,1500,1500,1500,1500,1500,7.4
2026-08-08,12:42:26.190,3.2,-0.2,-36,-49,100,9,0,8,10,-31,100,10,12.5,0.0,0,0,-4,-4,-1005,4,29,-1024,-3,-936,-31,-1,-1,-1,-1,-1,1,0,-1,0x0000000000000000,1511,1433,1533,1520,2012,1537,1522,1260,1701,988,1500,1500,1500,1500,1500,1500,1500,1500,1500,1500,1500,1500,1500,1500,1500,1500,1500,1500,1500,1500,1500,1500,7.4
2026-08-08,12:42:26.690,3.2,0.0,-41,-49,100,11,0,8,10,-34,100,11,12.5,0.0,0,0,-4,-4,-1004,4,30,-1024,-3,-937,-32,-1,-1,-1,-1,-1,1,0,-1,0x0000000000000000,1511,1433,1533,1520,2012,1537,1522,1260,1701,988,1500,1500,1500,1500,1500,1500,1500,1500,1500,1500,1500,1500,1500,1500,1500,1500,1500,1500,1500,1500,1500,1500,7.4
2026-08-08,12:42:27.190,3.2,0.0,-39,-49,100,10,0,8,10,-31,100,11,12.5,0.0,0,0,-3,-4,-427,4,30,-1024,-3,-939,-31,-1,-1,-1,-1,-1,1,0,-1,0x0000000000000000,1511,1415,1533,1520,2012,1537,1522,1260,1701,1261,1500,1500,1500,1500,1500,1500,1500,1500,1500,1500,1500,1500,1500,1500,1500,1500,1500,1500,1500,1500,1500,1500,7.4
2026-08-08,12:42:27.690,3.2,-0.1,-36,-49,100,11,0,8,10,-29,100,11,12.5,0.0,0,0,-10,-4,78,4,29,-1024,-3,-938,-31,-1,-1,-1,-1,-1,1,0,-1,0x0000000000000000,1509,1398,1533,1520,2012,1537,1522,1260,1701,1513,1500,1500,1500,1500,1500,1500,1500,1500,1500,1500,1500,1500,1500,1500,1500,1500,1500,1500,1500,1500,1500,1500,7.4
2026-08-08,12:42:28.190,3.2,-0.1,-36,-49,100,11,0,8,10,-30,100,10,12.5,0.0,0,0,-3,-4,498,4,30,-1024,-3,-936,-32,-1,-1,-1,-1,-1,1,0,-1,0x0000000000000000,1511,1385,1533,1520,2012,1537,1522,1260,1701,1723,1500,1500,1500,1500,1500,1500,1500,1500,1500,1500,1500,1500,1500,1500,1500,1500,1500,1500,1500,1500,1500,1500,7.4
2026-08-08,12:42:28.690,3.0,-0.2,-41,-40,100,12,1,8,10,-33,100,11,12.4,0.0,0,0,-4,-4,738,4,30,-1024,-3,-936,-31,-1,-1,-1,-1,-1,1,0,-1,0x0000000000000000,1511,1377,1533,1520,2012,1537,1522,1260,1701,1843,1500,1500,1500,1500,1500,1500,1500,1500,1500,1500,1500,1500,1500,1500,1500,1500,1500,1500,1500,1500,1500,1500,7.4
2026-08-08,12:42:29.190,2.6,-0.5,-41,-45,100,12,1,8,10,-37,100,11,12.4,0.0,0,0,-5,-4,743,4,29,-1024,-3,-936,-32,-1,-1,-1,-1,-1,1,0,-1,0x0000000000000000,1510,1377,1533,1520,2012,1537,1522,1260,1701,1846,1500,1500,1500,1500,1500,1500,1500,1500,1500,1500,1500,1500,1500,1500,1500,1500,1500,1500,1500,1500,1500,1500,7.4
2026-08-08,12:42:29.690,3.3,0.6,-41,-41,100,12,1,8,10,-35,100,10,12.3,0.0,0,0,-5,-3,742,4,30,-1024,-3,-918,-31,-1,-1,-1,-1,-1,1,0,-1,0x0000000000000000,1510,1376,1533,1520,2012,1537,1522,1260,1701,1845,1500,1500,1500,1500,1500,1500,1500,1500,1500,1500,1500,1500,1500,1500,1500,1500,1500,1500,1500,1500,1500,1500,7.4
2026-08-08,12:42:30.190,5.0,3.2,-56,-56,100,12,0,8,10,-47,100,11,12.3,0.0,0,0,-5,-4,743,4,29,-1024,-3,-915,-31,-1,-1,-1,-1,-1,1,0,-1,0x0000000000000000,1510,1377,1533,1520,2012,1537,1522,1260,1701,1846,1500,1500,1500,1500,1500,1500,1500,1500,1500,1500,1500,1500,1500,1500,1500,1500,1500,1500,1500,1500,1500,1500,7.4
2026-08-08,12:42:30.690,6.5,3.4,-57,-56,100,12,0,8,10,-54,100,11,12.3,0.0,0,0,-5,-40,743,-55,30,-1024,-3,-916,-31,-1,-1,-1,-1,-1,1,0,-1,0x0000000000000000,1510,1385,1517,1510,2012,1519,1511,1260,1701,1846,1500,1500,1500,1500,1500,1500,1500,1500,1500,1500,1500,1500,1500,1500,1500,1500,1500,1500,1500,1500,1500,1500,7.4
2026-08-08,12:42:31.190,8.0,2.8,-55,-56,100,10,0,8,10,-48,100,12,12.3,0.0,0,0,-5,-85,743,698,29,-1024,-3,-916,-31,-1,-1,-1,-1,-1,1,0,-1,0x0000000000000000,1510,1400,1719,1633,2012,1743,1643,1260,1701,1846,1500,1500,1500,1500,1500,1500,1500,1500,1500,1500,1500,1500,1500,1500,1500,1500,1500,1500,1500,1500,1500,1500,7.4
2026-08-08,12:42:31.690,8.7,1.7,-60,-56,100,10,0,8,10,-55,100,11,12.3,0.0,0,0,-5,-719,743,220,29,-1024,-3,-916,-32,-1,-1,-1,-1,-1,1,0,-1,0x0000000000000000,1510,1597,1591,1555,2012,1601,1559,1260,1701,1846,1500,1500,1500,1500,1500,1500,1500,1500,1500,1500,1500,1500,1500,1500,1500,1500,1500,1500,1500,1500,1500,1500,7.4
2026-08-08,12:42:32.190,10.4,3.5,-64,-76,100,11,0,8,10,-55,100,11,12.3,0.0,0,0,-5,-116,743,891,29,-1024,-3,-916,-31,-1,-1,-1,-1,-1,1,0,-1,0x0000000000000000,1510,1404,1771,1665,2012,1801,1677,1260,1701,1846,1500,1500,1500,1500,1500,1500,1500,1500,1500,1500,1500,1500,1500,1500,1500,1500,1500,1500,1500,1500,1500,1500,7.4
2026-08-08,12:42:32.690,11.0,1.2,-63,-75,100,11,0,8,10,-62,100,11,12.2,0.0,0,0,-5,-410,743,318,29,-1024,-3,-916,-32,-1,-1,-1,-1,-1,1,0,-1,0x0000000000000000,1510,1484,1617,1571,2012,1630,1577,1260,1701,1846,1500,1500,1500,1500,1500,1500,1500,1500,1500,1500,1500,1500,1500,1500,1500,1500,1500,1500,1500,1500,1500,1500,7.4
2026-08-08,12:42:33.190,12.9,3.6,-68,-84,100,12,0,8,10,-61,96,10,12.2,0.0,0,0,-5,-5,743,5,30,-1024,-3,-916,-32,-1,-1,-1,-1,-1,1,0,-1,0x0000000000000000,1510,1377,1533,1520,2012,1537,1522,1260,1701,1846,1500,1500,1500,1500,1500,1500,1500,1500,1500,1500,1500,1500,1500,1500,1500,1500,1500,1500,1500,1500,1500,1500,7.4
2026-08-08,12:42:33.690,14.2,2.7,-67,-84,100,11,0,8,10,-64,100,11,12.2,0.0,0,0,-5,-10,743,7,30,-1024,-3,-916,-32,-1,-1,-1,-1,-1,1,0,-1,0x0000000000000000,1510,1378,1534,1521,2012,1538,1522,1260,1701,1846,1500,1500,1500,1500,1500,1500,1500,1500,1500,1500,1500,1500,1500,1500,1500,1500,1500,1500,1500,1500,1500,1500,7.4
2026-08-08,12:42:34.190,14.3,0.2,-67,-84,100,12,0,8,10,-67,100,10,12.2,0.0,0,0,-6,-552,743,8,30,-1024,-3,-916,-31,-1,-1,-1,-1,-1,1,0,-1,0x0000000000000000,1510,1532,1534,1521,2012,1538,1522,1260,1701,1846,1500,1500,1500,1500,1500,1500,1500,1500,1500,1500,1500,1500,1500,1500,1500,1500,1500,1500,1500,1500,1500,1500,7.4
2026-08-08,12:42:34.690,17.8,5.5,-72,-91,99,11,0,8,10,-68,100,10,12.2,0.0,0,0,-5,-6,743,608,30,-1024,-3,-916,-31,-1,-1,-1,-1,-1,1,0,-1,0x0000000000000000,1510,1377,1695,1619,2012,1716,1627,1260,1701,1846,1500,1500,1500,1500,1500,1500,1500,1500,1500,1500,1500,1500,1500,1500,1500,1500,1500,1500,1500,1500,1500,1500,7.4
2026-08-08,12:42:35.190,20.2,5.8,-72,-91,100,11,0,8,10,-68,100,10,12.2,0.0,0,0,-6,-6,743,6,30,-1024,-3,-916,-32,-1,-1,-1,-1,-1,1,0,-1,0x0000000000000000,1510,1377,1533,1520,2012,1537,1522,1260,1701,1846,1500,1500,1500,1500,1500,1500,1500,1500,1500,1500,1500,1500,1500,1500,1500,1500,1500,1500,1500,1500,1500,1500,7.4
2026-08-08,12:42:35.690,22.2,3.9,-70,-91,100,11,0,8,10,-62,100,11,12.2,0.0,0,0,-6,-470,743,491,29,-1024,-3,-916,-32,-1,-1,-1,-1,-1,1,0,-1,0x0000000000000000,1510,1503,1664,1600,2012,1682,1607,1260,1701,1846,1500,1500,1500,1500,1500,1500,1500,1500,1500,1500,1500,1500,1500,1500,1500,1500,1500,1500,1500,1500,1500,1500,7.4
2026-08-08,12:42:36.190,24.7,5.1,-70,-91,100,11,0,8,10,-65,100,10,12.2,0.0,0,0,-6,-4,743,6,30,-1024,-3,-917,-31,-1,-1,-1,-1,-1,1,0,-1,0x0000000000000000,1510,1377,1533,1520,2012,1537,1522,1260,1701,1846,1500,1500,1500,1500,1500,1500,1500,1500,1500,1500,1500,1500,1500,1500,1500,1500,1500,1500,1500,1500,1500,1500,7.4
2026-08-08,12:42:36.690,26.9,3.7,-72,-91,100,10,0,8,10,-68,100,11,12.2,0.0,0,0,-6,-5,743,5,30,-1024,-3,-916,-32,-1,-1,-1,-1,-1,1,0,-1,0x0000000000000000,1510,1377,1533,1520,2012,1537,1522,1260,1701,1846,1500,1500,1500,1500,1500,1500,1500,1500,1500,1500,1500,1500,1500,1500,1500,1500,1500,1500,1500,1500,1500,1500,7.4
2026-08-08,12:42:37.190,28.5,2.9,-73,-91,100,10,0,8,10,-71,100,11,12.2,0.0,0,0,-4,-549,-714,92,30,-1024,-3,-916,-32,-1,-1,-1,-1,-1,1,0,-1,0x0000000000000000,1511,1585,1556,1534,2012,1563,1537,1260,1701,1118,1500,1500,1500,1500,1500,1500,1500,1500,1500,1500,1500,1500,1500,1500,1500,1500,1500,1500,1500,1500,1500,1500,7.4
2026-08-08,12:42:37.690,29.5,2.8,-76,-83,99,10,0,8,10,-72,100,11,12.2,0.0,0,0,-5,-664,1024,67,30,-1024,-3,-916,-31,-1,-1,-1,-1,-1,1,0,-1,0x0000000000000000,1510,1564,1550,1530,2012,1555,1533,1260,1701,1986,1500,1500,1500,1500,1500,1500,1500,1500,1500,1500,1500,1500,1500,1500,1500,1500,1500,1500,1500,1500,1500,1500,7.4
2026-08-08,12:42:38.190,31.8,4.3,-80,-91,98,-2,1,8,250,-79,96,11,12.2,0.0,0,0,-6,-6,1024,6,29,-1024,-3,-916,-32,-1,-1,-1,-1,-1,1,0,-1,0x0000000000000000,1510,1368,1533,1520,2012,1537,1522,1260,1701,1986,1500,1500,1500,1500,1500,1500,1500,1500,1500,1500,1500,1500,1500,1500,1500,1500,1500,1500,1500,1500,1500,1500,7.4
2026-08-08,12:42:38.690,33.0,2.2,-76,-87,100,12,0,8,10,-70,100,11,12.1,0.0,0,0,-6,-592,1024,474,29,-1024,-3,-916,-32,-1,-1,-1,-1,-1,1,0,-1,0x0000000000000000,1510,1536,1659,1597,2012,1676,1604,1260,1701,1986,1500,1500,1500,1500,1500,1500,1500,1500,1500,1500,1500,1500,1500,1500,1500,1500,1500,1500,1500,1500,1500,1500,7.4
2026-08-08,12:42:39.190,34.9,4.5,-74,-87,100,11,0,8,10,-70,100,10,12.1,0.0,0,0,-4,-24,1024,6,30,-1024,-3,-916,-32,-1,-1,-1,-1,-1,1,0,-1,0x0000000000000000,1511,1373,1533,1520,2012,1537,1522,1260,1701,1986,1500,1500,1500,1500,1500,1500,1500,1500,1500,1500,1500,1500,1500,1500,1500,1500,1500,1500,1500,1500,1500,1500,7.4
2026-08-08,12:42:39.690,37.1,4.2,-74,-87,100,11,0,8,10,-69,100,11,12.1,0.0,0,0,-5,-562,1024,-205,30,-1024,-3,-916,-32,-1,-1,-1,-1,-1,1,0,-1,0x0000000000000000,1510,1525,1480,1487,2012,1474,1485,1260,1701,1986,1500,1500,1500,1500,1500,1500,1500,1500,1500,1500,1500,1500,1500,1500,1500,1500,1500,1500,1500,1500,1500,1500,7.4
2026-08-08,12:42:40.190,38.9,4.5,-74,-87,100,11,0,8,10,-70,100,10,12.1,0.0,0,0,-6,-6,1024,4,30,-1024,-3,-916,-31,-1,-1,-1,-1,-1,1,0,-1,0x0000000000000000,1510,1368,1533,1520,2012,1537,1522,1260,1701,1986,1500,1500,1500,1500,1500,1500,1500,1500,1500,1500,1500,1500,1500,1500,1500,1500,1500,1500,1500,1500,1500,1500,7.4
2026-08-08,12:42:40.690,41.7,5.0,-75,-87,100,11,0,8,10,-68,100,11,12.1,0.0,0,0,-6,-10,1024,140,29,-1024,-3,-916,-31,-1,-1,-1,-1,-1,1,0,-1,0x0000000000000000,1510,1369,1569,1542,2012,1577,1545,1260,1701,1986,1500,1500,1500,1500,1500,1500,1500,1500,1500,1500,1500,1500,1500,1500,1500,1500,1500,1500,1500,1500,1500,1500,7.4
2026-08-08,12:42:41.190,42.8,2.6,-77,-87,100,11,0,8,10,-70,100,10,12.1,0.0,0,0,-6,-270,1024,109,29,-1024,-3,-916,-32,-1,-1,-1,-1,-1,1,0,-1,0x0000000000000000,1510,1431,1561,1537,2012,1568,1540,1260,1701,1986,1500,1500,1500,1500,1500,1500,1500,1500,1500,1500,1500,1500,1500,1500,1500,1500,1500,1500,1500,1500,1500,1500,7.4
2026-08-08,12:42:41.690,45.3,4.4,-76,-87,100,8,0,8,10,-69,96,10,12.0,0.0,0,0,-6,-4,1024,5,30,-1024,-3,-916,-32,-1,-1,-1,-1,-1,1,0,-1,0x0000000000000000,1510,1367,1533,1520,2012,1537,1522,1260,1701,1986,1500,1500,1500,1500,1500,1500,1500,1500,1500,1500,1500,1500,1500,1500,1500,1500,1500,1500,1500,1500,1500,1500,7.4
2026-08-08,12:42:42.190,47.1,3.6,-75,-87,100,11,0,8,10,-72,100,8,12.0,0.0,0,0,-6,-111,1024,115,30,-1024,-3,-916,-32,-1,-1,-1,-1,-1,1,0,-1,0x0000000000000000,1510,1398,1563,1538,2012,1570,1541,1260,1701,1986,1500,1500,1500,1500,1500,1500,1500,1500,1500,1500,1500,1500,1500,1500,1500,1500,1500,1500,1500,1500,1500,1500,7.4
2026-08-08,12:42:42.690,48.3,2.4,-80,-79,100,9,1,8,10,-76,100,10,12.0,0.0,0,0,-6,-396,1024,8,30,-1024,-3,-916,-32,-1,-1,-1,-1,-1,1,0,-1,0x0000000000000000,1510,1468,1534,1521,2012,1538,1522,1260,1701,1986,1500,1500,1500,1500,1500,1500,1500,1500,1500,1500,1500,1500,1500,1500,1500,1500,1500,1500,1500,1500,1500,1500,7.4
2026-08-08,12:42:43.190,50.2,3.5,-80,-79,100,10,1,8,10,-76,100,11,12.0,0.0,0,0,-6,-284,1024,63,29,-1024,-3,-916,-32,-1,-1,-1,-1,-1,1,0,-1,0x0000000000000000,1510,1438,1549,1530,2012,1554,1532,1260,1701,1986,1500,1500,1500,1500,1500,1500,1500,1500,1500,1500,1500,1500,1500,1500,1500,1500,1500,1500,1500,1500,1500,1500,7.4
2026-08-08,12:42:43.690,52.0,3.8,-80,-78,100,8,1,8,10,-70,100,10,12.0,0.0,0,0,-6,-317,1024,272,30,-1024,-3,-916,-32,-1,-1,-1,-1,-1,1,0,-1,0x0000000000000000,1510,1447,1605,1564,2012,1616,1568,1260,1701,1986,1500,1500,1500,1500,1500,1500,1500,1500,1500,1500,1500,1500,1500,1500,1500,1500,1500,1500,1500,1500,1500,1500,7.4
2026-08-08,12:42:44.190,54.6,5.0,-80,-78,100,11,1,8,10,-73,100,10,12.0,0.0,0,0,-6,-4,1024,5,30,-1024,-3,-916,-32,-1,-1,-1,-1,-1,1,0,-1,0x0000000000000000,1510,1367,1533,1520,2012,1537,1522,1260,1701,1986,1500,1500,1500,1500,1500,1500,1500,1500,1500,1500,1500,1500,1500,1500,1500,1500,1500,1500,1500,1500,1500,1500,7.4
2026-08-08,12:42:44.690,56.5,3.2,-80,-79,100,11,1,8,10,-73,100,11,12.0,0.0,0,0,-6,-311,1024,568,29,-1024,-3,-916,-32,-1,-1,-1,-1,-1,1,0,-1,0x0000000000000000,1510,1445,1684,1612,2012,1705,1620,1260,1701,1986,1500,1500,1500,1500,1500,1500,1500,1500,1500,1500,1500,1500,1500,1500,1500,1500,1500,1500,1500,1500,1500,1500,7.4
2026-08-08,12:42:45.190,58.2,3.3,-80,-78,100,4,1,8,50,-74,100,9,12.0,0.0,0,0,-6,-9,1024,215,29,-1024,-3,-916,-31,-1,-1,-1,-1,-1,1,0,-1,0x0000000000000000,1510,1369,1590,1555,2012,1600,1559,1260,1701,1986,1500,1500,1500,1500,1500,1500,1500,1500,1500,1500,1500,1500,1500,1500,1500,1500,1500,1500,1500,1500,1500,1500,7.4
2026-08-08,12:42:45.690,60.1,3.5,-80,-81,100,9,1,8,10,-79,100,10,12.0,0.0,0,0,-6,-325,1024,304,29,-1024,-3,-916,-32,-1,-1,-1,-1,-1,1,0,-1,0x0000000000000000,1510,1448,1613,1569,2012,1626,1574,1260,1701,1986,1500,1500,1500,1500,1500,1500,1500,1500,1500,1500,1500,1500,1500,1500,1500,1500,1500,1500,1500,1500,1500,1500,7.4
2026-08-08,12:42:46.190,61.3,2.7,-80,-82,100,8,1,8,10,-80,100,10,12.0,0.0,0,0,-6,-418,1024,62,29,-1024,-3,-916,-32,-1,-1,-1,-1,-1,1,0,-1,0x0000000000000000,1510,1476,1548,1529,2012,1554,1532,1260,1701,1986,1500,1500,1500,1500,1500,1500,1500,1500,1500,1500,1500,1500,1500,1500,1500,1500,1500,1500,1500,1500,1500,1500,7.4
2026-08-08,12:42:46.690,63.6,4.3,-92,-83,100,10,1,8,10,-75,100,8,12.0,0.0,0,0,-6,1,1024,640,30,-1024,-3,-916,-31,-1,-1,-1,-1,-1,1,0,-1,0x0000000000000000,1510,1366,1703,1624,2012,1726,1633,1260,1701,1986,1500,1500,1500,1500,1500,1500,1500,1500,1500,1500,1500,1500,1500,1500,1500,1500,1500,1500,1500,1500,1500,1500,7.4
2026-08-08,12:42:47.190,65.2,3.1,-92,-80,100,11,1,8,10,-76,100,11,12.0,0.0,0,0,-6,-270,1024,6,30,-1024,-3,-916,-32,-1,-1,-1,-1,-1,1,0,-1,0x0000000000000000,1510,1434,1533,1520,2012,1537,1522,1260,1701,1986,1500,1500,1500,1500,1500,1500,1500,1500,1500,1500,1500,1500,1500,1500,1500,1500,1500,1500,1500,1500,1500,1500,7.4
2026-08-08,12:42:47.690,66.7,3.6,-92,-80,100,11,1,8,10,-73,100,11,12.0,0.0,0,0,-6,-105,1024,783,29,-1024,-3,-916,-32,-1,-1,-1,-1,-1,1,0,-1,0x0000000000000000,1510,1392,1742,1647,2012,1768,1658,1260,1701,1986,1500,1500,1500,1500,1500,1500,1500,1500,1500,1500,1500,1500,1500,1500,1500,1500,1500,1500,1500,1500,1500,1500,7.4
2026-08-08,12:42:48.190,68.0,3.1,-92,-82,100,9,1,8,25,-81,96,10,12.0,0.0,0,0,-6,-211,1024,434,29,-1024,-3,-916,-32,-1,-1,-1,-1,-1,1,0,-1,0x0000000000000000,1510,1419,1648,1590,2012,1665,1597,1260,1701,1986,1500,1500,1500,1500,1500,1500,1500,1500,1500,1500,1500,1500,1500,1500,1500,1500,1500,1500,1500,1500,1500,1500,7.4
2026-08-08,12:42:48.690,68.7,1.7,-92,-82,100,10,1,8,10,-79,100,10,12.0,0.0,0,0,-6,-389,1024,487,29,-1024,-3,-916,-31,-1,-1,-1,-1,-1,1,0,-1,0x0000000000000000,1510,1466,1662,1599,2012,1680,1606,1260,1701,1986,1500,1500,1500,1500,1500,1500,1500,1500,1500,1500,1500,1500,1500,1500,1500,1500,1500,1500,1500,1500,1500,1500,7.4
2026-08-08,12:42:49.190,71.2,4.9,-92,-83,100,8,1,8,10,-81,100,9,12.0,0.0,0,0,-6,-117,1024,77,30,-1024,-3,-917,-31,-1,-1,-1,-1,-1,1,0,-1,0x0000000000000000,1510,1393,1550,1530,2012,1555,1533,1260,1701,1986,1500,1500,1500,1500,1500,1500,1500,1500,1500,1500,1500,1500,1500,1500,1500,1500,1500,1500,1500,1500,1500,1500,7.4
2026-08-08,12:42:49.690,73.7,4.6,-92,-82,100,9,1,8,10,-76,100,10,12.0,0.0,0,0,-6,-149,1024,100,30,-1024,-3,-916,-32,-1,-1,-1,-1,-1,1,0,-1,0x0000000000000000,1510,1403,1559,1536,2012,1565,1538,1260,1701,1986,1500,1500,1500,1500,1500,1500,1500,1500,1500,1500,1500,1500,1500,1500,1500,1500,1500,1500,1500,1500,1500,1500,7.4
2026-08-08,12:42:50.190,74.9,2.4,-75,-86,100,11,0,8,10,-72,96,11,12.0,0.0,0,0,-6,-449,1024,232,29,-1024,-3,-916,-32,-1,-1,-1,-1,-1,1,0,-1,0x0000000000000000,1510,1486,1594,1557,2012,1604,1561,1260,1701,1986,1500,1500,1500,1500,1500,1500,1500,1500,1500,1500,1500,1500,1500,1500,1500,1500,1500,1500,1500,1500,1500,1500,7.4
2026-08-08,12:42:50.690,78.1,5.3,-73,-86,100,11,0,8,10,-67,100,11,12.0,0.0,0,0,-6,-6,1024,5,30,-1024,-3,-916,-32,-1,-1,-1,-1,-1,1,0,-1,0x0000000000000000,1510,1368,1533,1520,2012,1537,1522,1260,1701,1986,1500,1500,1500,1500,1500,1500,1500,1500,1500,1500,1500,1500,1500,1500,1500,1500,1500,1500,1500,1500,1500,1500,7.4
2026-08-08,12:42:51.190,79.8,3.0,-74,-86,100,11,0,8,10,-69,100,10,12.0,0.0,0,0,-6,-478,1024,115,30,-1024,-3,-916,-31,-1,-1,-1,-1,-1,1,0,-1,0x0000000000000000,1510,1496,1563,1538,2012,1570,1541,1260,1701,1986,1500,1500,1500,1500,1500,1500,1500,1500,1500,1500,1500,1500,1500,1500,1500,1500,1500,1500,1500,1500,1500,1500,7.4
2026-08-08,12:42:51.690,81.1,3.0,-75,-86,100,11,0,8,10,-73,92,11,12.0,0.0,0,0,-6,-138,1024,60,30,-1024,-3,-916,-32,-1,-1,-1,-1,-1,1,0,-1,0x0000000000000000,1510,1400,1548,1529,2012,1553,1531,1260,1701,1986,1500,1500,1500,1500,1500,1500,1500,1500,1500,1500,1500,1500,1500,1500,1500,1500,1500,1500,1500,1500,1500,1500,7.4
2026-08-08,12:42:52.190,85.2,6.3,-78,-86,100,11,0,8,10,-73,96,11,12.0,0.0,0,0,-6,-5,1024,5,29,-1024,-3,-916,-32,-1,-1,-1,-1,-1,1,0,-1,0x0000000000000000,1510,1368,1533,1520,2012,1537,1522,1260,1701,1986,1500,1500,1500,1500,1500,1500,1500,1500,1500,1500,1500,1500,1500,1500,1500,1500,1500,1500,1500,1500,1500,1500,7.5
2026-08-08,12:42:52.690,87.3,5.3,-84,-84,100,7,1,8,10,-77,96,11,12.0,0.0,0,0,-6,-50,1024,5,30,-1024,-3,-916,-32,-1,-1,-1,-1,-1,1,0,-1,0x0000000000000000,1510,1379,1533,1520,2012,1537,1522,1260,1701,1986,1500,1500,1500,1500,1500,1500,1500,1500,1500,1500,1500,1500,1500,1500,1500,1500,1500,1500,1500,1500,1500,1500,7.5
2026-08-08,12:42:53.190,89.2,4.0,-84,-85,100,8,1,8,10,-82,96,10,12.0,0.0,0,0,-6,-90,1024,5,30,-1024,-3,-916,-32,-1,-1,-1,-1,-1,1,0,-1,0x0000000000000000,1510,1389,1533,1520,2012,1537,1522,1260,1701,1986,1500,1500,1500,1500,1500,1500,1500,1500,1500,1500,1500,1500,1500,1500,1500,1500,1500,1500,1500,1500,1500,1500,7.5
2026-08-08,12:42:53.690,90.3,2.3,-84,-86,100,7,1,8,10,-82,100,9,12.0,0.0,0,0,-6,-411,1024,5,30,-1024,-3,-916,-32,-1,-1,-1,-1,-1,1,0,-1,0x0000000000000000,1510,1474,1533,1520,2012,1537,1522,1260,1701,1986,1500,1500,1500,1500,1500,1500,1500,1500,1500,1500,1500,1500,1500,1500,1500,1500,1500,1500,1500,1500,1500,1500,7.5
2026-08-08,12:42:54.190,90.8,1.8,-84,-85,100,5,1,8,25,-87,100,9,12.0,0.0,0,0,-6,-584,1024,-264,30,-1024,-3,-916,-32,-1,-1,-1,-1,-1,1,0,-1,0x0000000000000000,1510,1533,1466,1479,2012,1457,1475,1260,1701,1986,1500,1500,1500,1500,1500,1500,1500,1500,1500,1500,1500,1500,1500,1500,1500,1500,1500,1500,1500,1500,1500,1500,7.5
2026-08-08,12:42:54.690,94.0,6.5,-84,-86,100,5,1,8,50,-93,96,6,12.0,0.0,0,0,-6,-314,1024,-835,30,-1024,-3,-916,-32,-1,-1,-1,-1,-1,1,0,-1,0x0000000000000000,1510,1446,1332,1393,2012,1285,1375,1260,1701,1986,1500,1500,1500,1500,1500,1500,1500,1500,1500,1500,1500,1500,1500,1500,1500,1500,1500,1500,1500,1500,1500,1500,7.5
2026-08-08,12:42:55.190,97.8,7.2,-84,-86,100,11,1,8,50,-88,96,0,12.0,0.0,0,0,-6,-5,1024,4,30,-1024,-3,-916,-32,-1,-1,-1,-1,-1,1,0,-1,0x0000000000000000,1510,1368,1533,1520,2012,1537,1522,1260,1701,1986,1500,1500,1500,1500,1500,1500,1500,1500,1500,1500,1500,1500,1500,1500,1500,1500,1500,1500,1500,1500,1500,1500,7.5
2026-08-08,12:42:55.690,100.9,6.0,-77,-89,100,10,0,8,10,-79,76,10,12.0,0.0,0,0,-6,-214,1024,6,30,-1024,-3,-916,-31,-1,-1,-1,-1,-1,1,0,-1,0x0000000000000000,1510,1420,1533,1520,2012,1537,1522,1260,1701,1986,1500,1500,1500,1500,1500,1500,1500,1500,1500,1500,1500,1500,1500,1500,1500,1500,1500,1500,1500,1500,1500,1500,7.5
2026-08-08,12:42:56.190,102.7,4.0,-84,-89,98,8,0,8,10,-79,88,9,12.0,0.0,0,0,-6,-562,1024,17,30,-1024,-3,-916,-31,-1,-1,-1,-1,-1,1,0,-1,0x0000000000000000,1510,1520,1537,1522,2012,1541,1524,1260,1701,1986,1500,1500,1500,1500,1500,1500,1500,1500,1500,1500,1500,1500,1500,1500,1500,1500,1500,1500,1500,1500,1500,1500,7.5
2026-08-08,12:42:56.690,106.7,6.8,-81,-89,100,6,0,8,10,-73,100,11,12.0,0.0,0,0,-6,-5,1024,4,30,-1024,-3,-916,-32,-1,-1,-1,-1,-1,1,0,-1,0x0000000000000000,1510,1368,1533,1520,2012,1537,1522,1260,1701,1986,1500,1500,1500,1500,1500,1500,1500,1500,1500,1500,1500,1500,1500,1500,1500,1500,1500,1500,1500,1500,1500,1500,7.5
2026-08-08,12:42:57.190,109.2,5.8,-80,-89,100,11,0,8,10,-75,96,11,12.0,0.0,0,0,-6,-9,1024,5,30,-1024,-3,-916,-32,-1,-1,-1,-1,-1,1,0,-1,0x0000000000000000,1510,1369,1533,1520,2012,1537,1522,1260,1701,1986,1500,1500,1500,1500,1500,1500,1500,1500,1500,1500,1500,1500,1500,1500,1500,1500,1500,1500,1500,1500,1500,1500,7.5
2026-08-08,12:42:57.690,111.1,3.7,-80,-89,100,9,0,8,10,-77,100,11,11.9,0.0,0,0,-6,-30,1024,467,29,-1024,-3,-916,-31,-1,-1,-1,-1,-1,1,0,-1,0x0000000000000000,1510,1374,1657,1596,2012,1674,1603,1260,1701,1986,1500,1500,1500,1500,1500,1500,1500,1500,1500,1500,1500,1500,1500,1500,1500,1500,1500,1500,1500,1500,1500,1500,7.5
2026-08-08,12:42:58.190,113.1,3.3,-81,-89,100,9,0,8,10,-76,100,10,11.9,0.0,0,0,-6,-61,1024,209,29,-1024,-3,-916,-32,-1,-1,-1,-1,-1,1,0,-1,0x0000000000000000,1510,1378,1582,1550,2012,1592,1554,1260,1701,1986,1500,1500,1500,1500,1500,1500,1500,1500,1500,1500,1500,1500,1500,1500,1500,1500,1500,1500,1500,1500,1500,1500,7.5
2026-08-08,12:42:58.690,114.5,3.0,-81,-89,100,7,0,8,10,-77,96,11,11.9,0.0,0,0,-6,-578,1024,1,30,-1024,-3,-916,-32,-1,-1,-1,-1,-1,1,0,-1,0x0000000000000000,1510,1531,1532,1520,2012,1536,1521,1260,1701,1986,1500,1500,1500,1500,1500,1500,1500,1500,1500,1500,1500,1500,1500,1500,1500,1500,1500,1500,1500,1500,1500,1500,7.5
2026-08-08,12:42:59.190,117.0,4.6,-80,-89,100,9,0,8,10,-73,96,10,11.9,0.0,0,0,-6,-6,1024,5,30,-1024,-3,-916,-31,-1,-1,-1,-1,-1,1,0,-1,0x0000000000000000,1510,1368,1533,1520,2012,1537,1522,1260,1701,1986,1500,1500,1500,1500,1500,1500,1500,1500,1500,1500,1500,1500,1500,1500,1500,1500,1500,1500,1500,1500,1500,1500,7.5
2026-08-08,12:42:59.690,119.3,4.0,-80,-89,100,1,0,8,100,-77,100,11,11.9,0.0,0,0,-6,-137,1024,9,30,-1024,-3,-916,-32,-1,-1,-1,-1,-1,1,0,-1,0x0000000000000000,1510,1400,1534,1521,2012,1538,1522,1260,1701,1986,1500,1500,1500,1500,1500,1500,1500,1500,1500,1500,1500,1500,1500,1500,1500,1500,1500,1500,1500,1500,1500,1500,7.5
2026-08-08,12:43:00.190,121.0,3.3,-84,-77,100,9,1,8,10,-80,100,9,11.9,0.0,0,0,-6,-73,1024,6,30,-1024,-3,-916,-31,-1,-1,-1,-1,-1,1,0,-1,0x0000000000000000,1510,1385,1533,1520,2012,1537,1522,1260,1701,1986,1500,1500,1500,1500,1500,1500,1500,1500,1500,1500,1500,1500,1500,1500,1500,1500,1500,1500,1500,1500,1500,1500,7.5
2026-08-08,12:43:00.690,121.4,1.3,-87,-86,100,6,1,8,10,-82,100,9,11.9,0.0,0,0,-6,-6,345,4,30,-1024,-3,-916,-32,-1,-1,-1,-1,-1,1,0,-1,0x0000000000000000,1510,1390,1533,1520,2012,1537,1522,1260,1701,1647,1500,1500,1500,1500,1500,1500,1500,1500,1500,1500,1500,1500,1500,1500,1500,1500,1500,1500,1500,1500,1500,1500,7.5
2026-08-08,12:43:01.190,121.7,0.3,-87,-86,100,7,1,8,10,-78,100,11,11.9,0.0,0,0,-4,954,-1004,3,30,-1024,-3,-916,-31,-1,-1,-1,-1,-1,1,0,-1,0x0000000000000000,1511,1125,1533,1520,2012,1537,1522,1260,1701,988,1500,1500,1500,1500,1500,1500,1500,1500,1500,1500,1500,1500,1500,1500,1500,1500,1500,1500,1500,1500,1500,1500,7.5
2026-08-08,12:43:01.690,120.4,-3.2,-87,-86,100,8,1,8,25,-87,92,7,12.1,0.0,0,0,-5,-114,-1004,1021,29,-1024,-3,-916,-32,-1,-1,-1,-1,-1,1,0,-1,0x0000000000000000,1510,1460,1806,1686,2012,1839,1700,1260,1701,988,1500,1500,1500,1500,1500,1500,1500,1500,1500,1500,1500,1500,1500,1500,1500,1500,1500,1500,1500,1500,1500,1500,7.5
2026-08-08,12:43:02.190,116.3,-6.9,-81,-83,99,9,0,8,10,-74,100,10,12.1,0.0,0,0,-5,-497,-1004,445,30,-1024,-3,-916,-31,-1,-1,-1,-1,-1,1,0,-1,0x0000000000000000,1510,1577,1651,1592,2012,1668,1599,1260,1701,988,1500,1500,1500,1500,1500,1500,1500,1500,1500,1500,1500,1500,1500,1500,1500,1500,1500,1500,1500,1500,1500,1500,7.5
2026-08-08,12:43:02.690,114.2,-4.0,-81,-83,100,10,0,8,10,-75,100,10,12.1,0.0,0,0,-5,-4,-1004,5,30,-1024,-3,-916,-32,-1,-1,-1,-1,-1,1,0,-1,0x0000000000000000,1510,1433,1533,1520,2012,1537,1522,1260,1701,988,1500,1500,1500,1500,1500,1500,1500,1500,1500,1500,1500,1500,1500,1500,1500,1500,1500,1500,1500,1500,1500,1500,7.5
2026-08-08,12:43:03.190,112.5,-3.3,-79,-83,100,8,0,8,10,-75,100,10,12.1,0.0,0,0,-5,0,-1004,920,29,-1024,-3,-916,-32,-1,-1,-1,-1,-1,1,0,-1,0x0000000000000000,1510,1433,1778,1670,2012,1809,1682,1260,1701,988,1500,1500,1500,1500,1500,1500,1500,1500,1500,1500,1500,1500,1500,1500,1500,1500,1500,1500,1500,1500,1500,1500,7.5
2026-08-08,12:43:03.690,111.7,-1.2,-82,-83,100,8,0,8,10,-80,92,10,12.1,0.0,0,0,-5,-3,-1004,573,29,-1024,-3,-916,-32,-1,-1,-1,-1,-1,1,0,-1,0x0000000000000000,1510,1433,1685,1613,2012,1706,1621,1260,1701,988,1500,1500,1500,1500,1500,1500,1500,1500,1500,1500,1500,1500,1500,1500,1500,1500,1500,1500,1500,1500,1500,1500,7.5
2026-08-08,12:43:04.190,111.9,0.2,-80,-83,100,11,0,8,10,-75,96,11,12.1,0.0,0,0,-5,-3,-1004,5,30,-1024,-3,-916,-31,-1,-1,-1,-1,-1,1,0,-1,0x0000000000000000,1510,1433,1533,1520,2012,1537,1522,1260,1701,988,1500,1500,1500,1500,1500,1500,1500,1500,1500,1500,1500,1500,1500,1500,1500,1500,1500,1500,1500,1500,1500,1500,7.5
2026-08-08,12:43:04.690,112.1,0.4,-82,-83,100,10,0,8,10,-79,92,9,12.1,0.0,0,0,-5,-5,-1004,5,30,-1024,-3,-916,-32,-1,-1,-1,-1,-1,1,0,-1,0x0000000000000000,1510,1434,1533,1520,2012,1537,1522,1260,1701,988,1500,1500,1500,1500,1500,1500,1500,1500,1500,1500,1500,1500,1500,1500,1500,1500,1500,1500,1500,1500,1500,1500,7.5
2026-08-08,12:43:05.190,112.8,0.9,-80,-83,100,11,0,8,10,-72,100,11,12.1,0.0,0,0,-4,-2,-1004,6,30,-1024,-3,-916,-32,-1,-1,-1,-1,-1,1,0,-1,0x0000000000000000,1511,1433,1533,1520,2012,1537,1522,1260,1701,988,1500,1500,1500,1500,1500,1500,1500,1500,1500,1500,1500,1500,1500,1500,1500,1500,1500,1500,1500,1500,1500,1500,7.5
2026-08-08,12:43:05.690,112.9,1.0,-80,-83,100,10,0,8,10,-76,96,10,12.1,0.0,0,0,-5,-3,-1004,5,30,-1024,-3,-916,-31,-1,-1,-1,-1,-1,1,0,-1,0x0000000000000000,1510,1433,1533,1520,2012,1537,1522,1260,1701,988,1500,1500,1500,1500,1500,1500,1500,1500,1500,1500,1500,1500,1500,1500,1500,1500,1500,1500,1500,1500,1500,1500,7.5
2026-08-08,12:43:06.190,113.8,1.5,-78,-83,100,7,0,8,10,-75,100,10,12.1,0.0,0,0,-5,-5,-1004,29,29,-1024,-3,-916,-32,-1,-1,-1,-1,-1,1,0,-1,0x0000000000000000,1510,1434,1540,1524,2012,1544,1526,1260,1701,988,1500,1500,1500,1500,1500,1500,1500,1500,1500,1500,1500,1500,1500,1500,1500,1500,1500,1500,1500,1500,1500,1500,7.5
2026-08-08,12:43:06.690,115.2,2.5,-77,-83,100,10,0,8,10,-74,100,11,12.1,0.0,0,0,-5,-3,-1004,5,30,-1024,-3,-916,-32,-1,-1,-1,-1,-1,1,0,-1,0x0000000000000000,1510,1433,1533,1520,2012,1537,1522,1260,1701,988,1500,1500,1500,1500,1500,1500,1500,1500,1500,1500,1500,1500,1500,1500,1500,1500,1500,1500,1500,1500,1500,1500,7.5
2026-08-08,12:43:07.190,116.4,2.4,-77,-83,100,10,0,8,10,-71,96,10,12.1,0.0,0,0,-5,-3,-1004,5,29,-1024,-3,-916,-31,-1,-1,-1,-1,-1,1,0,-1,0x0000000000000000,1510,1433,1533,1520,2012,1537,1522,1260,1701,988,1500,1500,1500,1500,1500,1500,1500,1500,1500,1500,1500,1500,1500,1500,1500,1500,1500,1500,1500,1500,1500,1500,7.5
2026-08-08,12:43:07.690,117.1,1.3,-77,-83,100,10,0,8,10,-73,100,10,12.1,0.0,0,0,-4,-3,-1004,5,30,-1024,-3,-916,-31,-1,-1,-1,-1,-1,1,0,-1,0x0000000000000000,1511,1433,1533,1520,2012,1537,1522,1260,1701,988,1500,1500,1500,1500,1500,1500,1500,1500,1500,1500,1500,1500,1500,1500,1500,1500,1500,1500,1500,1500,1500,1500,7.5
2026-08-08,12:43:08.190,117.1,0.0,-79,-83,100,9,0,8,10,-75,100,10,12.1,0.0,0,0,-5,-3,-1004,5,30,-1024,-3,-916,-32,-1,-1,-1,-1,-1,1,0,-1,0x0000000000000000,1510,1433,1533,1520,2012,1537,1522,1260,1701,988,1500,1500,1500,1500,1500,1500,1500,1500,1500,1500,1500,1500,1500,1500,1500,1500,1500,1500,1500,1500,1500,1500,7.5
2026-08-08,12:43:08.690,116.7,-0.7,-79,-83,100,10,0,8,10,-76,100,10,12.1,0.0,0,0,-4,-6,-1004,636,29,-1024,-3,-916,-32,-1,-1,-1,-1,-1,1,0,-1,0x0000000000000000,1511,1434,1702,1623,2012,1724,1632,1260,1701,988,1500,1500,1500,1500,1500,1500,1500,1500,1500,1500,1500,1500,1500,1500,1500,1500,1500,1500,1500,1500,1500,1500,7.5
2026-08-08,12:43:09.190,115.8,-1.5,-79,-91,100,10,0,8,10,-76,96,10,12.2,0.0,0,0,827,-3,-1004,6,30,-1024,-3,-916,-32,-1,-1,-1,-1,-1,1,0,-1,0x0000000000000000,1776,1433,1533,1520,2012,1537,1522,1260,1701,988,1500,1500,1500,1500,1500,1500,1500,1500,1500,1500,1500,1500,1500,1500,1500,1500,1500,1500,1500,1500,1500,1500,7.5
2026-08-08,12:43:09.690,115.0,-1.7,-80,-91,100,10,0,8,10,-75,100,9,12.2,0.0,0,0,-4,-3,-1004,5,30,-1024,-3,-916,-32,-1,-1,-1,-1,-1,1,0,-1,0x0000000000000000,1511,1433,1533,1520,2012,1537,1522,1260,1701,988,1500,1500,1500,1500,1500,1500,1500,1500,1500,1500,1500,1500,1500,1500,1500,1500,1500,1500,1500,1500,1500,1500,7.5
2026-08-08,12:43:10.190,114.2,-1.7,-79,-92,99,7,0,8,10,-77,100,10,12.2,0.0,0,0,-4,-338,-1004,370,29,-1024,-3,-916,-31,-1,-1,-1,-1,-1,1,0,-1,0x0000000000000000,1511,1526,1631,1580,2012,1645,1586,1260,1701,988,1500,1500,1500,1500,1500,1500,1500,1500,1500,1500,1500,1500,1500,1500,1500,1500,1500,1500,1500,1500,1500,1500,7.5
2026-08-08,12:43:10.690,113.2,-1.7,-78,-94,99,10,0,8,10,-75,100,10,12.2,0.0,0,0,183,-3,-1005,5,30,-1024,-3,-916,-31,-1,-1,-1,-1,-1,1,0,-1,0x0000000000000000,1560,1433,1533,1520,2012,1537,1522,1260,1701,988,1500,1500,1500,1500,1500,1500,1500,1500,1500,1500,1500,1500,1500,1500,1500,1500,1500,1500,1500,1500,1500,1500,7.5
2026-08-08,12:43:11.190,112.8,-1.0,-83,-101,96,10,0,8,10,-74,100,6,12.2,0.0,0,0,170,-4,-1004,5,30,-1024,-3,-916,-32,-1,-1,-1,-1,-1,1,0,-1,0x0000000000000000,1557,1433,1533,1520,2012,1537,1522,1260,1701,988,1500,1500,1500,1500,1500,1500,1500,1500,1500,1500,1500,1500,1500,1500,1500,1500,1500,1500,1500,1500,1500,1500,7.5
2026-08-08,12:43:11.690,112.2,-1.1,-81,-101,100,9,0,8,10,-75,100,11,12.2,0.0,0,0,-4,-268,-1004,111,29,-1024,-3,-916,-32,-1,-1,-1,-1,-1,1,0,-1,0x0000000000000000,1511,1504,1562,1538,2012,1569,1540,1260,1701,988,1500,1500,1500,1500,1500,1500,1500,1500,1500,1500,1500,1500,1500,1500,1500,1500,1500,1500,1500,1500,1500,1500,7.5
2026-08-08,12:43:12.190,112.5,0.5,-80,-93,96,10,0,8,10,-74,100,11,12.2,0.0,0,0,-5,-3,-1004,5,29,-1024,-3,-916,-31,-1,-1,-1,-1,-1,1,0,-1,0x0000000000000000,1510,1433,1533,1520,2012,1537,1522,1260,1701,988,1500,1500,1500,1500,1500,1500,1500,1500,1500,1500,1500,1500,1500,1500,1500,1500,1500,1500,1500,1500,1500,1500,7.5
2026-08-08,12:43:12.690,112.8,0.5,-81,-91,98,10,0,8,10,-78,100,10,12.2,0.0,0,0,-5,-3,-1004,5,30,-1024,-3,-916,-31,-1,-1,-1,-1,-1,1,0,-1,0x0000000000000000,1510,1433,1533,1520,2012,1537,1522,1260,1701,988,1500,1500,1500,1500,1500,1500,1500,1500,1500,1500,1500,1500,1500,1500,1500,1500,1500,1500,1500,1500,1500,1500,7.5
2026-08-08,12:43:13.190,113.1,0.6,-82,-91,100,9,0,8,10,-79,100,11,12.2,0.0,0,0,-5,-4,-1004,5,30,-1024,-3,-916,-32,-1,-1,-1,-1,-1,1,0,-1,0x0000000000000000,1510,1433,1533,1520,2012,1537,1522,1260,1701,988,1500,1500,1500,1500,1500,1500,1500,1500,1500,1500,1500,1500,1500,1500,1500,1500,1500,1500,1500,1500,1500,1500,7.5
2026-08-08,12:43:13.690,113.5,0.6,-83,-91,100,10,0,8,10,-79,100,10,12.2,0.0,0,0,-5,-3,-1004,6,30,-1024,-3,-916,-32,-1,-1,-1,-1,-1,1,0,-1,0x0000000000000000,1510,1433,1533,1520,2012,1537,1522,1260,1701,988,1500,1500,1500,1500,1500,1500,1500,1500,1500,1500,1500,1500,1500,1500,1500,1500,1500,1500,1500,1500,1500,1500,7.5
2026-08-08,12:43:14.190,113.6,0.1,-84,-91,100,8,0,8,10,-78,100,10,12.2,0.0,0,0,-5,-6,-1004,6,30,-1024,-3,-916,-31,-1,-1,-1,-1,-1,1,0,-1,0x0000000000000000,1510,1434,1533,1520,2012,1537,1522,1260,1701,988,1500,1500,1500,1500,1500,1500,1500,1500,1500,1500,1500,1500,1500,1500,1500,1500,1500,1500,1500,1500,1500,1500,7.5
2026-08-08,12:43:14.690,114.5,1.2,-81,-94,98,10,0,8,10,-79,92,10,12.2,0.0,0,0,-5,-3,-1004,5,30,-1024,-3,-916,-32,-1,-1,-1,-1,-1,1,0,-1,0x0000000000000000,1510,1433,1533,1520,2012,1537,1522,1260,1701,988,1500,1500,1500,1500,1500,1500,1500,1500,1500,1500,1500,1500,1500,1500,1500,1500,1500,1500,1500,1500,1500,1500,7.5
2026-08-08,12:43:15.190,114.7,0.6,-84,-92,99,6,0,8,25,-90,100,5,12.2,0.0,0,0,-5,-6,-1004,8,29,-1024,-3,-916,-31,-1,-1,-1,-1,-1,1,0,-1,0x0000000000000000,1510,1434,1534,1521,2012,1538,1522,1260,1701,988,1500,1500,1500,1500,1500,1500,1500,1500,1500,1500,1500,1500,1500,1500,1500,1500,1500,1500,1500,1500,1500,1500,7.5
2026-08-08,12:43:15.690,115.4,1.5,-86,-86,100,10,1,8,100,-90,76,7,12.2,0.0,0,0,-5,-4,-1004,6,30,-1024,-3,-916,-32,-1,-1,-1,-1,-1,1,0,-1,0x0000000000000000,1510,1433,1533,1520,2012,1537,1522,1260,1701,988,1500,1500,1500,1500,1500,1500,1500,1500,1500,1500,1500,1500,1500,1500,1500,1500,1500,1500,1500,1500,1500,1500,7.5
2026-08-08,12:43:16.190,115.9,0.8,-86,-87,100,3,1,8,100,-85,92,9,12.2,0.0,0,0,-5,-3,-1004,6,30,-1024,-3,-916,-32,-1,-1,-1,-1,-1,1,0,-1,0x0000000000000000,1510,1433,1533,1520,2012,1537,1522,1260,1701,988,1500,1500,1500,1500,1500,1500,1500,1500,1500,1500,1500,1500,1500,1500,1500,1500,1500,1500,1500,1500,1500,1500,7.5
2026-08-08,12:43:16.690,116.7,1.4,-87,-92,97,4,0,8,50,-83,92,0,12.2,0.0,0,0,-4,-2,-1004,5,30,-1024,-3,-916,-31,-1,-1,-1,-1,-1,1,0,-1,0x0000000000000000,1511,1433,1533,1520,2012,1537,1522,1260,1701,988,1500,1500,1500,1500,1500,1500,1500,1500,1500,1500,1500,1500,1500,1500,1500,1500,1500,1500,1500,1500,1500,1500,7.5
2026-08-08,12:43:17.190,117.6,1.6,-85,-92,100,6,0,8,50,-93,92,4,12.2,0.0,0,0,-4,-1,-1005,5,30,-1024,-3,-916,-32,-1,-1,-1,-1,-1,1,0,-1,0x0000000000000000,1511,1433,1533,1520,2012,1537,1522,1260,1701,988,1500,1500,1500,1500,1500,1500,1500,1500,1500,1500,1500,1500,1500,1500,1500,1500,1500,1500,1500,1500,1500,1500,7.5
2026-08-08,12:43:17.690,117.7,0.2,-87,-92,100,6,0,8,25,-89,100,8,12.2,0.0,0,0,-4,-4,-1005,5,30,-1024,-3,-916,-32,-1,-1,-1,-1,-1,1,0,-1,0x0000000000000000,1511,1433,1533,1520,2012,1537,1522,1260,1701,988,1500,1500,1500,1500,1500,1500,1500,1500,1500,1500,1500,1500,1500,1500,1500,1500,1500,1500,1500,1500,1500,1500,7.5
2026-08-08,12:43:18.190,118.1,1.1,-86,-92,100,8,0,8,10,-81,92,10,12.2,0.0,0,0,-4,-3,-1004,6,30,-1024,-3,-916,-31,-1,-1,-1,-1,-1,1,0,-1,0x0000000000000000,1511,1433,1533,1520,2012,1537,1522,1260,1701,988,1500,1500,1500,1500,1500,1500,1500,1500,1500,1500,1500,1500,1500,1500,1500,1500,1500,1500,1500,1500,1500,1500,7.5
2026-08-08,12:43:18.690,118.1,0.0,-84,-90,99,0,1,8,100,-85,96,9,12.2,0.0,0,0,-4,-3,-1004,6,30,-1024,-3,-916,-31,-1,-1,-1,-1,-1,1,0,-1,0x0000000000000000,1511,1433,1533,1520,2012,1537,1522,1260,1701,988,1500,1500,1500,1500,1500,1500,1500,1500,1500,1500,1500,1500,1500,1500,1500,1500,1500,1500,1500,1500,1500,1500,7.5
2026-08-08,12:43:19.190,118.1,0.0,-72,-95,99,8,0,8,10,-84,100,10,12.2,0.0,0,0,-5,-5,-1004,6,30,-1024,-3,-916,-32,-1,-1,-1,-1,-1,1,0,-1,0x0000000000000000,1510,1434,1533,1520,2012,1537,1522,1260,1701,988,1500,1500,1500,1500,1500,1500,1500,1500,1500,1500,1500,1500,1500,1500,1500,1500,1500,1500,1500,1500,1500,1500,7.5
2026-08-08,12:43:19.690,118.0,-0.1,-85,-90,100,0,0,8,250,-86,92,-2,12.2,0.0,0,0,-4,-3,-1004,6,30,-1024,-3,-916,-32,-1,-1,-1,-1,-1,1,0,-1,0x0000000000000000,1511,1433,1533,1520,2012,1537,1522,1260,1701,988,1500,1500,1500,1500,1500,1500,1500,1500,1500,1500,1500,1500,1500,1500,1500,1500,1500,1500,1500,1500,1500,1500,7.5
2026-08-08,12:43:20.190,117.4,-0.7,-84,-83,96,11,1,8,25,-88,92,7,12.2,0.0,0,0,-4,-3,-1004,6,29,-1024,-3,-916,-32,-1,-1,-1,-1,-1,1,0,-1,0x0000000000000000,1511,1433,1533,1520,2012,1537,1522,1260,1701,988,1500,1500,1500,1500,1500,1500,1500,1500,1500,1500,1500,1500,1500,1500,1500,1500,1500,1500,1500,1500,1500,1500,7.5
2026-08-08,12:43:20.690,117.2,-0.3,-82,-84,100,10,0,8,10,-77,100,9,12.2,0.0,0,0,-5,-3,-1004,6,29,-1024,-3,-916,-31,-1,-1,-1,-1,-1,1,0,-1,0x0000000000000000,1510,1433,1533,1520,2012,1537,1522,1260,1701,988,1500,1500,1500,1500,1500,1500,1500,1500,1500,1500,1500,1500,1500,1500,1500,1500,1500,1500,1500,1500,1500,1500,7.5
2026-08-08,12:43:21.190,117.7,1.0,-82,-84,100,6,0,8,25,-85,100,8,12.2,0.0,0,0,-5,-7,-1004,7,30,-1024,-3,-916,-31,-1,-1,-1,-1,-1,1,0,-1,0x0000000000000000,1510,1434,1534,1521,2012,1538,1522,1260,1701,988,1500,1500,1500,1500,1500,1500,1500,1500,1500,1500,1500,1500,1500,1500,1500,1500,1500,1500,1500,1500,1500,1500,7.5
2026-08-08,12:43:21.690,118.4,1.1,-84,-84,100,10,0,8,10,-81,96,10,12.2,0.0,0,0,-5,-9,-1004,7,29,-1024,-3,-916,-31,-1,-1,-1,-1,-1,1,0,-1,0x0000000000000000,1510,1435,1534,1521,2012,1538,1522,1260,1701,988,1500,1500,1500,1500,1500,1500,1500,1500,1500,1500,1500,1500,1500,1500,1500,1500,1500,1500,1500,1500,1500,1500,7.5
2026-08-08,12:43:22.190,119.2,1.4,-83,-84,100,10,0,8,10,-82,88,9,12.2,0.0,0,0,-4,-12,-1004,8,30,-1024,-3,-916,-32,-1,-1,-1,-1,-1,1,0,-1,0x0000000000000000,1511,1435,1534,1521,2012,1538,1522,1260,1701,988,1500,1500,1500,1500,1500,1500,1500,1500,1500,1500,1500,1500,1500,1500,1500,1500,1500,1500,1500,1500,1500,1500,7.5
2026-08-08,12:43:22.690,119.8,1.0,-84,-84,100,8,0,8,10,-79,100,10,12.2,0.0,0,0,-5,-4,-1004,11,30,-1024,-3,-916,-32,-1,-1,-1,-1,-1,1,0,-1,0x0000000000000000,1510,1433,1535,1521,2012,1539,1523,1260,1701,988,1500,1500,1500,1500,1500,1500,1500,1500,1500,1500,1500,1500,1500,1500,1500,1500,1500,1500,1500,1500,1500,1500,7.5
2026-08-08,12:43:23.190,120.6,1.7,-84,-84,100,4,0,8,50,-87,92,9,12.2,0.0,0,0,-5,-3,-1004,5,30,-1024,-3,-916,-32,-1,-1,-1,-1,-1,1,0,-1,0x0000000000000000,1510,1433,1533,1520,2012,1537,1522,1260,1701,988,1500,1500,1500,1500,1500,1500,1500,1500,1500,1500,1500,1500,1500,1500,1500,1500,1500,1500,1500,1500,1500,1500,7.5
2026-08-08,12:43:23.690,122.2,2.8,-89,-84,100,7,1,8,25,-89,92,9,12.2,0.0,0,0,-5,-5,-1004,6,30,-1024,-3,-916,-32,-1,-1,-1,-1,-1,1,0,-1,0x0000000000000000,1510,1434,1533,1520,2012,1537,1522,1260,1701,988,1500,1500,1500,1500,1500,1500,1500,1500,1500,1500,1500,1500,1500,1500,1500,1500,1500,1500,1500,1500,1500,1500,7.5
2026-08-08,12:43:24.190,123.5,2.3,-89,-86,100,8,1,8,25,-89,100,6,12.2,0.0,0,0,-5,-574,-1004,230,30,-1024,-3,-916,-32,-1,-1,-1,-1,-1,1,0,-1,0x0000000000000000,1510,1605,1594,1557,2012,1604,1561,1260,1701,988,1500,1500,1500,1500,1500,1500,1500,1500,1500,1500,1500,1500,1500,1500,1500,1500,1500,1500,1500,1500,1500,1500,7.4
2026-08-08,12:43:24.690,124.5,2.1,-89,-86,100,6,1,8,25,-88,84,8,12.2,0.0,0,0,665,-284,-1005,1021,29,-1024,-3,-916,-32,-1,-1,-1,-1,-1,1,0,-1,0x0000000000000000,1711,1509,1806,1686,2012,1839,1700,1260,1701,988,1500,1500,1500,1500,1500,1500,1500,1500,1500,1500,1500,1500,1500,1500,1500,1500,1500,1500,1500,1500,1500,1500,7.4
2026-08-08,12:43:25.190,125.3,1.6,-89,-87,100,9,1,8,50,-89,96,6,12.2,0.0,0,0,-6,-303,-1004,193,29,-1024,-3,-916,-32,-1,-1,-1,-1,-1,1,0,-1,0x0000000000000000,1510,1515,1584,1551,2012,1593,1555,1260,1701,988,1500,1500,1500,1500,1500,1500,1500,1500,1500,1500,1500,1500,1500,1500,1500,1500,1500,1500,1500,1500,1500,1500,7.4
2026-08-08,12:43:25.690,126.1,1.5,-89,-86,100,7,1,8,25,-85,100,10,12.2,0.0,0,0,-5,-158,-1004,540,30,-1024,-3,-916,-31,-1,-1,-1,-1,-1,1,0,-1,0x0000000000000000,1510,1472,1677,1608,2012,1696,1615,1260,1701,988,1500,1500,1500,1500,1500,1500,1500,1500,1500,1500,1500,1500,1500,1500,1500,1500,1500,1500,1500,1500,1500,1500,7.4
2026-08-08,12:43:26.190,126.9,1.4,-84,-85,99,7,0,8,10,-82,100,9,12.2,0.0,0,0,353,-489,-1003,87,30,-1024,-3,-916,-32,-1,-1,-1,-1,-1,1,0,-1,0x0000000000000000,1608,1575,1555,1534,2012,1558,1534,1260,1701,988,1500,1500,1500,1500,1500,1500,1500,1500,1500,1500,1500,1500,1500,1500,1500,1500,1500,1500,1500,1500,1500,1500,7.4
2026-08-08,12:43:26.690,127.5,1.0,-94,-86,97,10,1,8,100,-93,92,3,12.2,0.0,0,0,-4,-279,-1004,261,30,-1024,-3,-916,-32,-1,-1,-1,-1,-1,1,0,-1,0x0000000000000000,1511,1507,1602,1562,2012,1613,1567,1260,1701,988,1500,1500,1500,1500,1500,1500,1500,1500,1500,1500,1500,1500,1500,1500,1500,1500,1500,1500,1500,1500,1500,1500,7.4
2026-08-08,12:43:27.190,127.1,-0.7,-82,-88,97,5,0,8,10,-83,96,10,12.2,0.0,0,0,286,-796,-1004,8,29,-1024,-3,-916,-32,-1,-1,-1,-1,-1,1,0,-1,0x0000000000000000,1589,1695,1534,1521,2012,1538,1522,1260,1701,988,1500,1500,1500,1500,1500,1500,1500,1500,1500,1500,1500,1500,1500,1500,1500,1500,1500,1500,1500,1500,1500,1500,7.4
2026-08-08,12:43:27.690,126.4,-1.6,-80,-88,100,8,0,8,10,-76,96,10,12.2,0.0,0,0,195,-620,-1004,34,30,-1024,-3,-916,-31,-1,-1,-1,-1,-1,1,0,-1,0x0000000000000000,1564,1622,1541,1525,2012,1546,1527,1260,1701,988,1500,1500,1500,1500,1500,1500,1500,1500,1500,1500,1500,1500,1500,1500,1500,1500,1500,1500,1500,1500,1500,1500,7.4
2026-08-08,12:43:28.190,126.4,-0.1,-82,-88,100,6,0,8,100,-88,84,8,12.2,0.0,0,0,329,-263,-1004,374,29,-1024,-3,-916,-32,-1,-1,-1,-1,-1,1,0,-1,0x0000000000000000,1601,1503,1632,1581,2012,1646,1586,1260,1701,988,1500,1500,1500,1500,1500,1500,1500,1500,1500,1500,1500,1500,1500,1500,1500,1500,1500,1500,1500,1500,1500,1500,7.4
2026-08-08,12:43:28.690,126.6,0.3,-82,-83,99,10,0,8,10,-77,100,10,12.2,0.0,0,0,324,-290,-1004,277,29,-1024,-3,-916,-32,-1,-1,-1,-1,-1,1,0,-1,0x0000000000000000,1600,1511,1606,1565,2012,1618,1569,1260,1701,988,1500,1500,1500,1500,1500,1500,1500,1500,1500,1500,1500,1500,1500,1500,1500,1500,1500,1500,1500,1500,1500,1500,7.4
2026-08-08,12:43:29.190,125.0,-2.7,-81,-83,100,9,0,8,10,-78,100,10,12.2,0.0,0,0,272,-525,-1004,69,30,-1024,-3,-916,-32,-1,-1,-1,-1,-1,1,0,-1,0x0000000000000000,1585,1587,1550,1531,2012,1556,1531,1260,1701,988,1500,1500,1500,1500,1500,1500,1500,1500,1500,1500,1500,1500,1500,1500,1500,1500,1500,1500,1500,1500,1500,1500,7.4
2026-08-08,12:43:29.690,122.9,-4.0,-83,-83,100,10,0,8,10,-86,92,8,12.2,0.0,0,0,239,-259,-1004,159,29,-1024,-3,-916,-32,-1,-1,-1,-1,-1,1,0,-1,0x0000000000000000,1576,1501,1574,1545,2012,1583,1549,1260,1701,988,1500,1500,1500,1500,1500,1500,1500,1500,1500,1500,1500,1500,1500,1500,1500,1500,1500,1500,1500,1500,1500,1500,7.4
2026-08-08,12:43:30.190,123.5,-0.5,-86,-94,98,4,0,8,25,-87,88,8,12.2,0.0,0,0,336,-401,-1004,307,30,-1024,-3,-916,-32,-1,-1,-1,-1,-1,1,0,-1,0x0000000000000000,1603,1545,1614,1570,2012,1627,1575,1260,1701,988,1500,1500,1500,1500,1500,1500,1500,1500,1500,1500,1500,1500,1500,1500,1500,1500,1500,1500,1500,1500,1500,1500,7.4
2026-08-08,12:43:30.690,122.4,-1.3,-85,-94,100,8,0,8,10,-79,92,11,12.2,0.0,0,0,265,-411,-1004,241,29,-1024,-3,-916,-32,-1,-1,-1,-1,-1,1,0,-1,0x0000000000000000,1583,1549,1597,1559,2012,1607,1563,1260,1701,988,1500,1500,1500,1500,1500,1500,1500,1500,1500,1500,1500,1500,1500,1500,1500,1500,1500,1500,1500,1500,1500,1500,7.4
2026-08-08,12:43:31.190,123.3,1.6,-82,-94,100,10,0,8,10,-75,100,9,12.2,0.0,0,0,192,-537,-1004,19,30,-1024,-3,-916,-32,-1,-1,-1,-1,-1,1,0,-1,0x0000000000000000,1563,1592,1537,1522,2012,1541,1524,1260,1701,988,1500,1500,1500,1500,1500,1500,1500,1500,1500,1500,1500,1500,1500,1500,1500,1500,1500,1500,1500,1500,1500,1500,7.4
2026-08-08,12:43:31.690,125.2,2.3,-81,-94,100,10,0,8,10,-75,92,10,12.2,0.0,0,0,221,-595,-1004,8,30,-1024,-3,-916,-32,-1,-1,-1,-1,-1,1,0,-1,0x0000000000000000,1571,1613,1534,1521,2012,1538,1522,1260,1701,988,1500,1500,1500,1500,1500,1500,1500,1500,1500,1500,1500,1500,1500,1500,1500,1500,1500,1500,1500,1500,1500,1500,7.4
2026-08-08,12:43:32.190,126.3,2.1,-79,-94,100,10,0,8,10,-73,100,10,12.2,0.0,0,0,263,-575,-1004,7,30,-1024,-3,-916,-32,-1,-1,-1,-1,-1,1,0,-1,0x0000000000000000,1582,1606,1534,1521,2012,1538,1522,1260,1701,988,1500,1500,1500,1500,1500,1500,1500,1500,1500,1500,1500,1500,1500,1500,1500,1500,1500,1500,1500,1500,1500,1500,7.4
2026-08-08,12:43:32.690,127.4,2.3,-85,-94,98,9,0,8,10,-81,100,10,12.2,0.0,0,0,229,-544,-1004,-14,30,-1024,-3,-916,-31,-1,-1,-1,-1,-1,1,0,-1,0x0000000000000000,1573,1594,1528,1517,2012,1531,1518,1260,1701,988,1500,1500,1500,1500,1500,1500,1500,1500,1500,1500,1500,1500,1500,1500,1500,1500,1500,1500,1500,1500,1500,1500,7.4
2026-08-08,12:43:33.190,127.3,0.1,-82,-94,100,7,0,8,10,-82,100,10,12.2,0.0,0,0,248,-536,-1004,4,29,-1024,-3,-916,-32,-1,-1,-1,-1,-1,1,0,-1,0x0000000000000000,1578,1591,1533,1520,2012,1537,1522,1260,1701,988,1500,1500,1500,1500,1500,1500,1500,1500,1500,1500,1500,1500,1500,1500,1500,1500,1500,1500,1500,1500,1500,1500,7.4
2026-08-08,12:43:33.690,127.1,-0.3,-85,-85,99,10,1,8,50,-83,92,9,12.2,0.0,0,0,298,-523,-1004,2,30,-1024,-3,-916,-31,-1,-1,-1,-1,-1,1,0,-1,0x0000000000000000,1592,1586,1532,1520,2012,1536,1521,1260,1701,988,1500,1500,1500,1500,1500,1500,1500,1500,1500,1500,1500,1500,1500,1500,1500,1500,1500,1500,1500,1500,1500,1500,7.4
2026-08-08,12:43:34.190,127.6,0.9,-85,-87,100,2,1,8,250,-92,92,7,12.2,0.0,0,0,302,-580,-1004,6,30,-1024,-3,-916,-31,-1,-1,-1,-1,-1,1,0,-1,0x0000000000000000,1593,1607,1533,1520,2012,1537,1522,1260,1701,988,1500,1500,1500,1500,1500,1500,1500,1500,1500,1500,1500,1500,1500,1500,1500,1500,1500,1500,1500,1500,1500,1500,7.4
2026-08-08,12:43:34.690,128.9,2.4,-85,-86,100,9,1,8,25,-85,100,11,12.2,0.0,0,0,327,-554,-1004,11,30,-1024,-3,-917,-31,-1,-1,-1,-1,-1,1,0,-1,0x0000000000000000,1601,1598,1535,1521,2012,1539,1523,1260,1701,988,1500,1500,1500,1500,1500,1500,1500,1500,1500,1500,1500,1500,1500,1500,1500,1500,1500,1500,1500,1500,1500,1500,7.4
2026-08-08,12:43:35.190,129.9,2.2,-85,-86,100,7,1,8,25,-88,96,7,12.2,0.0,0,0,336,-591,-1004,6,30,-1024,-3,-916,-32,-1,-1,-1,-1,-1,1,0,-1,0x0000000000000000,1603,1611,1533,1520,2012,1537,1522,1260,1701,988,1500,1500,1500,1500,1500,1500,1500,1500,1500,1500,1500,1500,1500,1500,1500,1500,1500,1500,1500,1500,1500,1500,7.4
2026-08-08,12:43:35.690,131.9,3.7,-85,-85,100,10,1,8,25,-88,100,7,12.2,0.0,0,0,358,-594,-1004,8,30,-1024,-3,-916,-31,-1,-1,-1,-1,-1,1,0,-1,0x0000000000000000,1609,1613,1534,1521,2012,1538,1522,1260,1701,988,1500,1500,1500,1500,1500,1500,1500,1500,1500,1500,1500,1500,1500,1500,1500,1500,1500,1500,1500,1500,1500,1500,7.4
2026-08-08,12:43:36.190,132.6,1.7,-76,-88,100,9,0,8,10,-78,92,10,12.2,0.0,0,0,251,-573,-1004,6,29,-1024,-3,-916,-31,-1,-1,-1,-1,-1,1,0,-1,0x0000000000000000,1579,1605,1533,1520,2012,1537,1522,1260,1701,988,1500,1500,1500,1500,1500,1500,1500,1500,1500,1500,1500,1500,1500,1500,1500,1500,1500,1500,1500,1500,1500,1500,7.4
2026-08-08,12:43:36.690,132.7,0.1,-73,-98,97,9,0,8,10,-74,92,10,12.2,0.0,0,0,256,-576,-1004,2,30,-1024,-3,-916,-32,-1,-1,-1,-1,-1,1,0,-1,0x0000000000000000,1580,1606,1532,1520,2012,1536,1521,1260,1701,988,1500,1500,1500,1500,1500,1500,1500,1500,1500,1500,1500,1500,1500,1500,1500,1500,1500,1500,1500,1500,1500,1500,7.4
2026-08-08,12:43:37.190,132.3,-0.4,-82,-93,100,9,0,8,10,-82,100,10,12.2,0.0,0,0,305,-716,-1004,-97,30,-1024,-3,-916,-32,-1,-1,-1,-1,-1,1,0,-1,0x0000000000000000,1594,1661,1506,1503,2012,1507,1504,1260,1701,988,1500,1500,1500,1500,1500,1500,1500,1500,1500,1500,1500,1500,1500,1500,1500,1500,1500,1500,1500,1500,1500,1500,7.4
2026-08-08,12:43:37.690,133.0,1.5,-78,-89,99,10,0,8,10,-82,96,10,12.2,0.0,0,0,380,-426,-1005,326,30,-1024,-3,-917,-31,-1,-1,-1,-1,-1,1,0,-1,0x0000000000000000,1616,1554,1619,1573,2012,1632,1578,1260,1701,988,1500,1500,1500,1500,1500,1500,1500,1500,1500,1500,1500,1500,1500,1500,1500,1500,1500,1500,1500,1500,1500,1500,7.4
2026-08-08,12:43:38.190,134.4,2.6,-82,-89,100,9,0,8,25,-83,100,9,12.2,0.0,0,0,432,-628,-1004,-1,30,-1024,-3,-916,-32,-1,-1,-1,-1,-1,1,0,-1,0x0000000000000000,1632,1625,1532,1519,2012,1535,1521,1260,1701,988,1500,1500,1500,1500,1500,1500,1500,1500,1500,1500,1500,1500,1500,1500,1500,1500,1500,1500,1500,1500,1500,1500,7.4
2026-08-08,12:43:38.690,135.3,1.8,-82,-86,100,10,0,8,10,-80,100,10,12.2,0.0,0,0,395,-564,-1004,7,30,-1024,-3,-916,-32,-1,-1,-1,-1,-1,1,0,-1,0x0000000000000000,1621,1601,1534,1521,2012,1538,1522,1260,1701,988,1500,1500,1500,1500,1500,1500,1500,1500,1500,1500,1500,1500,1500,1500,1500,1500,1500,1500,1500,1500,1500,1500,7.4
2026-08-08,12:43:39.190,136.0,1.5,-83,-86,100,9,0,8,10,-83,100,10,12.2,0.0,0,0,391,-577,-1004,17,30,-1024,-3,-916,-32,-1,-1,-1,-1,-1,1,0,-1,0x0000000000000000,1620,1606,1537,1522,2012,1541,1524,1260,1701,988,1500,1500,1500,1500,1500,1500,1500,1500,1500,1500,1500,1500,1500,1500,1500,1500,1500,1500,1500,1500,1500,1500,7.4
2026-08-08,12:43:39.690,135.6,-0.2,-85,-99,99,7,0,8,100,-88,96,8,12.2,0.0,0,0,383,-590,-1004,87,30,-1024,-3,-916,-32,-1,-1,-1,-1,-1,1,0,-1,0x0000000000000000,1617,1611,1555,1534,2012,1561,1536,1260,1701,988,1500,1500,1500,1500,1500,1500,1500,1500,1500,1500,1500,1500,1500,1500,1500,1500,1500,1500,1500,1500,1500,1500,7.4
2026-08-08,12:43:40.190,135.9,0.6,-81,-99,100,8,0,8,10,-73,88,10,12.2,0.0,0,0,387,-615,-1004,75,30,-1024,-3,-916,-32,-1,-1,-1,-1,-1,1,0,-1,0x0000000000000000,1618,1621,1552,1532,2012,1558,1534,1260,1701,988,1500,1500,1500,1500,1500,1500,1500,1500,1500,1500,1500,1500,1500,1500,1500,1500,1500,1500,1500,1500,1500,1500,7.4
2026-08-08,12:43:40.690,136.3,0.9,-79,-99,100,9,0,8,10,-72,92,11,12.2,0.0,0,0,357,-667,-1004,8,29,-1024,-3,-916,-31,-1,-1,-1,-1,-1,1,0,-1,0x0000000000000000,1609,1641,1534,1521,2012,1538,1522,1260,1701,988,1500,1500,1500,1500,1500,1500,1500,1500,1500,1500,1500,1500,1500,1500,1500,1500,1500,1500,1500,1500,1500,1500,7.4
2026-08-08,12:43:41.190,136.9,1.5,-81,-99,100,9,0,8,10,-76,96,10,12.2,0.0,0,0,350,-709,-1004,3,30,-1024,-3,-916,-32,-1,-1,-1,-1,-1,1,0,-1,0x0000000000000000,1607,1658,1533,1520,2012,1536,1521,1260,1701,988,1500,1500,1500,1500,1500,1500,1500,1500,1500,1500,1500,1500,1500,1500,1500,1500,1500,1500,1500,1500,1500,1500,7.4
2026-08-08,12:43:41.690,137.9,1.7,-79,-90,97,10,0,8,10,-83,84,9,12.2,0.0,0,0,380,-848,-1004,-150,30,-1024,-3,-916,-32,-1,-1,-1,-1,-1,1,0,-1,0x0000000000000000,1616,1719,1493,1496,2012,1491,1495,1260,1701,988,1500,1500,1500,1500,1500,1500,1500,1500,1500,1500,1500,1500,1500,1500,1500,1500,1500,1500,1500,1500,1500,1500,7.4
2026-08-08,12:43:42.190,138.2,1.1,-81,-90,99,9,0,8,10,-81,96,8,12.2,0.0,0,0,387,-833,-1004,-101,30,-1024,-3,-916,-32,-1,-1,-1,-1,-1,1,0,-1,0x0000000000000000,1618,1712,1505,1503,2012,1505,1503,1260,1701,988,1500,1500,1500,1500,1500,1500,1500,1500,1500,1500,1500,1500,1500,1500,1500,1500,1500,1500,1500,1500,1500,1500,7.4
2026-08-08,12:43:42.690,139.8,2.2,-88,-82,100,4,1,8,50,-87,92,8,12.2,0.0,0,0,394,-775,-1004,-42,30,-1024,-3,-916,-31,-1,-1,-1,-1,-1,1,0,-1,0x0000000000000000,1620,1686,1521,1513,2012,1523,1514,1260,1701,988,1500,1500,1500,1500,1500,1500,1500,1500,1500,1500,1500,1500,1500,1500,1500,1500,1500,1500,1500,1500,1500,1500,7.4
2026-08-08,12:43:43.190,141.3,2.3,-88,-87,100,4,1,8,250,-97,100,2,12.2,0.0,0,0,395,-805,-1004,-56,30,-1024,-3,-916,-32,-1,-1,-1,-1,-1,1,0,-1,0x0000000000000000,1621,1700,1517,1510,2012,1519,1511,1260,1701,988,1500,1500,1500,1500,1500,1500,1500,1500,1500,1500,1500,1500,1500,1500,1500,1500,1500,1500,1500,1500,1500,1500,7.4
2026-08-08,12:43:43.690,141.7,1.4,-83,-97,97,7,0,8,10,-81,92,10,12.2,0.0,0,0,398,-780,-1005,-59,30,-1024,-3,-916,-32,-1,-1,-1,-1,-1,1,0,-1,0x0000000000000000,1622,1688,1516,1510,2012,1518,1511,1260,1701,988,1500,1500,1500,1500,1500,1500,1500,1500,1500,1500,1500,1500,1500,1500,1500,1500,1500,1500,1500,1500,1500,1500,7.4
2026-08-08,12:43:44.190,141.0,-1.0,-83,-97,100,9,0,8,10,-77,92,9,12.2,0.0,0,0,398,-769,-1005,-35,30,-1024,-3,-917,-31,-1,-1,-1,-1,-1,1,0,-1,0x0000000000000000,1622,1684,1522,1514,2012,1525,1515,1260,1701,988,1500,1500,1500,1500,1500,1500,1500,1500,1500,1500,1500,1500,1500,1500,1500,1500,1500,1500,1500,1500,1500,1500,7.4
2026-08-08,12:43:44.690,140.7,-0.6,-82,-97,100,10,0,8,10,-77,92,11,12.2,0.0,0,0,406,-906,-1005,3,30,-1024,-3,-916,-32,-1,-1,-1,-1,-1,1,0,-1,0x0000000000000000,1624,1748,1533,1520,2012,1536,1521,1260,1701,988,1500,1500,1500,1500,1500,1500,1500,1500,1500,1500,1500,1500,1500,1500,1500,1500,1500,1500,1500,1500,1500,1500,7.4
2026-08-08,12:43:45.190,142.7,3.6,-83,-97,100,10,0,8,10,-88,96,7,12.2,0.0,0,0,410,-857,-1005,-132,30,-1024,-3,-916,-32,-1,-1,-1,-1,-1,1,0,-1,0x0000000000000000,1625,1724,1498,1499,2012,1497,1498,1260,1701,988,1500,1500,1500,1500,1500,1500,1500,1500,1500,1500,1500,1500,1500,1500,1500,1500,1500,1500,1500,1500,1500,1500,7.4
2026-08-08,12:43:45.690,144.2,3.1,-87,-83,94,11,1,8,250,-82,100,8,12.2,0.0,0,0,403,-810,-1005,-97,30,-1024,-3,-916,-32,-1,-1,-1,-1,-1,1,0,-1,0x0000000000000000,1623,1702,1506,1503,2012,1507,1504,1260,1701,988,1500,1500,1500,1500,1500,1500,1500,1500,1500,1500,1500,1500,1500,1500,1500,1500,1500,1500,1500,1500,1500,1500,7.4
2026-08-08,12:43:46.190,146.0,3.4,-94,-85,100,9,1,8,25,-91,100,7,12.2,0.0,0,0,322,-754,-1004,-55,30,-1024,-3,-916,-32,-1,-1,-1,-1,-1,1,0,-1,0x0000000000000000,1599,1677,1517,1510,2012,1519,1511,1260,1701,988,1500,1500,1500,1500,1500,1500,1500,1500,1500,1500,1500,1500,1500,1500,1500,1500,1500,1500,1500,1500,1500,1500,7.4
2026-08-08,12:43:46.690,146.8,1.6,-94,-87,100,7,1,8,50,-94,92,4,12.2,0.0,0,0,307,-739,-1004,-94,30,-1024,-3,-916,-32,-1,-1,-1,-1,-1,1,0,-1,0x0000000000000000,1595,1670,1507,1504,2012,1507,1504,1260,1701,988,1500,1500,1500,1500,1500,1500,1500,1500,1500,1500,1500,1500,1500,1500,1500,1500,1500,1500,1500,1500,1500,1500,7.4
2026-08-08,12:43:47.190,146.1,-0.6,-84,-87,99,9,0,8,10,-93,96,4,12.2,0.0,0,0,323,-740,-1004,-74,30,-1024,-3,-916,-31,-1,-1,-1,-1,-1,1,0,-1,0x0000000000000000,1599,1671,1512,1507,2012,1513,1508,1260,1701,988,1500,1500,1500,1500,1500,1500,1500,1500,1500,1500,1500,1500,1500,1500,1500,1500,1500,1500,1500,1500,1500,1500,7.4
2026-08-08,12:43:47.690,145.6,-0.8,-88,-87,99,8,1,8,25,-88,80,9,12.2,0.0,0,0,297,-770,-1004,-89,30,-1024,-3,-916,-32,-1,-1,-1,-1,-1,1,0,-1,0x0000000000000000,1592,1684,1508,1505,2012,1509,1505,1260,1701,988,1500,1500,1500,1500,1500,1500,1500,1500,1500,1500,1500,1500,1500,1500,1500,1500,1500,1500,1500,1500,1500,1500,7.4
2026-08-08,12:43:48.190,146.7,2.2,-88,-87,100,6,1,8,25,-89,100,7,12.2,0.0,0,0,300,-761,-1005,-61,30,-1024,-3,-916,-31,-1,-1,-1,-1,-1,1,0,-1,0x0000000000000000,1593,1680,1515,1509,2012,1517,1510,1260,1701,988,1500,1500,1500,1500,1500,1500,1500,1500,1500,1500,1500,1500,1500,1500,1500,1500,1500,1500,1500,1500,1500,1500,7.4
2026-08-08,12:43:48.690,149.7,4.9,-78,-86,97,10,0,8,10,-73,100,10,12.2,0.0,0,0,309,-820,-1005,-22,30,-1024,-3,-916,-31,-1,-1,-1,-1,-1,1,0,-1,0x0000000000000000,1595,1706,1526,1516,2012,1529,1517,1260,1701,988,1500,1500,1500,1500,1500,1500,1500,1500,1500,1500,1500,1500,1500,1500,1500,1500,1500,1500,1500,1500,1500,1500,7.4
2026-08-08,12:43:49.190,151.9,4.0,-82,-86,98,8,0,8,10,-80,100,10,12.2,0.0,0,0,312,-875,-1005,-40,30,-1024,-3,-916,-32,-1,-1,-1,-1,-1,1,0,-1,0x0000000000000000,1596,1732,1521,1513,2012,1524,1514,1260,1701,988,1500,1500,1500,1500,1500,1500,1500,1500,1500,1500,1500,1500,1500,1500,1500,1500,1500,1500,1500,1500,1500,1500,7.4
2026-08-08,12:43:49.690,152.3,1.1,-85,-101,99,7,0,8,10,-81,92,10,12.2,0.0,0,0,332,-857,-1005,-28,30,-1024,-3,-916,-31,-1,-1,-1,-1,-1,1,0,-1,0x0000000000000000,1602,1724,1524,1515,2012,1527,1516,1260,1701,988,1500,1500,1500,1500,1500,1500,1500,1500,1500,1500,1500,1500,1500,1500,1500,1500,1500,1500,1500,1500,1500,1500,7.4
2026-08-08,12:43:50.190,151.0,-2.0,-81,-101,100,5,0,8,10,-81,100,10,12.2,0.0,0,0,366,-902,-1005,-95,30,-1024,-3,-916,-31,-1,-1,-1,-1,-1,1,0,-1,0x0000000000000000,1612,1746,1506,1504,2012,1507,1504,1260,1701,988,1500,1500,1500,1500,1500,1500,1500,1500,1500,1500,1500,1500,1500,1500,1500,1500,1500,1500,1500,1500,1500,1500,7.4
2026-08-08,12:43:50.690,150.8,0.0,-85,-93,98,4,0,8,25,-84,96,10,12.2,0.0,0,0,385,-987,-1005,-67,30,-1024,-3,-916,-32,-1,-1,-1,-1,-1,1,0,-1,0x0000000000000000,1617,1789,1514,1508,2012,1515,1509,1260,1701,988,1500,1500,1500,1500,1500,1500,1500,1500,1500,1500,1500,1500,1500,1500,1500,1500,1500,1500,1500,1500,1500,1500,7.4
2026-08-08,12:43:51.190,152.1,3.0,-84,-93,100,6,0,8,10,-87,96,8,12.2,0.0,0,0,361,-758,-1005,17,30,-1024,-3,-916,-32,-1,-1,-1,-1,-1,1,0,-1,0x0000000000000000,1610,1678,1537,1522,2012,1541,1524,1260,1701,988,1500,1500,1500,1500,1500,1500,1500,1500,1500,1500,1500,1500,1500,1500,1500,1500,1500,1500,1500,1500,1500,1500,7.4
2026-08-08,12:43:51.690,153.1,2.0,-81,-91,99,8,0,8,25,-82,96,9,12.2,0.0,0,0,358,-784,-1005,15,30,-1024,-3,-916,-31,-1,-1,-1,-1,-1,1,0,-1,0x0000000000000000,1609,1690,1536,1522,2012,1540,1524,1260,1701,988,1500,1500,1500,1500,1500,1500,1500,1500,1500,1500,1500,1500,1500,1500,1500,1500,1500,1500,1500,1500,1500,1500,7.4
2026-08-08,12:43:52.190,153.7,1.5,-84,-91,100,8,0,8,10,-82,92,10,12.2,0.0,0,0,256,-740,-1005,84,30,-1024,-3,-916,-32,-1,-1,-1,-1,-1,1,0,-1,0x0000000000000000,1580,1671,1554,1533,2012,1560,1536,1260,1701,988,1500,1500,1500,1500,1500,1500,1500,1500,1500,1500,1500,1500,1500,1500,1500,1500,1500,1500,1500,1500,1500,1500,7.4
2026-08-08,12:43:52.690,153.2,-0.6,-88,-95,100,9,0,8,25,-86,88,9,12.2,0.0,0,0,104,-760,-1005,-35,30,-1024,-3,-917,-32,-1,-1,-1,-1,-1,1,0,-1,0x0000000000000000,1539,1680,1522,1514,2012,1525,1515,1260,1701,988,1500,1500,1500,1500,1500,1500,1500,1500,1500,1500,1500,1500,1500,1500,1500,1500,1500,1500,1500,1500,1500,1500,7.4
2026-08-08,12:43:53.190,152.4,-2.2,-82,-95,100,11,0,8,10,-76,84,10,12.2,0.0,0,0,-4,-877,-1005,-58,30,-1024,-3,-916,-32,-1,-1,-1,-1,-1,1,0,-1,0x0000000000000000,1511,1733,1516,1510,2012,1518,1511,1260,1701,988,1500,1500,1500,1500,1500,1500,1500,1500,1500,1500,1500,1500,1500,1500,1500,1500,1500,1500,1500,1500,1500,1500,7.4
2026-08-08,12:43:53.690,153.7,2.6,-81,-95,100,9,0,8,10,-76,100,10,12.2,0.0,0,0,333,-25,-1006,17,30,-1024,-3,-916,-31,-1,-1,-1,-1,-1,1,0,-1,0x0000000000000000,1602,1439,1537,1522,2012,1541,1524,1260,1701,988,1500,1500,1500,1500,1500,1500,1500,1500,1500,1500,1500,1500,1500,1500,1500,1500,1500,1500,1500,1500,1500,1500,7.4
2026-08-08,12:43:54.190,155.7,3.3,-82,-95,100,1,0,8,100,-90,100,6,12.2,0.0,0,0,349,-633,-1005,6,29,-1024,-3,-916,-31,-1,-1,-1,-1,-1,1,0,-1,0x0000000000000000,1607,1628,1533,1520,2012,1537,1522,1260,1701,988,1500,1500,1500,1500,1500,1500,1500,1500,1500,1500,1500,1500,1500,1500,1500,1500,1500,1500,1500,1500,1500,1500,7.4
2026-08-08,12:43:54.690,157.9,3.6,-81,-84,99,10,0,8,10,-81,96,10,12.2,0.0,0,0,352,-559,-1005,0,29,-1024,-3,-916,-32,-1,-1,-1,-1,-1,1,0,-1,0x0000000000000000,1608,1600,1532,1519,2012,1535,1521,1260,1701,988,1500,1500,1500,1500,1500,1500,1500,1500,1500,1500,1500,1500,1500,1500,1500,1500,1500,1500,1500,1500,1500,1500,7.4
2026-08-08,12:43:55.190,157.7,-0.7,-87,-100,96,9,0,8,50,-88,84,7,12.2,0.0,0,0,327,-815,-1005,-71,30,-1024,-3,-916,-32,-1,-1,-1,-1,-1,1,0,-1,0x0000000000000000,1601,1704,1513,1508,2012,1514,1508,1260,1701,988,1500,1500,1500,1500,1500,1500,1500,1500,1500,1500,1500,1500,1500,1500,1500,1500,1500,1500,1500,1500,1500,1500,7.4
2026-08-08,12:43:55.690,156.9,-1.4,-92,-85,98,6,1,8,50,-92,96,5,12.2,0.0,0,0,291,-766,-1005,-75,30,-1024,-3,-916,-32,-1,-1,-1,-1,-1,1,0,-1,0x0000000000000000,1590,1682,1512,1507,2012,1513,1508,1260,1701,988,1500,1500,1500,1500,1500,1500,1500,1500,1500,1500,1500,1500,1500,1500,1500,1500,1500,1500,1500,1500,1500,1500,7.4
2026-08-08,12:43:56.190,157.8,1.4,-92,-86,100,9,1,8,50,-88,84,8,12.2,0.0,0,0,288,-557,-1005,4,30,-1024,-3,-916,-32,-1,-1,-1,-1,-1,1,0,-1,0x0000000000000000,1589,1599,1533,1520,2012,1537,1522,1260,1701,988,1500,1500,1500,1500,1500,1500,1500,1500,1500,1500,1500,1500,1500,1500,1500,1500,1500,1500,1500,1500,1500,1500,7.4
2026-08-08,12:43:56.690,159.6,3.1,-92,-87,100,6,1,8,50,-87,92,9,12.2,0.0,0,0,193,-709,-1005,-25,30,-1024,-3,-916,-32,-1,-1,-1,-1,-1,1,0,-1,0x0000000000000000,1563,1658,1525,1515,2012,1528,1516,1260,1701,988,1500,1500,1500,1500,1500,1500,1500,1500,1500,1500,1500,1500,1500,1500,1500,1500,1500,1500,1500,1500,1500,1500,7.4
2026-08-08,12:43:57.190,159.8,0.7,-92,-86,100,8,1,8,50,-88,100,8,12.2,0.0,0,0,226,-707,-1005,-62,30,-1024,-3,-916,-32,-1,-1,-1,-1,-1,1,0,-1,0x0000000000000000,1572,1658,1515,1509,2012,1517,1510,1260,1701,988,1500,1500,1500,1500,1500,1500,1500,1500,1500,1500,1500,1500,1500,1500,1500,1500,1500,1500,1500,1500,1500,1500,7.4
2026-08-08,12:43:57.690,158.8,-2.1,-92,-87,100,6,1,8,50,-84,100,8,12.2,0.0,0,0,257,-847,-1006,-37,30,-1024,-3,-916,-32,-1,-1,-1,-1,-1,1,0,-1,0x0000000000000000,1581,1719,1522,1513,2012,1524,1514,1260,1701,988,1500,1500,1500,1500,1500,1500,1500,1500,1500,1500,1500,1500,1500,1500,1500,1500,1500,1500,1500,1500,1500,1500,7.4
2026-08-08,12:43:58.190,160.1,2.0,-92,-87,100,8,1,8,25,-87,96,5,12.2,0.0,0,0,245,-730,-1005,4,30,-1024,-3,-916,-31,-1,-1,-1,-1,-1,1,0,-1,0x0000000000000000,1577,1667,1533,1520,2012,1537,1522,1260,1701,988,1500,1500,1500,1500,1500,1500,1500,1500,1500,1500,1500,1500,1500,1500,1500,1500,1500,1500,1500,1500,1500,1500,7.4
2026-08-08,12:43:58.690,162.6,4.8,-91,-85,98,4,1,8,50,-88,92,9,12.2,0.0,0,0,253,-727,-1006,5,30,-1024,-3,-916,-32,-1,-1,-1,-1,-1,1,0,-1,0x0000000000000000,1580,1666,1533,1520,2012,1537,1522,1260,1701,988,1500,1500,1500,1500,1500,1500,1500,1500,1500,1500,1500,1500,1500,1500,1500,1500,1500,1500,1500,1500,1500,1500,7.4
2026-08-08,12:43:59.190,164.7,3.4,-72,-89,100,10,0,8,50,-86,92,8,12.2,0.0,0,0,246,-722,-1005,5,29,-1024,-3,-916,-32,-1,-1,-1,-1,-1,1,0,-1,0x0000000000000000,1578,1663,1533,1520,2012,1537,1522,1260,1701,988,1500,1500,1500,1500,1500,1500,1500,1500,1500,1500,1500,1500,1500,1500,1500,1500,1500,1500,1500,1500,1500,1500,7.4
2026-08-08,12:43:59.690,164.8,0.9,-84,-86,97,6,1,8,50,-87,92,7,12.2,0.0,0,0,240,-690,-1005,0,30,-1024,-3,-916,-31,-1,-1,-1,-1,-1,1,0,-1,0x0000000000000000,1576,1650,1532,1519,2012,1535,1521,1260,1701,988,1500,1500,1500,1500,1500,1500,1500,1500,1500,1500,1500,1500,1500,1500,1500,1500,1500,1500,1500,1500,1500,1500,7.4
2026-08-08,12:44:00.190,164.1,-1.0,-86,-88,100,1,0,8,250,-85,96,9,12.2,0.0,0,0,205,-694,-1005,-1,30,-1024,-3,-916,-32,-1,-1,-1,-1,-1,1,0,-1,0x0000000000000000,1566,1652,1532,1519,2012,1535,1521,1260,1701,988,1500,1500,1500,1500,1500,1500,1500,1500,1500,1500,1500,1500,1500,1500,1500,1500,1500,1500,1500,1500,1500,1500,7.4
2026-08-08,12:44:00.690,164.1,0.3,-84,-88,100,10,0,8,50,-80,100,10,12.2,0.0,0,0,-5,-677,-1006,-77,30,-1024,-3,-916,-32,-1,-1,-1,-1,-1,1,0,-1,0x0000000000000000,1510,1645,1511,1507,2012,1512,1507,1260,1701,988,1500,1500,1500,1500,1500,1500,1500,1500,1500,1500,1500,1500,1500,1500,1500,1500,1500,1500,1500,1500,1500,1500,7.4
2026-08-08,12:44:01.190,164.1,0.5,-84,-88,100,7,0,8,10,-81,100,10,12.2,0.0,0,0,-4,-722,-1005,-37,30,-1024,-3,-916,-31,-1,-1,-1,-1,-1,1,0,-1,0x0000000000000000,1511,1663,1522,1513,2012,1524,1514,1260,1701,988,1500,1500,1500,1500,1500,1500,1500,1500,1500,1500,1500,1500,1500,1500,1500,1500,1500,1500,1500,1500,1500,1500,7.4
2026-08-08,12:44:01.690,164.2,1.0,-70,-93,98,8,0,8,100,-89,96,8,12.2,0.0,0,0,431,-726,-1005,123,29,-1024,-3,-916,-32,-1,-1,-1,-1,-1,1,0,-1,0x0000000000000000,1631,1665,1565,1539,2012,1572,1542,1260,1701,988,1500,1500,1500,1500,1500,1500,1500,1500,1500,1500,1500,1500,1500,1500,1500,1500,1500,1500,1500,1500,1500,1500,7.4
2026-08-08,12:44:02.190,164.8,1.7,-84,-87,100,7,0,8,10,-80,100,10,12.2,0.0,0,0,390,-675,-1005,112,29,-1024,-3,-916,-32,-1,-1,-1,-1,-1,1,0,-1,0x0000000000000000,1619,1644,1562,1538,2012,1569,1541,1260,1701,988,1500,1500,1500,1500,1500,1500,1500,1500,1500,1500,1500,1500,1500,1500,1500,1500,1500,1500,1500,1500,1500,1500,7.4
2026-08-08,12:44:02.690,166.2,2.6,-84,-87,100,5,0,8,10,-86,100,9,12.2,0.0,0,0,357,-725,-1005,23,29,-1024,-3,-916,-32,-1,-1,-1,-1,-1,1,0,-1,0x0000000000000000,1609,1665,1538,1523,2012,1542,1525,1260,1701,988,1500,1500,1500,1500,1500,1500,1500,1500,1500,1500,1500,1500,1500,1500,1500,1500,1500,1500,1500,1500,1500,1500,7.4
2026-08-08,12:44:03.190,167.0,1.5,-82,-83,98,9,0,8,10,-75,100,10,12.2,0.0,0,0,374,-607,-1005,4,30,-1024,-3,-916,-32,-1,-1,-1,-1,-1,1,0,-1,0x0000000000000000,1614,1617,1533,1520,2012,1537,1522,1260,1701,988,1500,1500,1500,1500,1500,1500,1500,1500,1500,1500,1500,1500,1500,1500,1500,1500,1500,1500,1500,1500,1500,1500,7.4
2026-08-08,12:44:03.690,166.2,-0.8,-83,-83,100,3,0,8,25,-87,100,5,12.2,0.0,0,0,390,-746,-1005,-4,30,-1024,-3,-916,-32,-1,-1,-1,-1,-1,1,0,-1,0x0000000000000000,1619,1674,1531,1519,2012,1534,1520,1260,1701,988,1500,1500,1500,1500,1500,1500,1500,1500,1500,1500,1500,1500,1500,1500,1500,1500,1500,1500,1500,1500,1500,1500,7.4
2026-08-08,12:44:04.190,164.7,-2.5,-84,-93,98,10,0,8,100,-87,100,8,12.2,0.0,0,0,395,-715,-1006,1,30,-1024,-3,-916,-32,-1,-1,-1,-1,-1,1,0,-1,0x0000000000000000,1621,1660,1532,1520,2012,1536,1521,1260,1701,988,1500,1500,1500,1500,1500,1500,1500,1500,1500,1500,1500,1500,1500,1500,1500,1500,1500,1500,1500,1500,1500,1500,7.4
2026-08-08,12:44:04.690,164.8,0.3,-83,-93,100,8,0,8,10,-86,100,8,12.2,0.0,0,0,341,-633,-1006,5,30,-1024,-3,-916,-32,-1,-1,-1,-1,-1,1,0,-1,0x0000000000000000,1605,1628,1533,1520,2012,1537,1522,1260,1701,988,1500,1500,1500,1500,1500,1500,1500,1500,1500,1500,1500,1500,1500,1500,1500,1500,1500,1500,1500,1500,1500,1500,7.4
2026-08-08,12:44:05.190,167.4,4.2,-86,-93,97,6,0,8,25,-89,92,7,12.2,0.0,0,0,297,-556,-1004,68,30,-1024,-3,-916,-31,-1,-1,-1,-1,-1,1,0,-1,0x0000000000000000,1592,1599,1550,1531,2012,1556,1533,1260,1701,988,1500,1500,1500,1500,1500,1500,1500,1500,1500,1500,1500,1500,1500,1500,1500,1500,1500,1500,1500,1500,1500,1500,7.4
2026-08-08,12:44:05.690,169.7,4.0,-85,-97,95,8,0,8,25,-82,100,9,12.2,0.0,0,0,206,-512,-1005,5,30,-1024,-3,-916,-32,-1,-1,-1,-1,-1,1,0,-1,0x0000000000000000,1567,1583,1533,1520,2012,1537,1522,1260,1701,988,1500,1500,1500,1500,1500,1500,1500,1500,1500,1500,1500,1500,1500,1500,1500,1500,1500,1500,1500,1500,1500,1500,7.4
2026-08-08,12:44:06.190,170.7,2.2,-81,-97,100,10,0,8,10,-75,100,10,12.2,0.0,0,0,171,-475,-1005,164,29,-1024,-3,-916,-32,-1,-1,-1,-1,-1,1,0,-1,0x0000000000000000,1557,1570,1576,1546,2012,1585,1550,1260,1701,988,1500,1500,1500,1500,1500,1500,1500,1500,1500,1500,1500,1500,1500,1500,1500,1500,1500,1500,1500,1500,1500,1500,7.4
2026-08-08,12:44:06.690,170.8,0.3,-79,-97,100,10,0,8,10,-71,96,0,12.2,0.0,0,0,-6,-470,-1004,182,29,-1024,-3,-916,-32,-1,-1,-1,-1,-1,1,0,-1,0x0000000000000000,1510,1568,1581,1549,2012,1589,1553,1260,1701,988,1500,1500,1500,1500,1500,1500,1500,1500,1500,1500,1500,1500,1500,1500,1500,1500,1500,1500,1500,1500,1500,1500,7.4
2026-08-08,12:44:07.190,169.7,-2.3,-80,-97,100,9,0,8,10,-76,100,11,12.2,0.0,0,0,-4,-1,-1005,5,29,-1024,-3,-916,-32,-1,-1,-1,-1,-1,1,0,-1,0x0000000000000000,1511,1433,1533,1520,2012,1537,1522,1260,1701,988,1500,1500,1500,1500,1500,1500,1500,1500,1500,1500,1500,1500,1500,1500,1500,1500,1500,1500,1500,1500,1500,1500,7.4
2026-08-08,12:44:07.690,169.7,0.2,-83,-97,100,8,0,8,25,-82,92,10,12.2,0.0,0,0,-4,-2,-1005,5,29,-1024,-3,-916,-32,-1,-1,-1,-1,-1,1,0,-1,0x0000000000000000,1511,1433,1533,1520,2012,1537,1522,1260,1701,988,1500,1500,1500,1500,1500,1500,1500,1500,1500,1500,1500,1500,1500,1500,1500,1500,1500,1500,1500,1500,1500,1500,7.4
2026-08-08,12:44:08.190,167.5,-3.5,-83,-97,100,9,0,8,10,-79,88,9,12.2,0.0,0,0,-4,-2,-1005,5,30,-1024,-3,-916,-32,-1,-1,-1,-1,-1,1,0,-1,0x0000000000000000,1511,1433,1533,1520,2012,1537,1522,1260,1701,988,1500,1500,1500,1500,1500,1500,1500,1500,1500,1500,1500,1500,1500,1500,1500,1500,1500,1500,1500,1500,1500,1500,7.4
2026-08-08,12:44:08.690,165.9,-3.0,-83,-97,98,9,0,8,10,-77,96,5,12.2,0.0,0,0,-4,-3,-1005,5,30,-1024,-3,-916,-31,-1,-1,-1,-1,-1,1,0,-1,0x0000000000000000,1511,1433,1533,1520,2012,1537,1522,1260,1701,988,1500,1500,1500,1500,1500,1500,1500,1500,1500,1500,1500,1500,1500,1500,1500,1500,1500,1500,1500,1500,1500,1500,7.4
2026-08-08,12:44:09.190,164.2,-4.0,-84,-97,100,8,0,8,10,-79,100,10,12.2,0.0,0,0,-5,-3,-1004,5,30,-1024,-3,-916,-32,-1,-1,-1,-1,-1,1,0,-1,0x0000000000000000,1510,1433,1533,1520,2012,1537,1522,1260,1701,988,1500,1500,1500,1500,1500,1500,1500,1500,1500,1500,1500,1500,1500,1500,1500,1500,1500,1500,1500,1500,1500,1500,7.4
2026-08-08,12:44:09.690,161.6,-5.7,-83,-97,100,10,0,8,10,-77,96,10,12.2,0.0,0,0,-4,-4,-1005,5,30,-1024,-3,-916,-31,-1,-1,-1,-1,-1,1,0,-1,0x0000000000000000,1511,1433,1533,1520,2012,1537,1522,1260,1701,988,1500,1500,1500,1500,1500,1500,1500,1500,1500,1500,1500,1500,1500,1500,1500,1500,1500,1500,1500,1500,1500,1500,7.4
2026-08-08,12:44:10.190,160.1,-4.9,-82,-97,100,8,0,8,10,-75,100,7,12.2,0.0,0,0,-3,-135,-1006,111,30,-1024,-3,-916,-31,-1,-1,-1,-1,-1,1,0,-1,0x0000000000000000,1511,1466,1562,1538,2012,1569,1540,1260,1701,988,1500,1500,1500,1500,1500,1500,1500,1500,1500,1500,1500,1500,1500,1500,1500,1500,1500,1500,1500,1500,1500,1500,7.4
2026-08-08,12:44:10.690,157.7,-4.2,-80,-97,100,11,0,8,10,-76,96,10,12.2,0.0,0,0,-5,-154,-1005,1,30,-1024,-3,-916,-32,-1,-1,-1,-1,-1,1,0,-1,0x0000000000000000,1510,1471,1532,1520,2012,1536,1521,1260,1701,988,1500,1500,1500,1500,1500,1500,1500,1500,1500,1500,1500,1500,1500,1500,1500,1500,1500,1500,1500,1500,1500,1500,7.4
2026-08-08,12:44:11.190,159.4,2.5,-83,-97,100,9,0,8,10,-83,100,10,12.2,0.0,0,0,-4,-3,-1005,5,30,-1024,-3,-916,-32,-1,-1,-1,-1,-1,1,0,-1,0x0000000000000000,1511,1433,1533,1520,2012,1537,1522,1260,1701,988,1500,1500,1500,1500,1500,1500,1500,1500,1500,1500,1500,1500,1500,1500,1500,1500,1500,1500,1500,1500,1500,1500,7.4
2026-08-08,12:44:11.690,162.4,4.9,-83,-97,100,10,0,8,50,-82,92,10,12.2,0.0,0,0,-4,-7,-1005,6,30,-1024,-3,-916,-31,-1,-1,-1,-1,-1,1,0,-1,0x0000000000000000,1511,1434,1533,1520,2012,1537,1522,1260,1701,988,1500,1500,1500,1500,1500,1500,1500,1500,1500,1500,1500,1500,1500,1500,1500,1500,1500,1500,1500,1500,1500,1500,7.4
2026-08-08,12:44:12.190,166.1,6.4,-83,-97,100,7,0,8,10,-86,88,9,12.2,0.0,0,0,-5,-7,-1005,5,30,-1024,-3,-916,-32,-1,-1,-1,-1,-1,1,0,-1,0x0000000000000000,1510,1434,1533,1520,2012,1537,1522,1260,1701,988,1500,1500,1500,1500,1500,1500,1500,1500,1500,1500,1500,1500,1500,1500,1500,1500,1500,1500,1500,1500,1500,1500,7.4
2026-08-08,12:44:12.690,168.4,4.8,-84,-97,97,10,0,8,10,-78,100,9,12.2,0.0,0,0,-5,-3,-1005,5,29,-1024,-3,-916,-32,-1,-1,-1,-1,-1,1,0,-1,0x0000000000000000,1510,1433,1533,1520,2012,1537,1522,1260,1701,988,1500,1500,1500,1500,1500,1500,1500,1500,1500,1500,1500,1500,1500,1500,1500,1500,1500,1500,1500,1500,1500,1500,7.4
2026-08-08,12:44:13.190,170.4,3.5,-79,-97,100,10,0,8,10,-74,96,8,12.2,0.0,0,0,-5,-24,-1005,-314,30,-1024,-3,-916,-32,-1,-1,-1,-1,-1,1,0,-1,0x0000000000000000,1510,1439,1455,1471,2012,1442,1466,1260,1701,988,1500,1500,1500,1500,1500,1500,1500,1500,1500,1500,1500,1500,1500,1500,1500,1500,1500,1500,1500,1500,1500,1500,7.4
2026-08-08,12:44:13.690,171.2,1.5,-81,-97,100,5,0,8,25,-80,100,9,12.2,0.0,0,0,-5,-334,-1005,-381,30,-1024,-3,-916,-32,-1,-1,-1,-1,-1,1,0,-1,0x0000000000000000,1510,1524,1439,1461,2012,1422,1454,1260,1701,988,1500,1500,1500,1500,1500,1500,1500,1500,1500,1500,1500,1500,1500,1500,1500,1500,1500,1500,1500,1500,1500,1500,7.4
2026-08-08,12:44:14.190,171.4,0.6,-87,-92,100,10,0,8,100,-97,84,3,12.2,0.0,0,0,-5,-520,-1005,15,30,-1024,-3,-916,-32,-1,-1,-1,-1,-1,1,0,-1,0x0000000000000000,1510,1586,1536,1522,2012,1540,1523,1260,1701,988,1500,1500,1500,1500,1500,1500,1500,1500,1500,1500,1500,1500,1500,1500,1500,1500,1500,1500,1500,1500,1500,1500,7.4
2026-08-08,12:44:14.690,171.1,-0.5,-98,-83,94,10,1,8,100,-89,80,7,12.2,0.0,0,0,-4,-478,-1005,68,30,-1024,-3,-916,-32,-1,-1,-1,-1,-1,1,0,-1,0x0000000000000000,1511,1571,1550,1531,2012,1556,1533,1260,1701,988,1500,1500,1500,1500,1500,1500,1500,1500,1500,1500,1500,1500,1500,1500,1500,1500,1500,1500,1500,1500,1500,1500,7.4
2026-08-08,12:44:15.190,170.6,-0.3,-98,-82,95,10,1,8,250,-91,88,4,12.2,0.0,0,0,-4,-286,-1005,2,30,-1024,-3,-916,-32,-1,-1,-1,-1,-1,1,0,-1,0x0000000000000000,1511,1510,1532,1520,2012,1536,1521,1260,1701,988,1500,1500,1500,1500,1500,1500,1500,1500,1500,1500,1500,1500,1500,1500,1500,1500,1500,1500,1500,1500,1500,1500,7.4
2026-08-08,12:44:15.690,170.6,0.0,-98,-85,100,7,1,8,50,-87,92,7,12.2,0.0,0,0,-4,-272,-1005,5,30,-1024,-3,-916,-32,-1,-1,-1,-1,-1,1,0,-1,0x0000000000000000,1511,1505,1533,1520,2012,1537,1522,1260,1701,988,1500,1500,1500,1500,1500,1500,1500,1500,1500,1500,1500,1500,1500,1500,1500,1500,1500,1500,1500,1500,1500,1500,7.4
2026-08-08,12:44:16.190,170.6,0.0,-79,-87,100,7,0,8,25,-79,92,-4,12.2,0.0,0,0,-4,-292,-1005,-10,29,-1024,-3,-916,-32,-1,-1,-1,-1,-1,1,0,-1,0x0000000000000000,1511,1512,1529,1518,2012,1532,1519,1260,1701,988,1500,1500,1500,1500,1500,1500,1500,1500,1500,1500,1500,1500,1500,1500,1500,1500,1500,1500,1500,1500,1500,1500,7.4
2026-08-08,12:44:16.690,172.2,3.1,-80,-94,100,10,0,8,10,-82,100,9,12.2,0.0,0,0,-4,-334,-1005,-43,30,-1024,-3,-916,-32,-1,-1,-1,-1,-1,1,0,-1,0x0000000000000000,1511,1524,1520,1512,2012,1523,1513,1260,1701,988,1500,1500,1500,1500,1500,1500,1500,1500,1500,1500,1500,1500,1500,1500,1500,1500,1500,1500,1500,1500,1500,1500,7.4
2026-08-08,12:44:17.190,174.0,3.5,-82,-94,100,10,0,8,10,-79,100,10,12.2,0.0,0,0,-2,-116,-1003,4,30,-1024,-3,-916,-31,-1,-1,-1,-1,-1,1,0,-1,0x0000000000000000,1511,1461,1533,1520,2012,1537,1522,1260,1701,988,1500,1500,1500,1500,1500,1500,1500,1500,1500,1500,1500,1500,1500,1500,1500,1500,1500,1500,1500,1500,1500,1500,7.4
2026-08-08,12:44:17.690,175.8,3.1,-79,-98,94,11,0,8,250,-78,96,7,12.2,0.0,0,0,-4,-309,-1005,103,30,-1024,-3,-916,-32,-1,-1,-1,-1,-1,1,0,-1,0x0000000000000000,1511,1516,1559,1536,2012,1566,1539,1260,1701,988,1500,1500,1500,1500,1500,1500,1500,1500,1500,1500,1500,1500,1500,1500,1500,1500,1500,1500,1500,1500,1500,1500,7.4
2026-08-08,12:44:18.190,176.5,1.7,-74,-98,100,6,0,8,10,-76,100,10,12.2,0.0,0,0,-4,-310,-1005,-331,30,-1024,-3,-916,-31,-1,-1,-1,-1,-1,1,0,-1,0x0000000000000000,1511,1517,1451,1469,2012,1437,1463,1260,1701,988,1500,1500,1500,1500,1500,1500,1500,1500,1500,1500,1500,1500,1500,1500,1500,1500,1500,1500,1500,1500,1500,1500,7.4
2026-08-08,12:44:18.690,176.8,0.7,-85,-90,100,10,0,8,25,-85,96,9,12.2,0.0,0,0,-4,-418,-1005,-207,30,-1024,-3,-916,-31,-1,-1,-1,-1,-1,1,0,-1,0x0000000000000000,1511,1551,1480,1487,2012,1474,1485,1260,1701,988,1500,1500,1500,1500,1500,1500,1500,1500,1500,1500,1500,1500,1500,1500,1500,1500,1500,1500,1500,1500,1500,1500,7.4
2026-08-08,12:44:19.190,176.7,-0.3,-84,-90,100,8,0,8,10,-79,88,10,12.2,0.0,0,0,-4,-491,-1005,-98,30,-1024,-3,-916,-31,-1,-1,-1,-1,-1,1,0,-1,0x0000000000000000,1511,1575,1505,1503,2012,1506,1504,1260,1701,988,1500,1500,1500,1500,1500,1500,1500,1500,1500,1500,1500,1500,1500,1500,1500,1500,1500,1500,1500,1500,1500,1500,7.4
2026-08-08,12:44:19.690,176.4,-0.4,-82,-90,100,4,0,8,25,-82,100,10,12.2,0.0,0,0,-4,-347,-1005,-215,30,-1024,-3,-916,-32,-1,-1,-1,-1,-1,1,0,-1,0x0000000000000000,1511,1528,1478,1486,2012,1471,1483,1260,1701,988,1500,1500,1500,1500,1500,1500,1500,1500,1500,1500,1500,1500,1500,1500,1500,1500,1500,1500,1500,1500,1500,1500,7.4
2026-08-08,12:44:20.190,177.2,1.2,-79,-86,98,6,0,8,50,-88,96,7,12.2,0.0,0,0,-5,-278,-1005,-228,30,-1024,-3,-916,-31,-1,-1,-1,-1,-1,1,0,-1,0x0000000000000000,1510,1507,1475,1484,2012,1468,1481,1260,1701,988,1500,1500,1500,1500,1500,1500,1500,1500,1500,1500,1500,1500,1500,1500,1500,1500,1500,1500,1500,1500,1500,1500,7.4
2026-08-08,12:44:20.690,177.4,0.2,-84,-99,96,7,0,8,10,-82,100,9,12.2,0.0,0,0,-394,-266,-1005,-1,30,-1024,-3,-916,-31,-1,-1,-1,-1,-1,1,0,-1,0x0000000000000000,1404,1504,1532,1519,2012,1535,1521,1260,1701,988,1500,1500,1500,1500,1500,1500,1500,1500,1500,1500,1500,1500,1500,1500,1500,1500,1500,1500,1500,1500,1500,1500,7.4
2026-08-08,12:44:21.190,177.4,-0.2,-84,-99,100,8,0,8,10,-78,100,8,12.2,0.0,0,0,-537,-170,-1005,173,30,-1024,-3,-916,-32,-1,-1,-1,-1,-1,1,0,-1,0x0000000000000000,1358,1476,1578,1548,2012,1587,1551,1260,1701,988,1500,1500,1500,1500,1500,1500,1500,1500,1500,1500,1500,1500,1500,1500,1500,1500,1500,1500,1500,1500,1500,1500,7.4
2026-08-08,12:44:21.690,176.7,-1.5,-83,-99,100,6,0,8,10,-82,96,10,12.2,0.0,0,0,-523,-10,-1005,484,29,-1024,-3,-916,-32,-1,-1,-1,-1,-1,1,0,-1,0x0000000000000000,1363,1435,1662,1598,2012,1679,1606,1260,1701,988,1500,1500,1500,1500,1500,1500,1500,1500,1500,1500,1500,1500,1500,1500,1500,1500,1500,1500,1500,1500,1500,1500,7.4
2026-08-08,12:44:22.190,175.9,-1.9,-84,-99,100,9,0,8,10,-85,100,8,12.2,0.0,0,0,-496,-217,-1007,438,30,-1024,-3,-916,-32,-1,-1,-1,-1,-1,1,0,-1,0x0000000000000000,1372,1487,1649,1591,2012,1666,1598,1260,1701,988,1500,1500,1500,1500,1500,1500,1500,1500,1500,1500,1500,1500,1500,1500,1500,1500,1500,1500,1500,1500,1500,1500,7.4
2026-08-08,12:44:22.690,174.8,-1.6,-86,-99,100,8,0,8,25,-85,96,9,12.2,0.0,0,0,-429,-53,-1007,726,29,-1024,-3,-916,-32,-1,-1,-1,-1,-1,1,0,-1,0x0000000000000000,1393,1446,1726,1638,2012,1751,1648,1260,1701,988,1500,1500,1500,1500,1500,1500,1500,1500,1500,1500,1500,1500,1500,1500,1500,1500,1500,1500,1500,1500,1500,1500,7.4
2026-08-08,12:44:23.190,174.3,-0.9,-83,-93,99,8,0,8,50,-80,92,11,12.2,0.0,0,0,-13,-3,-1006,706,29,-1024,-3,-916,-31,-1,-1,-1,-1,-1,1,0,-1,0x0000000000000000,1508,1433,1721,1635,2012,1745,1644,1260,1701,988,1500,1500,1500,1500,1500,1500,1500,1500,1500,1500,1500,1500,1500,1500,1500,1500,1500,1500,1500,1500,1500,1500,7.4
2026-08-08,12:44:23.690,175.2,1.9,-85,-93,98,9,0,8,10,-78,100,9,12.2,0.0,0,0,-3,-1,-1006,7,30,-1024,-3,-916,-31,-1,-1,-1,-1,-1,1,0,-1,0x0000000000000000,1511,1433,1534,1521,2012,1538,1522,1260,1701,988,1500,1500,1500,1500,1500,1500,1500,1500,1500,1500,1500,1500,1500,1500,1500,1500,1500,1500,1500,1500,1500,1500,7.4
2026-08-08,12:44:24.190,176.8,3.2,-82,-93,100,8,0,8,10,-77,100,10,12.2,0.0,0,0,-4,-4,-1005,4,30,-1024,-3,-916,-32,-1,-1,-1,-1,-1,1,0,-1,0x0000000000000000,1511,1433,1533,1520,2012,1537,1522,1260,1701,988,1500,1500,1500,1500,1500,1500,1500,1500,1500,1500,1500,1500,1500,1500,1500,1500,1500,1500,1500,1500,1500,1500,7.4
2026-08-08,12:44:24.690,178.3,3.8,-82,-93,100,10,0,8,10,-78,100,5,12.2,0.0,0,0,-4,-3,-1005,6,30,-1024,-3,-916,-31,-1,-1,-1,-1,-1,1,0,-1,0x0000000000000000,1511,1433,1533,1520,2012,1537,1522,1260,1701,988,1500,1500,1500,1500,1500,1500,1500,1500,1500,1500,1500,1500,1500,1500,1500,1500,1500,1500,1500,1500,1500,1500,7.4
2026-08-08,12:44:25.190,179.8,3.2,-82,-93,100,10,0,8,10,-74,96,12,12.2,0.0,0,0,-5,-2,-1005,3,30,-1024,-3,-916,-31,-1,-1,-1,-1,-1,1,0,-1,0x0000000000000000,1510,1433,1533,1520,2012,1536,1521,1260,1701,988,1500,1500,1500,1500,1500,1500,1500,1500,1500,1500,1500,1500,1500,1500,1500,1500,1500,1500,1500,1500,1500,1500,7.4
2026-08-08,12:44:25.690,181.9,3.6,-80,-93,100,9,0,8,10,-76,100,11,12.2,0.0,0,0,255,-5,-1006,549,29,-1024,-3,-916,-31,-1,-1,-1,-1,-1,1,0,-1,0x0000000000000000,1580,1434,1679,1609,2012,1699,1617,1260,1701,988,1500,1500,1500,1500,1500,1500,1500,1500,1500,1500,1500,1500,1500,1500,1500,1500,1500,1500,1500,1500,1500,1500,7.4
2026-08-08,12:44:26.190,183.7,3.3,-78,-93,100,11,0,8,10,-76,100,12,12.2,0.0,0,0,161,-2,-1006,879,29,-1024,-3,-916,-32,-1,-1,-1,-1,-1,1,0,-1,0x0000000000000000,1550,1433,1767,1663,2012,1797,1675,1260,1701,988,1500,1500,1500,1500,1500,1500,1500,1500,1500,1500,1500,1500,1500,1500,1500,1500,1500,1500,1500,1500,1500,1500,7.4
2026-08-08,12:44:26.690,184.7,1.9,-81,-93,100,10,0,8,10,-76,100,11,12.2,0.0,0,0,-4,-1,-1005,921,29,-1024,-3,-916,-32,-1,-1,-1,-1,-1,1,0,-1,0x0000000000000000,1511,1433,1779,1670,2012,1809,1682,1260,1701,988,1500,1500,1500,1500,1500,1500,1500,1500,1500,1500,1500,1500,1500,1500,1500,1500,1500,1500,1500,1500,1500,1500,7.4
2026-08-08,12:44:27.190,185.0,0.5,-81,-95,98,8,0,8,10,-79,100,10,12.2,0.0,0,0,-4,-270,-1005,-104,30,-1024,-3,-916,-32,-1,-1,-1,-1,-1,1,0,-1,0x0000000000000000,1511,1505,1504,1502,2012,1504,1503,1260,1701,988,1500,1500,1500,1500,1500,1500,1500,1500,1500,1500,1500,1500,1500,1500,1500,1500,1500,1500,1500,1500,1500,1500,7.4
2026-08-08,12:44:27.690,184.3,-1.1,-82,-94,100,8,0,8,25,-84,84,3,12.2,0.0,0,0,-4,-301,-1005,78,29,-1024,-3,-916,-32,-1,-1,-1,-1,-1,1,0,-1,0x0000000000000000,1511,1514,1553,1532,2012,1559,1535,1260,1701,988,1500,1500,1500,1500,1500,1500,1500,1500,1500,1500,1500,1500,1500,1500,1500,1500,1500,1500,1500,1500,1500,1500,7.4
2026-08-08,12:44:28.190,183.3,-2.1,-77,-93,100,4,0,8,25,-85,92,9,12.2,0.0,0,0,-4,-33,-1005,-335,30,-1024,-3,-916,-31,-1,-1,-1,-1,-1,1,0,-1,0x0000000000000000,1511,1441,1450,1468,2012,1435,1462,1260,1701,988,1500,1500,1500,1500,1500,1500,1500,1500,1500,1500,1500,1500,1500,1500,1500,1500,1500,1500,1500,1500,1500,1500,7.4
2026-08-08,12:44:28.690,182.1,-1.8,-78,-94,98,10,0,8,10,-82,100,8,12.2,0.0,0,0,-4,-19,-1005,-432,30,-1024,-3,-916,-32,-1,-1,-1,-1,-1,1,0,-1,0x0000000000000000,1511,1437,1427,1454,2012,1406,1446,1260,1701,988,1500,1500,1500,1500,1500,1500,1500,1500,1500,1500,1500,1500,1500,1500,1500,1500,1500,1500,1500,1500,1500,1500,7.4
2026-08-08,12:44:29.190,180.6,-2.3,-82,-92,99,7,0,8,25,-81,100,10,12.2,0.0,0,0,-4,-6,-1005,27,30,-1024,-3,-916,-32,-1,-1,-1,-1,-1,1,0,-1,0x0000000000000000,1511,1434,1539,1524,2012,1544,1526,1260,1701,988,1500,1500,1500,1500,1500,1500,1500,1500,1500,1500,1500,1500,1500,1500,1500,1500,1500,1500,1500,1500,1500,1500,7.4
2026-08-08,12:44:29.690,179.9,-1.6,-83,-92,100,11,0,8,100,-78,100,11,12.2,0.0,0,0,-4,-1,-1005,782,29,-1024,-3,-916,-31,-1,-1,-1,-1,-1,1,0,-1,0x0000000000000000,1511,1433,1741,1647,2012,1768,1658,1260,1701,988,1500,1500,1500,1500,1500,1500,1500,1500,1500,1500,1500,1500,1500,1500,1500,1500,1500,1500,1500,1500,1500,1500,7.4
2026-08-08,12:44:30.190,179.9,0.1,-81,-92,100,8,0,8,10,-75,96,11,12.2,0.0,0,0,-2,-11,-1006,800,29,-1024,-3,-916,-31,-1,-1,-1,-1,-1,1,0,-1,0x0000000000000000,1511,1438,1746,1650,2012,1773,1661,1260,1701,988,1500,1500,1500,1500,1500,1500,1500,1500,1500,1500,1500,1500,1500,1500,1500,1500,1500,1500,1500,1500,1500,1500,7.4
2026-08-08,12:44:30.690,179.5,-0.4,-80,-92,100,10,0,8,10,-75,100,10,12.2,0.0,0,0,33,-464,-1005,207,30,-1024,-3,-916,-32,-1,-1,-1,-1,-1,1,0,-1,0x0000000000000000,1521,1566,1587,1553,2012,1597,1557,1260,1701,988,1500,1500,1500,1500,1500,1500,1500,1500,1500,1500,1500,1500,1500,1500,1500,1500,1500,1500,1500,1500,1500,1500,7.4
2026-08-08,12:44:31.190,179.3,0.1,-80,-92,100,10,0,8,10,-76,100,11,12.2,0.0,0,0,58,-427,-1005,-10,30,-1024,-3,-916,-32,-1,-1,-1,-1,-1,1,0,-1,0x0000000000000000,1527,1554,1529,1518,2012,1532,1519,1260,1701,988,1500,1500,1500,1500,1500,1500,1500,1500,1500,1500,1500,1500,1500,1500,1500,1500,1500,1500,1500,1500,1500,1500,7.4
2026-08-08,12:44:31.690,180.4,1.9,-83,-92,100,9,0,8,10,-82,96,8,12.2,0.0,0,0,7,-439,-1005,-171,30,-1024,-3,-916,-31,-1,-1,-1,-1,-1,1,0,-1,0x0000000000000000,1514,1558,1488,1493,2012,1485,1491,1260,1701,988,1500,1500,1500,1500,1500,1500,1500,1500,1500,1500,1500,1500,1500,1500,1500,1500,1500,1500,1500,1500,1500,1500,7.4
2026-08-08,12:44:32.190,181.8,2.6,-82,-92,100,9,0,8,10,-77,96,10,12.2,0.0,0,0,-3,-403,-1005,-251,30,-1024,-3,-916,-31,-1,-1,-1,-1,-1,1,0,-1,0x0000000000000000,1511,1546,1469,1481,2012,1461,1477,1260,1701,988,1500,1500,1500,1500,1500,1500,1500,1500,1500,1500,1500,1500,1500,1500,1500,1500,1500,1500,1500,1500,1500,1500,7.4
2026-08-08,12:44:32.690,183.2,2.7,-85,-91,98,6,0,8,250,-86,80,9,12.2,0.0,0,0,-4,-378,-1005,-274,30,-1024,-3,-916,-32,-1,-1,-1,-1,-1,1,0,-1,0x0000000000000000,1511,1538,1464,1477,2012,1454,1473,1260,1701,988,1500,1500,1500,1500,1500,1500,1500,1500,1500,1500,1500,1500,1500,1500,1500,1500,1500,1500,1500,1500,1500,1500,7.4
2026-08-08,12:44:33.190,184.3,1.9,-78,-99,93,11,0,8,250,-82,96,10,12.2,0.0,0,0,-4,-295,-1005,-95,30,-1024,-3,-916,-31,-1,-1,-1,-1,-1,1,0,-1,0x0000000000000000,1511,1512,1506,1504,2012,1507,1504,1260,1701,988,1500,1500,1500,1500,1500,1500,1500,1500,1500,1500,1500,1500,1500,1500,1500,1500,1500,1500,1500,1500,1500,1500,7.4
2026-08-08,12:44:33.690,184.6,1.2,-67,-99,98,10,0,8,10,-71,100,10,12.2,0.0,0,0,-5,-312,-1005,360,29,-1024,-3,-916,-31,-1,-1,-1,-1,-1,1,0,-1,0x0000000000000000,1510,1518,1628,1578,2012,1642,1584,1260,1701,988,1500,1500,1500,1500,1500,1500,1500,1500,1500,1500,1500,1500,1500,1500,1500,1500,1500,1500,1500,1500,1500,1500,7.4
2026-08-08,12:44:34.190,184.6,0.4,-81,-94,100,6,0,8,10,-77,96,10,12.2,0.0,0,0,-4,-415,-1005,198,29,-1024,-3,-916,-31,-1,-1,-1,-1,-1,1,0,-1,0x0000000000000000,1511,1550,1585,1552,2012,1594,1556,1260,1701,988,1500,1500,1500,1500,1500,1500,1500,1500,1500,1500,1500,1500,1500,1500,1500,1500,1500,1500,1500,1500,1500,1500,7.4
2026-08-08,12:44:34.690,182.8,-3.1,-84,-94,100,9,0,8,250,-87,100,7,12.2,0.0,0,0,-4,-412,-1005,204,29,-1024,-3,-916,-31,-1,-1,-1,-1,-1,1,0,-1,0x0000000000000000,1511,1549,1587,1553,2012,1596,1557,1260,1701,988,1500,1500,1500,1500,1500,1500,1500,1500,1500,1500,1500,1500,1500,1500,1500,1500,1500,1500,1500,1500,1500,1500,7.4
2026-08-08,12:44:35.190,181.1,-3.0,-87,-93,95,9,0,8,25,-82,88,10,12.2,0.0,0,0,-4,-479,-1006,224,30,-1024,-3,-916,-31,-1,-1,-1,-1,-1,1,0,-1,0x0000000000000000,1511,1572,1592,1556,2012,1602,1560,1260,1701,988,1500,1500,1500,1500,1500,1500,1500,1500,1500,1500,1500,1500,1500,1500,1500,1500,1500,1500,1500,1500,1500,1500,7.4
2026-08-08,12:44:35.690,179.5,-3.0,-86,-93,100,7,0,8,10,-79,88,10,12.2,0.0,0,0,-4,-529,-1005,98,30,-1024,-3,-916,-31,-1,-1,-1,-1,-1,1,0,-1,0x0000000000000000,1511,1589,1558,1535,2012,1565,1538,1260,1701,988,1500,1500,1500,1500,1500,1500,1500,1500,1500,1500,1500,1500,1500,1500,1500,1500,1500,1500,1500,1500,1500,1500,7.4
2026-08-08,12:44:36.190,179.4,-0.3,-82,-93,100,10,0,8,10,-79,100,12,12.2,0.0,0,0,-4,-330,-1005,337,29,-1024,-3,-916,-31,-1,-1,-1,-1,-1,1,0,-1,0x0000000000000000,1511,1523,1622,1574,2012,1636,1580,1260,1701,988,1500,1500,1500,1500,1500,1500,1500,1500,1500,1500,1500,1500,1500,1500,1500,1500,1500,1500,1500,1500,1500,1500,7.4
2026-08-08,12:44:36.690,180.0,0.6,-82,-93,100,8,0,8,10,-78,100,9,12.2,0.0,0,0,-4,-501,-1005,7,29,-1024,-3,-916,-31,-1,-1,-1,-1,-1,1,0,-1,0x0000000000000000,1511,1579,1534,1521,2012,1538,1522,1260,1701,988,1500,1500,1500,1500,1500,1500,1500,1500,1500,1500,1500,1500,1500,1500,1500,1500,1500,1500,1500,1500,1500,1500,7.4
2026-08-08,12:44:37.190,180.6,1.1,-81,-93,100,10,0,8,10,-77,92,10,12.2,0.0,0,0,-4,-351,-1005,-226,30,-1024,-3,-916,-31,-1,-1,-1,-1,-1,1,0,-1,0x0000000000000000,1511,1530,1475,1484,2012,1468,1482,1260,1701,988,1500,1500,1500,1500,1500,1500,1500,1500,1500,1500,1500,1500,1500,1500,1500,1500,1500,1500,1500,1500,1500,1500,7.4
2026-08-08,12:44:37.690,180.7,0.5,-79,-93,100,10,0,8,10,-77,100,10,12.2,0.0,0,0,-4,-299,-1005,-231,30,-1024,-3,-916,-32,-1,-1,-1,-1,-1,1,0,-1,0x0000000000000000,1511,1514,1474,1484,2012,1467,1481,1260,1701,988,1500,1500,1500,1500,1500,1500,1500,1500,1500,1500,1500,1500,1500,1500,1500,1500,1500,1500,1500,1500,1500,1500,7.4
2026-08-08,12:44:38.190,181.5,1.2,-82,-93,100,9,0,8,10,-81,100,9,12.2,0.0,0,0,-4,-182,-1005,-214,30,-1024,-3,-916,-32,-1,-1,-1,-1,-1,1,0,-1,0x0000000000000000,1511,1480,1478,1486,2012,1472,1484,1260,1701,988,1500,1500,1500,1500,1500,1500,1500,1500,1500,1500,1500,1500,1500,1500,1500,1500,1500,1500,1500,1500,1500,1500,7.4
2026-08-08,12:44:38.690,181.5,-0.1,-85,-97,99,1,0,8,50,-80,96,9,12.2,0.0,0,0,-4,-197,-1005,-230,30,-1024,-3,-916,-31,-1,-1,-1,-1,-1,1,0,-1,0x0000000000000000,1511,1484,1474,1484,2012,1467,1481,1260,1701,988,1500,1500,1500,1500,1500,1500,1500,1500,1500,1500,1500,1500,1500,1500,1500,1500,1500,1500,1500,1500,1500,1500,7.4
2026-08-08,12:44:39.190,181.6,0.1,-82,-97,100,10,0,8,10,-76,88,9,12.2,0.0,0,0,-4,-217,-1006,-243,30,-1024,-3,-916,-31,-1,-1,-1,-1,-1,1,0,-1,0x0000000000000000,1511,1490,1471,1482,2012,1463,1479,1260,1701,988,1500,1500,1500,1500,1500,1500,1500,1500,1500,1500,1500,1500,1500,1500,1500,1500,1500,1500,1500,1500,1500,1500,7.4
2026-08-08,12:44:39.690,182.6,1.6,-84,-97,100,9,0,8,10,-80,92,6,12.2,0.0,0,0,-4,-212,-1005,-232,30,-1024,-3,-916,-31,-1,-1,-1,-1,-1,1,0,-1,0x0000000000000000,1511,1488,1474,1484,2012,1467,1481,1260,1701,988,1500,1500,1500,1500,1500,1500,1500,1500,1500,1500,1500,1500,1500,1500,1500,1500,1500,1500,1500,1500,1500,1500,7.4
2026-08-08,12:44:40.190,184.0,2.7,-81,-92,100,10,0,8,50,-83,96,8,12.2,0.0,0,0,-4,28,-1006,574,29,-1024,-3,-916,-31,-1,-1,-1,-1,-1,1,0,-1,0x0000000000000000,1511,1426,1686,1613,2012,1706,1621,1260,1701,988,1500,1500,1500,1500,1500,1500,1500,1500,1500,1500,1500,1500,1500,1500,1500,1500,1500,1500,1500,1500,1500,1500,7.4
2026-08-08,12:44:40.690,185.4,2.3,-97,-91,96,1,1,8,250,-99,92,-3,12.2,0.0,0,0,-4,-1,-1005,705,29,-1024,-3,-916,-32,-1,-1,-1,-1,-1,1,0,-1,0x0000000000000000,1511,1433,1721,1635,2012,1745,1644,1260,1701,988,1500,1500,1500,1500,1500,1500,1500,1500,1500,1500,1500,1500,1500,1500,1500,1500,1500,1500,1500,1500,1500,1500,7.4
2026-08-08,12:44:41.190,186.0,1.2,-85,-91,96,0,0,8,250,-91,92,6,12.2,0.0,0,0,-4,-361,-1005,415,29,-1024,-3,-916,-32,-1,-1,-1,-1,-1,1,0,-1,0x0000000000000000,1511,1533,1643,1587,2012,1659,1594,1260,1701,988,1500,1500,1500,1500,1500,1500,1500,1500,1500,1500,1500,1500,1500,1500,1500,1500,1500,1500,1500,1500,1500,1500,7.4
2026-08-08,12:44:41.690,185.9,0.0,-85,-99,95,7,0,8,10,-78,100,3,12.2,0.0,0,0,-4,-427,-1005,2,30,-1024,-3,-916,-31,-1,-1,-1,-1,-1,1,0,-1,0x0000000000000000,1511,1554,1532,1520,2012,1536,1521,1260,1701,988,1500,1500,1500,1500,1500,1500,1500,1500,1500,1500,1500,1500,1500,1500,1500,1500,1500,1500,1500,1500,1500,1500,7.4
2026-08-08,12:44:42.190,185.5,-0.3,-78,-99,97,10,0,8,10,-73,88,10,12.2,0.0,0,0,-4,-385,-1005,-45,30,-1024,-3,-916,-32,-1,-1,-1,-1,-1,1,0,-1,0x0000000000000000,1511,1540,1520,1512,2012,1522,1513,1260,1701,988,1500,1500,1500,1500,1500,1500,1500,1500,1500,1500,1500,1500,1500,1500,1500,1500,1500,1500,1500,1500,1500,1500,7.4
2026-08-08,12:44:42.690,185.0,-0.8,-79,-99,100,9,0,8,25,-76,92,10,12.2,0.0,0,0,-4,-150,-1005,440,29,-1024,-3,-916,-32,-1,-1,-1,-1,-1,1,0,-1,0x0000000000000000,1511,1470,1650,1591,2012,1666,1598,1260,1701,988,1500,1500,1500,1500,1500,1500,1500,1500,1500,1500,1500,1500,1500,1500,1500,1500,1500,1500,1500,1500,1500,1500,7.4
2026-08-08,12:44:43.190,184.5,-1.5,-88,-84,99,9,1,8,10,-83,88,7,12.2,0.0,0,0,-4,-321,-1006,-1,29,-1024,-3,-916,-31,-1,-1,-1,-1,-1,1,0,-1,0x0000000000000000,1511,1520,1532,1519,2012,1535,1521,1260,1701,988,1500,1500,1500,1500,1500,1500,1500,1500,1500,1500,1500,1500,1500,1500,1500,1500,1500,1500,1500,1500,1500,1500,7.4
2026-08-08,12:44:43.690,181.6,-4.8,-83,-85,99,10,0,8,10,-78,92,10,12.2,0.0,0,0,-4,-258,-1005,6,30,-1024,-3,-916,-32,-1,-1,-1,-1,-1,1,0,-1,0x0000000000000000,1511,1502,1533,1520,2012,1537,1522,1260,1701,988,1500,1500,1500,1500,1500,1500,1500,1500,1500,1500,1500,1500,1500,1500,1500,1500,1500,1500,1500,1500,1500,1500,7.4
2026-08-08,12:44:44.190,179.2,-5.4,-85,-85,100,7,0,8,10,-80,88,11,12.2,0.0,0,0,-4,-264,-1006,-26,30,-1024,-3,-916,-32,-1,-1,-1,-1,-1,1,0,-1,0x0000000000000000,1511,1503,1525,1515,2012,1528,1516,1260,1701,988,1500,1500,1500,1500,1500,1500,1500,1500,1500,1500,1500,1500,1500,1500,1500,1500,1500,1500,1500,1500,1500,1500,7.4
2026-08-08,12:44:44.690,177.0,-4.5,-84,-85,100,9,0,8,10,-77,96,11,12.2,0.0,0,0,-4,-141,-1005,-123,30,-1024,-3,-916,-32,-1,-1,-1,-1,-1,1,0,-1,0x0000000000000000,1511,1467,1500,1500,2012,1499,1500,1260,1701,988,1500,1500,1500,1500,1500,1500,1500,1500,1500,1500,1500,1500,1500,1500,1500,1500,1500,1500,1500,1500,1500,1500,7.4
2026-08-08,12:44:45.190,177.1,-0.8,-84,-86,98,10,1,8,100,-94,88,5,12.2,0.0,0,0,-4,-16,-1006,-393,30,-1024,-3,-916,-31,-1,-1,-1,-1,-1,1,0,-1,0x0000000000000000,1511,1436,1436,1459,2012,1418,1452,1260,1701,988,1500,1500,1500,1500,1500,1500,1500,1500,1500,1500,1500,1500,1500,1500,1500,1500,1500,1500,1500,1500,1500,1500,7.4
2026-08-08,12:44:45.690,179.1,3.0,-83,-86,97,9,0,8,10,-76,96,10,12.2,0.0,0,0,-4,-7,-1006,-646,30,-1024,-3,-916,-32,-1,-1,-1,-1,-1,1,0,-1,0x0000000000000000,1511,1434,1377,1421,2012,1342,1408,1260,1701,988,1500,1500,1500,1500,1500,1500,1500,1500,1500,1500,1500,1500,1500,1500,1500,1500,1500,1500,1500,1500,1500,1500,7.4
2026-08-08,12:44:46.190,180.9,3.8,-81,-86,98,10,0,8,10,-80,96,10,12.2,0.0,0,0,-4,61,-1005,-770,30,-1024,-3,-916,-32,-1,-1,-1,-1,-1,1,0,-1,0x0000000000000000,1511,1418,1348,1403,2012,1305,1386,1260,1701,988,1500,1500,1500,1500,1500,1500,1500,1500,1500,1500,1500,1500,1500,1500,1500,1500,1500,1500,1500,1500,1500,1500,7.4
2026-08-08,12:44:46.690,182.7,3.3,-83,-86,100,6,0,8,25,-85,100,9,12.2,0.0,0,0,-4,20,-1005,-284,30,-1024,-3,-916,-31,-1,-1,-1,-1,-1,1,0,-1,0x0000000000000000,1511,1427,1462,1476,2012,1451,1471,1260,1701,988,1500,1500,1500,1500,1500,1500,1500,1500,1500,1500,1500,1500,1500,1500,1500,1500,1500,1500,1500,1500,1500,1500,7.4
2026-08-08,12:44:47.190,183.5,1.5,-75,-91,97,10,0,8,50,-86,88,8,12.2,0.0,0,0,-3,-445,-1005,-1,30,-1024,-3,-916,-31,-1,-1,-1,-1,-1,1,0,-1,0x0000000000000000,1511,1560,1532,1519,2012,1535,1521,1260,1701,988,1500,1500,1500,1500,1500,1500,1500,1500,1500,1500,1500,1500,1500,1500,1500,1500,1500,1500,1500,1500,1500,1500,7.4
2026-08-08,12:44:47.690,182.6,-1.6,-83,-98,97,9,0,8,100,-85,96,9,12.2,0.0,0,0,-4,-112,-1005,671,29,-1024,-3,-916,-31,-1,-1,-1,-1,-1,1,0,-1,0x0000000000000000,1511,1460,1712,1629,2012,1735,1638,1260,1701,988,1500,1500,1500,1500,1500,1500,1500,1500,1500,1500,1500,1500,1500,1500,1500,1500,1500,1500,1500,1500,1500,1500,7.4
2026-08-08,12:44:48.190,180.9,-3.3,-84,-98,100,7,0,8,10,-78,100,11,12.2,0.0,0,0,-3,-133,-1005,877,29,-1024,-3,-916,-32,-1,-1,-1,-1,-1,1,0,-1,0x0000000000000000,1511,1465,1767,1663,2012,1796,1674,1260,1701,988,1500,1500,1500,1500,1500,1500,1500,1500,1500,1500,1500,1500,1500,1500,1500,1500,1500,1500,1500,1500,1500,1500,7.4
2026-08-08,12:44:48.690,179.6,-3.0,-83,-98,100,10,0,8,10,-78,96,10,12.2,0.0,0,0,-4,-1,-1006,1014,29,-1024,-3,-916,-32,-1,-1,-1,-1,-1,1,0,-1,0x0000000000000000,1511,1433,1804,1685,2012,1837,1698,1260,1701,988,1500,1500,1500,1500,1500,1500,1500,1500,1500,1500,1500,1500,1500,1500,1500,1500,1500,1500,1500,1500,1500,1500,7.4
2026-08-08,12:44:49.190,178.8,-1.6,-80,-98,100,9,0,8,10,-72,96,10,12.2,0.0,0,0,-4,-40,-1006,512,29,-1024,-3,-916,-32,-1,-1,-1,-1,-1,1,0,-1,0x0000000000000000,1511,1442,1669,1603,2012,1688,1610,1260,1701,988,1500,1500,1500,1500,1500,1500,1500,1500,1500,1500,1500,1500,1500,1500,1500,1500,1500,1500,1500,1500,1500,1500,7.4
2026-08-08,12:44:49.690,177.8,-1.6,-80,-98,100,10,0,8,10,-75,100,10,12.2,0.0,0,0,-4,-12,-1005,5,30,-1024,-3,-916,-32,-1,-1,-1,-1,-1,1,0,-1,0x0000000000000000,1511,1435,1533,1520,2012,1537,1522,1260,1701,988,1500,1500,1500,1500,1500,1500,1500,1500,1500,1500,1500,1500,1500,1500,1500,1500,1500,1500,1500,1500,1500,1500,7.4
2026-08-08,12:44:50.190,177.0,-1.2,-80,-98,100,11,0,8,10,-76,92,10,12.2,0.0,0,0,-4,-236,-1006,6,30,-1024,-3,-916,-32,-1,-1,-1,-1,-1,1,0,-1,0x0000000000000000,1511,1495,1533,1520,2012,1537,1522,1260,1701,988,1500,1500,1500,1500,1500,1500,1500,1500,1500,1500,1500,1500,1500,1500,1500,1500,1500,1500,1500,1500,1500,1500,7.4
2026-08-08,12:44:50.690,176.3,-0.8,-79,-98,100,9,0,8,10,-74,96,10,12.2,0.0,0,0,-4,-202,-1006,5,30,-1024,-3,-916,-31,-1,-1,-1,-1,-1,1,0,-1,0x0000000000000000,1511,1485,1533,1520,2012,1537,1522,1260,1701,988,1500,1500,1500,1500,1500,1500,1500,1500,1500,1500,1500,1500,1500,1500,1500,1500,1500,1500,1500,1500,1500,1500,7.4
2026-08-08,12:44:51.190,176.8,1.1,-80,-98,100,11,0,8,10,-76,96,10,12.2,0.0,0,0,-4,-3,-1005,5,30,-1024,-3,-916,-32,-1,-1,-1,-1,-1,1,0,-1,0x0000000000000000,1511,1433,1533,1520,2012,1537,1522,1260,1701,988,1500,1500,1500,1500,1500,1500,1500,1500,1500,1500,1500,1500,1500,1500,1500,1500,1500,1500,1500,1500,1500,1500,7.4
2026-08-08,12:44:51.690,178.2,2.2,-79,-98,100,10,0,8,10,-73,100,10,12.2,0.0,0,0,-4,-2,-1005,6,29,-1024,-3,-916,-31,-1,-1,-1,-1,-1,1,0,-1,0x0000000000000000,1511,1433,1533,1520,2012,1537,1522,1260,1701,988,1500,1500,1500,1500,1500,1500,1500,1500,1500,1500,1500,1500,1500,1500,1500,1500,1500,1500,1500,1500,1500,1500,7.4
2026-08-08,12:44:52.190,179.0,1.6,-79,-98,100,10,0,8,10,-78,96,9,12.2,0.0,0,0,-4,0,-1006,4,30,-1024,-3,-916,-32,-1,-1,-1,-1,-1,1,0,-1,0x0000000000000000,1511,1433,1533,1520,2012,1537,1522,1260,1701,988,1500,1500,1500,1500,1500,1500,1500,1500,1500,1500,1500,1500,1500,1500,1500,1500,1500,1500,1500,1500,1500,1500,7.4
2026-08-08,12:44:52.690,179.3,0.6,-83,-98,100,7,0,8,10,-79,96,10,12.2,0.0,0,0,-4,0,-1005,-442,30,-1024,-3,-916,-32,-1,-1,-1,-1,-1,1,0,-1,0x0000000000000000,1511,1433,1425,1452,2012,1403,1444,1260,1701,988,1500,1500,1500,1500,1500,1500,1500,1500,1500,1500,1500,1500,1500,1500,1500,1500,1500,1500,1500,1500,1500,1500,7.4
2026-08-08,12:44:53.190,179.1,-0.4,-81,-98,100,10,0,8,10,-80,100,9,12.2,0.0,0,0,-4,104,-1005,-539,30,-1024,-3,-916,-31,-1,-1,-1,-1,-1,1,0,-1,0x0000000000000000,1511,1407,1402,1438,2012,1374,1427,1260,1701,988,1500,1500,1500,1500,1500,1500,1500,1500,1500,1500,1500,1500,1500,1500,1500,1500,1500,1500,1500,1500,1500,1500,7.4
2026-08-08,12:44:53.690,178.4,-1.2,-81,-98,100,8,0,8,10,-77,92,9,12.2,0.0,0,0,-3,385,-1005,2,29,-1024,-3,-916,-32,-1,-1,-1,-1,-1,1,0,-1,0x0000000000000000,1511,1334,1532,1520,2012,1536,1521,1260,1701,988,1500,1500,1500,1500,1500,1500,1500,1500,1500,1500,1500,1500,1500,1500,1500,1500,1500,1500,1500,1500,1500,1500,7.4
2026-08-08,12:44:54.190,177.2,-2.1,-80,-98,100,10,0,8,10,-75,100,10,12.2,0.0,0,0,-3,0,-1006,5,30,-1024,-3,-916,-31,-1,-1,-1,-1,-1,1,0,-1,0x0000000000000000,1511,1433,1533,1520,2012,1537,1522,1260,1701,988,1500,1500,1500,1500,1500,1500,1500,1500,1500,1500,1500,1500,1500,1500,1500,1500,1500,1500,1500,1500,1500,1500,7.4
2026-08-08,12:44:54.690,176.1,-2.3,-81,-98,100,7,0,8,10,-78,100,3,12.2,0.0,0,0,-3,248,-1005,5,30,-1024,-3,-916,-32,-1,-1,-1,-1,-1,1,0,-1,0x0000000000000000,1511,1371,1533,1520,2012,1537,1522,1260,1701,988,1500,1500,1500,1500,1500,1500,1500,1500,1500,1500,1500,1500,1500,1500,1500,1500,1500,1500,1500,1500,1500,1500,7.4
2026-08-08,12:44:55.190,174.8,-2.7,-81,-98,100,10,0,8,10,-78,92,10,12.2,0.0,0,0,-4,181,-1005,4,30,-1024,-3,-917,-32,-1,-1,-1,-1,-1,1,0,-1,0x0000000000000000,1511,1388,1533,1520,2012,1537,1522,1260,1701,988,1500,1500,1500,1500,1500,1500,1500,1500,1500,1500,1500,1500,1500,1500,1500,1500,1500,1500,1500,1500,1500,1500,7.4
2026-08-08,12:44:55.690,173.6,-2.2,-82,-98,100,10,0,8,10,-78,92,10,12.2,0.0,0,0,-4,221,-1005,5,29,-1024,-3,-916,-32,-1,-1,-1,-1,-1,1,0,-1,0x0000000000000000,1511,1378,1533,1520,2012,1537,1522,1260,1701,988,1500,1500,1500,1500,1500,1500,1500,1500,1500,1500,1500,1500,1500,1500,1500,1500,1500,1500,1500,1500,1500,1500,7.4
2026-08-08,12:44:56.190,171.1,-3.4,-79,-85,100,10,0,8,10,-78,96,10,12.2,0.0,0,0,-4,-2,-1005,3,30,-1024,-3,-916,-31,-1,-1,-1,-1,-1,1,0,-1,0x0000000000000000,1511,1433,1533,1520,2012,1536,1521,1260,1701,988,1500,1500,1500,1500,1500,1500,1500,1500,1500,1500,1500,1500,1500,1500,1500,1500,1500,1500,1500,1500,1500,1500,7.4
2026-08-08,12:44:56.690,167.7,-5.6,-80,-84,99,8,0,8,25,-76,92,10,12.2,0.0,0,0,-3,0,-1006,-206,30,-1024,-3,-916,-31,-1,-1,-1,-1,-1,1,0,-1,0x0000000000000000,1511,1433,1480,1487,2012,1474,1485,1260,1701,988,1500,1500,1500,1500,1500,1500,1500,1500,1500,1500,1500,1500,1500,1500,1500,1500,1500,1500,1500,1500,1500,1500,7.4
2026-08-08,12:44:57.190,166.5,-2.5,-81,-91,100,8,0,8,100,-75,96,10,12.2,0.0,0,0,-4,243,-1005,-324,30,-1024,-3,-916,-31,-1,-1,-1,-1,-1,1,0,-1,0x0000000000000000,1511,1372,1452,1470,2012,1439,1464,1260,1701,988,1500,1500,1500,1500,1500,1500,1500,1500,1500,1500,1500,1500,1500,1500,1500,1500,1500,1500,1500,1500,1500,1500,7.4
2026-08-08,12:44:57.690,164.6,-3.7,-77,-91,99,7,0,8,25,-79,96,10,12.2,0.0,0,0,-3,-317,-1006,-69,30,-1024,-3,-916,-31,-1,-1,-1,-1,-1,1,0,-1,0x0000000000000000,1511,1519,1514,1508,2012,1515,1509,1260,1701,988,1500,1500,1500,1500,1500,1500,1500,1500,1500,1500,1500,1500,1500,1500,1500,1500,1500,1500,1500,1500,1500,1500,7.4
2026-08-08,12:44:58.190,163.3,-1.5,-84,-91,97,10,0,8,10,-76,100,11,12.2,0.0,0,0,-3,-284,-1006,2,30,-1024,-3,-916,-31,-1,-1,-1,-1,-1,1,0,-1,0x0000000000000000,1511,1509,1532,1520,2012,1536,1521,1260,1701,988,1500,1500,1500,1500,1500,1500,1500,1500,1500,1500,1500,1500,1500,1500,1500,1500,1500,1500,1500,1500,1500,1500,7.4
2026-08-08,12:44:58.690,164.8,2.6,-82,-91,100,8,0,8,10,-74,100,10,12.2,0.0,0,0,-4,-10,-1006,92,30,-1024,-3,-916,-31,-1,-1,-1,-1,-1,1,0,-1,0x0000000000000000,1511,1435,1556,1534,2012,1563,1537,1260,1701,988,1500,1500,1500,1500,1500,1500,1500,1500,1500,1500,1500,1500,1500,1500,1500,1500,1500,1500,1500,1500,1500,1500,7.4
2026-08-08,12:44:59.190,167.5,4.7,-81,-91,100,10,0,8,10,-77,100,10,12.2,0.0,0,0,-4,456,-1006,746,29,-1024,-3,-916,-32,-1,-1,-1,-1,-1,1,0,-1,0x0000000000000000,1511,1313,1732,1641,2012,1757,1651,1260,1701,988,1500,1500,1500,1500,1500,1500,1500,1500,1500,1500,1500,1500,1500,1500,1500,1500,1500,1500,1500,1500,1500,1500,7.4
2026-08-08,12:44:59.690,168.3,1.8,-78,-92,98,9,0,8,10,-72,100,11,12.2,0.0,0,0,-4,380,-1005,771,29,-1024,-3,-916,-31,-1,-1,-1,-1,-1,1,0,-1,0x0000000000000000,1511,1335,1739,1645,2012,1765,1656,1260,1701,988,1500,1500,1500,1500,1500,1500,1500,1500,1500,1500,1500,1500,1500,1500,1500,1500,1500,1500,1500,1500,1500,1500,7.4
2026-08-08,12:45:00.190,167.7,-0.9,-78,-92,100,10,0,8,10,-72,100,10,12.2,0.0,0,0,-4,103,-1006,581,29,-1024,-3,-916,-31,-1,-1,-1,-1,-1,1,0,-1,0x0000000000000000,1511,1407,1688,1614,2012,1708,1623,1260,1701,988,1500,1500,1500,1500,1500,1500,1500,1500,1500,1500,1500,1500,1500,1500,1500,1500,1500,1500,1500,1500,1500,1500,7.4
2026-08-08,12:45:00.690,167.0,-1.3,-77,-92,100,9,0,8,10,-72,100,10,12.2,0.0,0,0,-4,-8,-1006,5,29,-1024,-3,-916,-32,-1,-1,-1,-1,-1,1,0,-1,0x0000000000000000,1511,1434,1533,1520,2012,1537,1522,1260,1701,988,1500,1500,1500,1500,1500,1500,1500,1500,1500,1500,1500,1500,1500,1500,1500,1500,1500,1500,1500,1500,1500,1500,7.4
2026-08-08,12:45:01.190,165.6,-2.5,-79,-92,100,11,0,8,10,-76,100,10,12.2,0.0,0,0,-4,2,-1005,-37,30,-1024,-3,-916,-31,-1,-1,-1,-1,-1,1,0,-1,0x0000000000000000,1511,1432,1522,1513,2012,1524,1514,1260,1701,988,1500,1500,1500,1500,1500,1500,1500,1500,1500,1500,1500,1500,1500,1500,1500,1500,1500,1500,1500,1500,1500,1500,7.4
2026-08-08,12:45:01.690,164.4,-2.2,-80,-92,100,8,0,8,10,-76,100,10,12.2,0.0,0,0,-4,-2,-1005,-171,30,-1024,-3,-916,-31,-1,-1,-1,-1,-1,1,0,-1,0x0000000000000000,1511,1433,1488,1493,2012,1485,1491,1260,1701,988,1500,1500,1500,1500,1500,1500,1500,1500,1500,1500,1500,1500,1500,1500,1500,1500,1500,1500,1500,1500,1500,1500,7.4
2026-08-08,12:45:02.190,163.8,-1.7,-80,-92,100,10,0,8,10,-76,100,11,12.2,0.0,0,0,-3,55,-1005,-654,30,-1024,-3,-916,-31,-1,-1,-1,-1,-1,1,0,-1,0x0000000000000000,1511,1419,1375,1420,2012,1339,1407,1260,1701,988,1500,1500,1500,1500,1500,1500,1500,1500,1500,1500,1500,1500,1500,1500,1500,1500,1500,1500,1500,1500,1500,1500,7.4
2026-08-08,12:45:02.690,163.5,-0.7,-81,-92,98,10,0,8,10,-73,100,11,12.2,0.0,0,0,-3,-173,-1006,-610,30,-1024,-3,-916,-31,-1,-1,-1,-1,-1,1,0,-1,0x0000000000000000,1511,1477,1385,1427,2012,1353,1414,1260,1701,988,1500,1500,1500,1500,1500,1500,1500,1500,1500,1500,1500,1500,1500,1500,1500,1500,1500,1500,1500,1500,1500,1500,7.4
2026-08-08,12:45:03.190,162.7,-1.4,-77,-92,100,9,0,8,10,-81,100,10,12.2,0.0,0,0,-4,-446,-1005,-132,30,-1024,-3,-916,-31,-1,-1,-1,-1,-1,1,0,-1,0x0000000000000000,1511,1560,1498,1499,2012,1497,1498,1260,1701,988,1500,1500,1500,1500,1500,1500,1500,1500,1500,1500,1500,1500,1500,1500,1500,1500,1500,1500,1500,1500,1500,1500,7.4
2026-08-08,12:45:03.690,162.5,-0.2,-82,-87,100,10,1,8,10,-100,92,-2,12.2,0.0,0,0,-4,-422,-1006,-104,30,-1024,-3,-916,-31,-1,-1,-1,-1,-1,1,0,-1,0x0000000000000000,1511,1552,1504,1502,2012,1504,1503,1260,1701,988,1500,1500,1500,1500,1500,1500,1500,1500,1500,1500,1500,1500,1500,1500,1500,1500,1500,1500,1500,1500,1500,1500,7.4
2026-08-08,12:45:04.190,163.4,1.4,-83,-95,99,10,0,8,10,-81,100,8,12.2,0.0,0,0,-4,-392,-1005,4,30,-1024,-3,-916,-32,-1,-1,-1,-1,-1,1,0,-1,0x0000000000000000,1511,1543,1533,1520,2012,1537,1522,1260,1701,988,1500,1500,1500,1500,1500,1500,1500,1500,1500,1500,1500,1500,1500,1500,1500,1500,1500,1500,1500,1500,1500,1500,7.4
2026-08-08,12:45:04.690,163.3,0.0,-84,-95,100,6,0,8,10,-83,92,10,12.2,0.0,0,0,-310,-287,-1006,-14,30,-1024,-3,-916,-32,-1,-1,-1,-1,-1,1,0,-1,0x0000000000000000,1428,1510,1528,1517,2012,1531,1518,1260,1701,988,1500,1500,1500,1500,1500,1500,1500,1500,1500,1500,1500,1500,1500,1500,1500,1500,1500,1500,1500,1500,1500,1500,7.4
2026-08-08,12:45:05.190,162.8,-1.2,-84,-95,100,0,0,8,250,-86,92,10,12.2,0.0,0,0,-531,-187,-1007,107,30,-1024,-3,-916,-32,-1,-1,-1,-1,-1,1,0,-1,0x0000000000000000,1360,1481,1561,1537,2012,1567,1540,1260,1701,988,1500,1500,1500,1500,1500,1500,1500,1500,1500,1500,1500,1500,1500,1500,1500,1500,1500,1500,1500,1500,1500,1500,7.4
2026-08-08,12:45:05.690,161.3,-2.8,-88,-93,98,11,0,8,50,-81,100,9,12.2,0.0,0,0,-534,-203,-1006,395,29,-1024,-3,-916,-31,-1,-1,-1,-1,-1,1,0,-1,0x0000000000000000,1359,1485,1638,1584,2012,1653,1590,1260,1701,988,1500,1500,1500,1500,1500,1500,1500,1500,1500,1500,1500,1500,1500,1500,1500,1500,1500,1500,1500,1500,1500,1500,7.4
2026-08-08,12:45:06.190,158.9,-4.2,-82,-94,97,8,0,8,10,-79,100,11,12.2,0.0,0,0,-461,-345,-1007,77,30,-1024,-3,-916,-32,-1,-1,-1,-1,-1,1,0,-1,0x0000000000000000,1383,1528,1553,1532,2012,1558,1534,1260,1701,988,1500,1500,1500,1500,1500,1500,1500,1500,1500,1500,1500,1500,1500,1500,1500,1500,1500,1500,1500,1500,1500,1500,7.4
2026-08-08,12:45:06.690,157.5,-2.8,-83,-94,100,10,0,8,10,-79,96,10,12.2,0.0,0,0,-430,-527,-1007,2,30,-1024,-3,-916,-32,-1,-1,-1,-1,-1,1,0,-1,0x0000000000000000,1393,1588,1532,1520,2012,1536,1521,1260,1701,988,1500,1500,1500,1500,1500,1500,1500,1500,1500,1500,1500,1500,1500,1500,1500,1500,1500,1500,1500,1500,1500,1500,7.4
2026-08-08,12:45:07.190,156.7,-1.2,-83,-94,100,7,0,8,10,-79,100,9,12.2,0.0,0,0,-270,-436,-1007,152,30,-1024,-3,-916,-32,-1,-1,-1,-1,-1,1,0,-1,0x0000000000000000,1440,1557,1572,1544,2012,1580,1547,1260,1701,988,1500,1500,1500,1500,1500,1500,1500,1500,1500,1500,1500,1500,1500,1500,1500,1500,1500,1500,1500,1500,1500,1500,7.4
2026-08-08,12:45:07.690,157.4,0.8,-85,-90,100,7,0,8,10,-82,96,10,12.2,0.0,0,0,-101,-400,-1006,11,30,-1024,-3,-916,-32,-1,-1,-1,-1,-1,1,0,-1,0x0000000000000000,1486,1545,1535,1521,2012,1539,1523,1260,1701,988,1500,1500,1500,1500,1500,1500,1500,1500,1500,1500,1500,1500,1500,1500,1500,1500,1500,1500,1500,1500,1500,1500,7.4
2026-08-08,12:45:08.190,158.0,1.0,-85,-90,100,6,0,8,10,-80,88,11,12.2,0.0,0,0,-4,-344,-1005,5,30,-1024,-3,-916,-31,-1,-1,-1,-1,-1,1,0,-1,0x0000000000000000,1511,1528,1533,1520,2012,1537,1522,1260,1701,988,1500,1500,1500,1500,1500,1500,1500,1500,1500,1500,1500,1500,1500,1500,1500,1500,1500,1500,1500,1500,1500,1500,7.4
2026-08-08,12:45:08.690,157.6,-0.6,-72,-98,99,6,0,8,10,-77,96,10,12.2,0.0,0,0,-4,-343,-1006,148,30,-1024,-3,-916,-32,-1,-1,-1,-1,-1,1,0,-1,0x0000000000000000,1511,1527,1572,1544,2012,1580,1547,1260,1701,988,1500,1500,1500,1500,1500,1500,1500,1500,1500,1500,1500,1500,1500,1500,1500,1500,1500,1500,1500,1500,1500,1500,7.4
2026-08-08,12:45:09.190,156.7,-1.5,-82,-98,98,6,0,8,10,-77,96,10,12.2,0.0,0,0,-4,-143,-1005,484,29,-1024,-3,-916,-32,-1,-1,-1,-1,-1,1,0,-1,0x0000000000000000,1511,1468,1662,1598,2012,1679,1606,1260,1701,988,1500,1500,1500,1500,1500,1500,1500,1500,1500,1500,1500,1500,1500,1500,1500,1500,1500,1500,1500,1500,1500,1500,7.4
2026-08-08,12:45:09.690,155.9,-1.4,-81,-98,100,9,0,8,10,-74,100,10,12.2,0.0,0,0,-4,107,-1005,810,29,-1024,-3,-916,-31,-1,-1,-1,-1,-1,1,0,-1,0x0000000000000000,1511,1406,1749,1652,2012,1776,1663,1260,1701,988,1500,1500,1500,1500,1500,1500,1500,1500,1500,1500,1500,1500,1500,1500,1500,1500,1500,1500,1500,1500,1500,1500,7.4
2026-08-08,12:45:10.190,155.2,-2.0,-78,-98,100,7,0,8,10,-76,100,12,12.2,0.0,0,0,-4,114,-1006,725,29,-1024,-3,-916,-31,-1,-1,-1,-1,-1,1,0,-1,0x0000000000000000,1511,1405,1726,1638,2012,1751,1648,1260,1701,988,1500,1500,1500,1500,1500,1500,1500,1500,1500,1500,1500,1500,1500,1500,1500,1500,1500,1500,1500,1500,1500,1500,7.4
2026-08-08,12:45:10.690,154.0,-2.5,-77,-98,100,10,0,8,10,-72,100,10,12.2,0.0,0,0,-4,-6,-1005,207,30,-1024,-3,-916,-32,-1,-1,-1,-1,-1,1,0,-1,0x0000000000000000,1511,1434,1587,1553,2012,1597,1557,1260,1701,988,1500,1500,1500,1500,1500,1500,1500,1500,1500,1500,1500,1500,1500,1500,1500,1500,1500,1500,1500,1500,1500,1500,7.4
2026-08-08,12:45:11.190,152.1,-3.8,-77,-98,100,9,0,8,10,-72,100,11,12.2,0.0,0,0,-4,-228,-1006,-5,30,-1024,-3,-916,-31,-1,-1,-1,-1,-1,1,0,-1,0x0000000000000000,1511,1493,1530,1518,2012,1534,1520,1260,1701,988,1500,1500,1500,1500,1500,1500,1500,1500,1500,1500,1500,1500,1500,1500,1500,1500,1500,1500,1500,1500,1500,1500,7.4
2026-08-08,12:45:11.690,152.2,-0.3,-79,-98,100,8,0,8,10,-73,100,10,12.2,0.0,0,0,-4,0,-1006,4,30,-1024,-3,-916,-32,-1,-1,-1,-1,-1,1,0,-1,0x0000000000000000,1511,1433,1533,1520,2012,1537,1522,1260,1701,988,1500,1500,1500,1500,1500,1500,1500,1500,1500,1500,1500,1500,1500,1500,1500,1500,1500,1500,1500,1500,1500,1500,7.4
2026-08-08,12:45:12.190,152.5,-0.2,-79,-98,100,7,0,8,10,-73,96,11,12.2,0.0,0,0,-4,-1,-1005,5,30,-1024,-3,-916,-31,-1,-1,-1,-1,-1,1,0,-1,0x0000000000000000,1511,1433,1533,1520,2012,1537,1522,1260,1701,988,1500,1500,1500,1500,1500,1500,1500,1500,1500,1500,1500,1500,1500,1500,1500,1500,1500,1500,1500,1500,1500,1500,7.4
2026-08-08,12:45:12.690,152.8,0.7,-80,-98,100,8,0,8,10,-76,100,10,12.2,0.0,0,0,-4,-1,-1006,4,30,-1024,-3,-916,-32,-1,-1,-1,-1,-1,1,0,-1,0x0000000000000000,1511,1433,1533,1520,2012,1537,1522,1260,1701,988,1500,1500,1500,1500,1500,1500,1500,1500,1500,1500,1500,1500,1500,1500,1500,1500,1500,1500,1500,1500,1500,1500,7.4
2026-08-08,12:45:13.190,152.8,0.1,-81,-98,100,9,0,8,10,-74,100,11,12.2,0.0,0,0,-4,1,-1005,4,30,-1024,-3,-916,-31,-1,-1,-1,-1,-1,1,0,-1,0x0000000000000000,1511,1432,1533,1520,2012,1537,1522,1260,1701,988,1500,1500,1500,1500,1500,1500,1500,1500,1500,1500,1500,1500,1500,1500,1500,1500,1500,1500,1500,1500,1500,1500,7.4
2026-08-08,12:45:13.690,152.7,-0.2,-82,-91,99,9,0,8,10,-79,100,10,12.2,0.0,0,0,-4,264,-1006,5,30,-1024,-3,-916,-32,-1,-1,-1,-1,-1,1,0,-1,0x0000000000000000,1511,1367,1533,1520,2012,1537,1522,1260,1701,988,1500,1500,1500,1500,1500,1500,1500,1500,1500,1500,1500,1500,1500,1500,1500,1500,1500,1500,1500,1500,1500,1500,7.4
2026-08-08,12:45:14.190,152.5,-0.3,-82,-83,98,5,0,8,250,-87,100,8,12.2,0.0,0,0,-372,-1,-1006,5,30,-1024,-3,-916,-32,-1,-1,-1,-1,-1,1,0,-1,0x0000000000000000,1410,1433,1533,1520,2012,1537,1522,1260,1701,988,1500,1500,1500,1500,1500,1500,1500,1500,1500,1500,1500,1500,1500,1500,1500,1500,1500,1500,1500,1500,1500,1500,7.4
2026-08-08,12:45:14.690,152.5,-0.2,-89,-87,100,9,1,8,50,-87,92,7,12.2,0.0,0,0,-295,156,-1006,-16,30,-1024,-3,-916,-31,-1,-1,-1,-1,-1,1,0,-1,0x0000000000000000,1433,1394,1528,1517,2012,1531,1518,1260,1701,988,1500,1500,1500,1500,1500,1500,1500,1500,1500,1500,1500,1500,1500,1500,1500,1500,1500,1500,1500,1500,1500,1500,7.4
2026-08-08,12:45:15.190,152.4,-0.2,-89,-86,100,5,1,8,50,-93,92,3,12.2,0.0,0,0,-390,274,-1006,-110,30,-1024,-3,-916,-32,-1,-1,-1,-1,-1,1,0,-1,0x0000000000000000,1405,1364,1502,1501,2012,1503,1502,1260,1701,988,1500,1500,1500,1500,1500,1500,1500,1500,1500,1500,1500,1500,1500,1500,1500,1500,1500,1500,1500,1500,1500,1500,7.4
2026-08-08,12:45:15.690,151.9,-1.0,-89,-90,100,4,1,8,250,-90,48,6,12.2,0.0,0,0,-405,169,-1006,-227,30,-1024,-3,-916,-32,-1,-1,-1,-1,-1,1,0,-1,0x0000000000000000,1400,1391,1475,1484,2012,1468,1481,1260,1701,988,1500,1500,1500,1500,1500,1500,1500,1500,1500,1500,1500,1500,1500,1500,1500,1500,1500,1500,1500,1500,1500,1500,7.4
2026-08-08,12:45:16.190,150.8,-2.1,-75,-89,99,10,0,8,100,-79,76,-4,12.2,0.0,0,0,-125,-9,-1006,-29,30,-1024,-3,-916,-31,-1,-1,-1,-1,-1,1,0,-1,0x0000000000000000,1479,1435,1524,1515,2012,1527,1516,1260,1701,988,1500,1500,1500,1500,1500,1500,1500,1500,1500,1500,1500,1500,1500,1500,1500,1500,1500,1500,1500,1500,1500,1500,7.4
2026-08-08,12:45:16.690,149.7,-1.9,-80,-91,94,10,0,8,250,-92,88,3,12.2,0.0,0,0,-4,-3,-1005,4,30,-1024,-3,-916,-31,-1,-1,-1,-1,-1,1,0,-1,0x0000000000000000,1511,1433,1533,1520,2012,1537,1522,1260,1701,988,1500,1500,1500,1500,1500,1500,1500,1500,1500,1500,1500,1500,1500,1500,1500,1500,1500,1500,1500,1500,1500,1500,7.4
2026-08-08,12:45:17.190,149.0,-1.3,-82,-91,97,11,0,8,50,-87,92,9,12.2,0.0,0,0,-10,-2,-1006,4,30,-1024,-3,-916,-32,-1,-1,-1,-1,-1,1,0,-1,0x0000000000000000,1509,1433,1533,1520,2012,1537,1522,1260,1701,988,1500,1500,1500,1500,1500,1500,1500,1500,1500,1500,1500,1500,1500,1500,1500,1500,1500,1500,1500,1500,1500,1500,7.4
2026-08-08,12:45:17.690,148.6,-0.9,-94,-86,93,10,1,8,250,-90,88,7,12.2,0.0,0,0,-4,-2,-1005,4,29,-1024,-3,-916,-32,-1,-1,-1,-1,-1,1,0,-1,0x0000000000000000,1511,1433,1533,1520,2012,1537,1522,1260,1701,988,1500,1500,1500,1500,1500,1500,1500,1500,1500,1500,1500,1500,1500,1500,1500,1500,1500,1500,1500,1500,1500,1500,7.4
2026-08-08,12:45:18.190,147.9,-1.7,-94,-85,100,8,1,8,250,-91,92,7,12.2,0.0,0,0,-4,-3,-1005,4,30,-1024,-3,-916,-31,-1,-1,-1,-1,-1,1,0,-1,0x0000000000000000,1511,1433,1533,1520,2012,1537,1522,1260,1701,988,1500,1500,1500,1500,1500,1500,1500,1500,1500,1500,1500,1500,1500,1500,1500,1500,1500,1500,1500,1500,1500,1500,7.4
2026-08-08,12:45:18.690,148.2,-0.4,-94,-86,100,0,1,8,250,-91,92,5,12.2,0.0,0,0,-4,4,-1005,417,29,-1024,-3,-916,-31,-1,-1,-1,-1,-1,1,0,-1,0x0000000000000000,1511,1432,1643,1587,2012,1659,1594,1260,1701,988,1500,1500,1500,1500,1500,1500,1500,1500,1500,1500,1500,1500,1500,1500,1500,1500,1500,1500,1500,1500,1500,1500,7.4
2026-08-08,12:45:19.190,149.1,2.0,-94,-86,100,7,1,8,50,-85,92,9,12.2,0.0,0,0,-4,21,-1005,519,29,-1024,-3,-916,-32,-1,-1,-1,-1,-1,1,0,-1,0x0000000000000000,1511,1427,1671,1604,2012,1690,1612,1260,1701,988,1500,1500,1500,1500,1500,1500,1500,1500,1500,1500,1500,1500,1500,1500,1500,1500,1500,1500,1500,1500,1500,1500,7.4
2026-08-08,12:45:19.690,150.7,3.3,-94,-86,100,9,1,8,50,-92,80,6,12.2,0.0,0,0,-4,-1,-1005,5,30,-1024,-3,-916,-31,-1,-1,-1,-1,-1,1,0,-1,0x0000000000000000,1511,1433,1533,1520,2012,1537,1522,1260,1701,988,1500,1500,1500,1500,1500,1500,1500,1500,1500,1500,1500,1500,1500,1500,1500,1500,1500,1500,1500,1500,1500,1500,7.4
2026-08-08,12:45:20.190,152.4,3.9,-94,-86,100,7,1,8,250,-90,100,6,12.2,0.0,0,0,-4,-2,-1005,5,30,-1024,-3,-916,-32,-1,-1,-1,-1,-1,1,0,-1,0x0000000000000000,1511,1433,1533,1520,2012,1537,1522,1260,1701,988,1500,1500,1500,1500,1500,1500,1500,1500,1500,1500,1500,1500,1500,1500,1500,1500,1500,1500,1500,1500,1500,1500,7.4
2026-08-08,12:45:20.690,154.1,4.0,-94,-86,100,8,1,8,100,-93,88,8,12.2,0.0,0,0,-4,288,-1005,6,30,-1024,-3,-916,-31,-1,-1,-1,-1,-1,1,0,-1,0x0000000000000000,1511,1364,1533,1520,2012,1537,1522,1260,1701,988,1500,1500,1500,1500,1500,1500,1500,1500,1500,1500,1500,1500,1500,1500,1500,1500,1500,1500,1500,1500,1500,1500,7.4
2026-08-08,12:45:21.190,154.8,1.6,-94,-86,100,7,1,8,50,-86,92,10,12.2,0.0,0,0,-4,204,-1005,267,29,-1024,-3,-916,-31,-1,-1,-1,-1,-1,1,0,-1,0x0000000000000000,1511,1382,1603,1563,2012,1615,1568,1260,1701,988,1500,1500,1500,1500,1500,1500,1500,1500,1500,1500,1500,1500,1500,1500,1500,1500,1500,1500,1500,1500,1500,1500,7.4
2026-08-08,12:45:21.690,154.9,0.2,-94,-87,100,8,1,8,50,-89,100,6,12.2,0.0,0,0,45,-72,-1005,818,29,-1024,-3,-916,-31,-1,-1,-1,-1,-1,1,0,-1,0x0000000000000000,1524,1450,1751,1653,2012,1779,1664,1260,1701,988,1500,1500,1500,1500,1500,1500,1500,1500,1500,1500,1500,1500,1500,1500,1500,1500,1500,1500,1500,1500,1500,1500,7.4
2026-08-08,12:45:22.190,154.7,0.2,-94,-87,100,8,1,8,100,-90,100,4,12.2,0.0,0,0,450,-161,-1008,263,30,-1024,-3,-916,-31,-1,-1,-1,-1,-1,1,0,-1,0x0000000000000000,1637,1473,1602,1562,2012,1614,1567,1260,1701,988,1500,1500,1500,1500,1500,1500,1500,1500,1500,1500,1500,1500,1500,1500,1500,1500,1500,1500,1500,1500,1500,1500,7.4
2026-08-08,12:45:22.690,154.8,0.3,-94,-86,100,0,1,8,250,-89,100,9,12.2,0.0,0,0,484,-254,-1007,397,29,-1024,-3,-916,-31,-1,-1,-1,-1,-1,1,0,-1,0x0000000000000000,1645,1500,1638,1584,2012,1654,1590,1260,1701,988,1500,1500,1500,1500,1500,1500,1500,1500,1500,1500,1500,1500,1500,1500,1500,1500,1500,1500,1500,1500,1500,1500,7.4
2026-08-08,12:45:23.190,154.8,0.0,-84,-88,99,8,0,8,50,-84,84,9,12.2,0.0,0,0,387,-493,-1007,179,30,-1024,-3,-916,-32,-1,-1,-1,-1,-1,1,0,-1,0x0000000000000000,1618,1576,1580,1549,2012,1589,1552,1260,1701,988,1500,1500,1500,1500,1500,1500,1500,1500,1500,1500,1500,1500,1500,1500,1500,1500,1500,1500,1500,1500,1500,1500,7.4
2026-08-08,12:45:23.690,155.4,1.1,-88,-88,99,7,0,8,250,-92,84,1,12.2,0.0,0,0,277,-473,-1006,5,29,-1024,-3,-916,-32,-1,-1,-1,-1,-1,1,0,-1,0x0000000000000000,1587,1569,1533,1520,2012,1537,1522,1260,1701,988,1500,1500,1500,1500,1500,1500,1500,1500,1500,1500,1500,1500,1500,1500,1500,1500,1500,1500,1500,1500,1500,1500,7.4
2026-08-08,12:45:24.190,156.0,1.0,-80,-97,98,10,0,8,10,-78,100,11,12.2,0.0,0,0,113,-386,-1004,-150,30,-1024,-3,-916,-32,-1,-1,-1,-1,-1,1,0,-1,0x0000000000000000,1542,1540,1493,1496,2012,1491,1495,1260,1701,988,1500,1500,1500,1500,1500,1500,1500,1500,1500,1500,1500,1500,1500,1500,1500,1500,1500,1500,1500,1500,1500,1500,7.4
2026-08-08,12:45:24.690,156.7,1.3,-85,-97,99,7,0,8,50,-86,92,10,12.2,0.0,0,0,-1,-248,-1005,-240,30,-1024,-3,-916,-31,-1,-1,-1,-1,-1,1,0,-1,0x0000000000000000,1511,1499,1472,1482,2012,1464,1479,1260,1701,988,1500,1500,1500,1500,1500,1500,1500,1500,1500,1500,1500,1500,1500,1500,1500,1500,1500,1500,1500,1500,1500,1500,7.4
2026-08-08,12:45:25.190,157.2,0.9,-71,-100,99,10,0,8,50,-85,96,8,12.2,0.0,0,0,-3,-43,-1005,-418,30,-1024,-3,-916,-32,-1,-1,-1,-1,-1,1,0,-1,0x0000000000000000,1511,1443,1430,1456,2012,1410,1448,1260,1701,988,1500,1500,1500,1500,1500,1500,1500,1500,1500,1500,1500,1500,1500,1500,1500,1500,1500,1500,1500,1500,1500,1500,7.4
2026-08-08,12:45:25.690,157.5,0.6,-83,-85,94,6,0,8,250,-99,92,0,12.2,0.0,0,0,-3,0,-1005,-379,30,-1024,-3,-916,-31,-1,-1,-1,-1,-1,1,0,-1,0x0000000000000000,1511,1433,1440,1461,2012,1422,1455,1260,1701,988,1500,1500,1500,1500,1500,1500,1500,1500,1500,1500,1500,1500,1500,1500,1500,1500,1500,1500,1500,1500,1500,1500,7.4
2026-08-08,12:45:26.190,157.8,0.5,-85,-91,99,3,0,8,100,-87,96,9,12.2,0.0,0,0,-3,-4,-1005,5,30,-1024,-3,-916,-32,-1,-1,-1,-1,-1,1,0,-1,0x0000000000000000,1511,1433,1533,1520,2012,1537,1522,1260,1701,988,1500,1500,1500,1500,1500,1500,1500,1500,1500,1500,1500,1500,1500,1500,1500,1500,1500,1500,1500,1500,1500,1500,7.4
2026-08-08,12:45:26.690,158.3,0.9,-85,-91,100,9,0,8,10,-83,88,8,12.2,0.0,0,0,412,4,-1007,405,29,-1024,-3,-916,-31,-1,-1,-1,-1,-1,1,0,-1,0x0000000000000000,1626,1432,1641,1586,2012,1656,1592,1260,1701,988,1500,1500,1500,1500,1500,1500,1500,1500,1500,1500,1500,1500,1500,1500,1500,1500,1500,1500,1500,1500,1500,1500,7.4
2026-08-08,12:45:27.190,158.4,0.2,-87,-81,99,7,1,8,100,-93,92,0,12.2,0.0,0,0,448,-282,-1006,181,30,-1024,-3,-916,-31,-1,-1,-1,-1,-1,1,0,-1,0x0000000000000000,1637,1509,1581,1549,2012,1589,1553,1260,1701,988,1500,1500,1500,1500,1500,1500,1500,1500,1500,1500,1500,1500,1500,1500,1500,1500,1500,1500,1500,1500,1500,1500,7.4
2026-08-08,12:45:27.690,158.5,0.4,-80,-87,99,9,0,8,25,-79,96,10,12.2,0.0,0,0,293,-409,-1006,2,29,-1024,-3,-916,-31,-1,-1,-1,-1,-1,1,0,-1,0x0000000000000000,1591,1548,1532,1520,2012,1536,1521,1260,1701,988,1500,1500,1500,1500,1500,1500,1500,1500,1500,1500,1500,1500,1500,1500,1500,1500,1500,1500,1500,1500,1500,1500,7.4
2026-08-08,12:45:28.190,159.4,1.7,-83,-87,100,9,0,8,25,-88,88,7,12.2,0.0,0,0,379,-329,-1006,-238,30,-1024,-3,-916,-31,-1,-1,-1,-1,-1,1,0,-1,0x0000000000000000,1616,1523,1472,1482,2012,1465,1479,1260,1701,988,1500,1500,1500,1500,1500,1500,1500,1500,1500,1500,1500,1500,1500,1500,1500,1500,1500,1500,1500,1500,1500,1500,7.4
2026-08-08,12:45:28.690,161.1,3.4,-78,-97,100,7,0,8,100,-83,100,10,12.2,0.0,0,0,357,-304,-1006,-67,30,-1024,-3,-916,-31,-1,-1,-1,-1,-1,1,0,-1,0x0000000000000000,1609,1515,1514,1508,2012,1515,1509,1260,1701,988,1500,1500,1500,1500,1500,1500,1500,1500,1500,1500,1500,1500,1500,1500,1500,1500,1500,1500,1500,1500,1500,1500,7.4
2026-08-08,12:45:29.190,162.8,3.4,-84,-91,97,6,0,8,25,-88,100,8,12.2,0.0,0,0,406,-408,-1006,273,30,-1024,-3,-916,-32,-1,-1,-1,-1,-1,1,0,-1,0x0000000000000000,1624,1547,1605,1564,2012,1617,1569,1260,1701,988,1500,1500,1500,1500,1500,1500,1500,1500,1500,1500,1500,1500,1500,1500,1500,1500,1500,1500,1500,1500,1500,1500,7.4
2026-08-08,12:45:29.690,163.9,1.8,-84,-91,97,0,0,8,250,-83,100,10,12.2,0.0,0,0,372,-564,-1006,79,30,-1024,-3,-916,-32,-1,-1,-1,-1,-1,1,0,-1,0x0000000000000000,1614,1601,1550,1531,2012,1556,1533,1260,1701,988,1500,1500,1500,1500,1500,1500,1500,1500,1500,1500,1500,1500,1500,1500,1500,1500,1500,1500,1500,1500,1500,1500,7.4
2026-08-08,12:45:30.190,163.9,0.0,-85,-84,99,7,1,8,50,-93,80,3,12.2,0.0,0,0,384,-571,-1006,-113,30,-1024,-3,-916,-31,-1,-1,-1,-1,-1,1,0,-1,0x0000000000000000,1617,1604,1502,1501,2012,1502,1501,1260,1701,988,1500,1500,1500,1500,1500,1500,1500,1500,1500,1500,1500,1500,1500,1500,1500,1500,1500,1500,1500,1500,1500,1500,7.4
2026-08-08,12:45:30.690,163.2,-1.2,-85,-87,99,5,1,8,250,-98,100,-2,12.2,0.0,0,0,405,-548,-1006,4,30,-1024,-3,-916,-32,-1,-1,-1,-1,-1,1,0,-1,0x0000000000000000,1624,1592,1533,1520,2012,1537,1522,1260,1701,988,1500,1500,1500,1500,1500,1500,1500,1500,1500,1500,1500,1500,1500,1500,1500,1500,1500,1500,1500,1500,1500,1500,7.4
2026-08-08,12:45:31.190,162.9,-0.8,-86,-96,98,3,0,8,50,-88,100,4,12.2,0.0,0,0,402,-255,-1006,504,29,-1024,-3,-916,-32,-1,-1,-1,-1,-1,1,0,-1,0x0000000000000000,1623,1500,1667,1602,2012,1685,1609,1260,1701,988,1500,1500,1500,1500,1500,1500,1500,1500,1500,1500,1500,1500,1500,1500,1500,1500,1500,1500,1500,1500,1500,1500,7.4
2026-08-08,12:45:31.690,162.8,-0.4,-86,-96,100,7,0,8,10,-83,100,10,12.2,0.0,0,0,382,-550,-1006,367,29,-1024,-3,-916,-31,-1,-1,-1,-1,-1,1,0,-1,0x0000000000000000,1617,1596,1630,1579,2012,1645,1585,1260,1701,988,1500,1500,1500,1500,1500,1500,1500,1500,1500,1500,1500,1500,1500,1500,1500,1500,1500,1500,1500,1500,1500,1500,7.4
2026-08-08,12:45:32.190,162.1,-0.5,-85,-96,100,8,0,8,50,-88,100,7,12.2,0.0,0,0,341,-537,-1006,8,30,-1024,-3,-916,-31,-1,-1,-1,-1,-1,1,0,-1,0x0000000000000000,1605,1592,1534,1521,2012,1538,1522,1260,1701,988,1500,1500,1500,1500,1500,1500,1500,1500,1500,1500,1500,1500,1500,1500,1500,1500,1500,1500,1500,1500,1500,1500,7.4
2026-08-08,12:45:32.690,162.0,-0.4,-83,-89,95,12,0,8,250,-79,100,11,12.2,0.0,0,0,41,-366,-1006,-272,30,-1024,-3,-916,-31,-1,-1,-1,-1,-1,1,0,-1,0x0000000000000000,1523,1534,1465,1478,2012,1455,1474,1260,1701,988,1500,1500,1500,1500,1500,1500,1500,1500,1500,1500,1500,1500,1500,1500,1500,1500,1500,1500,1500,1500,1500,1500,7.4
2026-08-08,12:45:33.190,162.7,1.1,-83,-89,100,10,0,8,25,-85,92,8,12.2,0.0,0,0,-4,-24,-1006,-290,30,-1024,-3,-916,-32,-1,-1,-1,-1,-1,1,0,-1,0x0000000000000000,1511,1439,1460,1475,2012,1449,1470,1260,1701,988,1500,1500,1500,1500,1500,1500,1500,1500,1500,1500,1500,1500,1500,1500,1500,1500,1500,1500,1500,1500,1500,1500,7.4
2026-08-08,12:45:33.690,163.4,1.1,-85,-92,100,8,0,8,10,-85,100,8,12.2,0.0,0,0,-4,15,-1005,-239,30,-1024,-3,-916,-32,-1,-1,-1,-1,-1,1,0,-1,0x0000000000000000,1511,1429,1472,1482,2012,1465,1479,1260,1701,988,1500,1500,1500,1500,1500,1500,1500,1500,1500,1500,1500,1500,1500,1500,1500,1500,1500,1500,1500,1500,1500,1500,7.4
2026-08-08,12:45:34.190,164.6,1.5,-84,-92,100,9,0,8,10,-82,100,9,12.2,0.0,0,0,-154,73,-1007,-532,30,-1024,-3,-916,-32,-1,-1,-1,-1,-1,1,0,-1,0x0000000000000000,1472,1414,1404,1439,2012,1376,1428,1260,1701,988,1500,1500,1500,1500,1500,1500,1500,1500,1500,1500,1500,1500,1500,1500,1500,1500,1500,1500,1500,1500,1500,1500,7.4
2026-08-08,12:45:34.690,165.6,2.4,-86,-92,100,7,0,8,10,-84,96,8,12.2,0.0,0,0,-403,-50,-1008,-711,30,-1024,-3,-916,-32,-1,-1,-1,-1,-1,1,0,-1,0x0000000000000000,1401,1445,1362,1412,2012,1322,1397,1260,1701,988,1500,1500,1500,1500,1500,1500,1500,1500,1500,1500,1500,1500,1500,1500,1500,1500,1500,1500,1500,1500,1500,1500,7.4
2026-08-08,12:45:35.190,166.1,1.3,-84,-92,100,10,0,8,50,-86,96,6,12.2,0.0,0,0,-454,-347,-1007,-396,30,-1024,-3,-916,-32,-1,-1,-1,-1,-1,1,0,-1,0x0000000000000000,1385,1528,1436,1459,2012,1417,1452,1260,1701,988,1500,1500,1500,1500,1500,1500,1500,1500,1500,1500,1500,1500,1500,1500,1500,1500,1500,1500,1500,1500,1500,1500,7.4
2026-08-08,12:45:35.690,167.8,2.8,-83,-92,100,10,0,8,10,-81,100,9,12.2,0.0,0,0,-437,-346,-1007,-143,30,-1024,-3,-916,-32,-1,-1,-1,-1,-1,1,0,-1,0x0000000000000000,1390,1528,1495,1497,2012,1493,1496,1260,1701,988,1500,1500,1500,1500,1500,1500,1500,1500,1500,1500,1500,1500,1500,1500,1500,1500,1500,1500,1500,1500,1500,1500,7.4
2026-08-08,12:45:36.190,168.9,2.0,-81,-95,98,0,1,8,100,-91,96,2,12.2,0.0,0,0,-420,-334,-1007,-153,30,-1024,-3,-916,-31,-1,-1,-1,-1,-1,1,0,-1,0x0000000000000000,1396,1524,1493,1495,2012,1490,1494,1260,1701,988,1500,1500,1500,1500,1500,1500,1500,1500,1500,1500,1500,1500,1500,1500,1500,1500,1500,1500,1500,1500,1500,1500,7.4
2026-08-08,12:45:36.690,167.9,-1.7,-76,-91,95,10,0,8,10,-83,100,9,12.2,0.0,0,0,-275,-444,-1006,298,30,-1024,-3,-916,-31,-1,-1,-1,-1,-1,1,0,-1,0x0000000000000000,1438,1560,1612,1568,2012,1624,1573,1260,1701,988,1500,1500,1500,1500,1500,1500,1500,1500,1500,1500,1500,1500,1500,1500,1500,1500,1500,1500,1500,1500,1500,1500,7.4
2026-08-08,12:45:37.190,166.3,-3.0,-85,-94,96,9,0,8,10,-83,100,9,12.2,0.0,0,0,-444,-423,-1007,-133,30,-1024,-3,-916,-32,-1,-1,-1,-1,-1,1,0,-1,0x0000000000000000,1388,1553,1497,1498,2012,1496,1498,1260,1701,988,1500,1500,1500,1500,1500,1500,1500,1500,1500,1500,1500,1500,1500,1500,1500,1500,1500,1500,1500,1500,1500,1500,7.4
2026-08-08,12:45:37.690,165.6,-1.4,-81,-91,96,7,0,8,50,-87,100,6,12.2,0.0,0,0,-334,-392,-1007,-147,30,-1024,-3,-916,-32,-1,-1,-1,-1,-1,1,0,-1,0x0000000000000000,1422,1543,1494,1496,2012,1492,1495,1260,1701,988,1500,1500,1500,1500,1500,1500,1500,1500,1500,1500,1500,1500,1500,1500,1500,1500,1500,1500,1500,1500,1500,1500,7.4
2026-08-08,12:45:38.190,166.1,0.6,-80,-92,92,12,0,8,250,-82,96,8,12.2,0.0,0,0,-232,-145,-1007,-363,30,-1024,-3,-916,-31,-1,-1,-1,-1,-1,1,0,-1,0x0000000000000000,1450,1468,1443,1464,2012,1427,1458,1260,1701,988,1500,1500,1500,1500,1500,1500,1500,1500,1500,1500,1500,1500,1500,1500,1500,1500,1500,1500,1500,1500,1500,1500,7.4
2026-08-08,12:45:38.690,166.1,-0.2,-80,-90,100,8,0,8,25,-88,96,8,12.2,0.0,0,0,-255,-340,-1007,377,29,-1024,-3,-916,-31,-1,-1,-1,-1,-1,1,0,-1,0x0000000000000000,1444,1526,1633,1581,2012,1648,1587,1260,1701,988,1500,1500,1500,1500,1500,1500,1500,1500,1500,1500,1500,1500,1500,1500,1500,1500,1500,1500,1500,1500,1500,1500,7.4
2026-08-08,12:45:39.190,164.3,-2.8,-83,-82,99,9,0,8,25,-82,100,9,12.2,0.0,0,0,-490,-354,-1008,-189,30,-1024,-3,-916,-31,-1,-1,-1,-1,-1,1,0,-1,0x0000000000000000,1374,1530,1484,1490,2012,1480,1488,1260,1701,988,1500,1500,1500,1500,1500,1500,1500,1500,1500,1500,1500,1500,1500,1500,1500,1500,1500,1500,1500,1500,1500,1500,7.4
2026-08-08,12:45:39.690,164.6,-0.2,-84,-82,100,7,0,8,10,-83,92,10,12.2,0.0,0,0,-457,-564,-1008,30,30,-1024,-3,-916,-31,-1,-1,-1,-1,-1,1,0,-1,0x0000000000000000,1384,1602,1540,1524,2012,1544,1526,1260,1701,988,1500,1500,1500,1500,1500,1500,1500,1500,1500,1500,1500,1500,1500,1500,1500,1500,1500,1500,1500,1500,1500,1500,7.4
2026-08-08,12:45:40.190,164.1,-0.5,-85,-79,99,6,1,8,50,-90,100,4,12.2,0.0,0,0,-441,-445,-1007,6,30,-1024,-3,-916,-31,-1,-1,-1,-1,-1,1,0,-1,0x0000000000000000,1389,1560,1533,1520,2012,1537,1522,1260,1701,988,1500,1500,1500,1500,1500,1500,1500,1500,1500,1500,1500,1500,1500,1500,1500,1500,1500,1500,1500,1500,1500,1500,7.4
2026-08-08,12:45:40.690,165.1,1.3,-85,-86,99,7,1,8,50,-91,96,1,12.2,0.0,0,0,-462,-476,-1007,297,29,-1024,-3,-916,-32,-1,-1,-1,-1,-1,1,0,-1,0x0000000000000000,1383,1571,1612,1568,2012,1624,1573,1260,1701,988,1500,1500,1500,1500,1500,1500,1500,1500,1500,1500,1500,1500,1500,1500,1500,1500,1500,1500,1500,1500,1500,1500,7.4
2026-08-08,12:45:41.190,166.0,2.2,-85,-86,100,4,1,8,250,-94,96,4,12.2,0.0,0,0,-452,-416,-1007,210,29,-1024,-3,-916,-31,-1,-1,-1,-1,-1,1,0,-1,0x0000000000000000,1386,1550,1588,1554,2012,1598,1558,1260,1701,988,1500,1500,1500,1500,1500,1500,1500,1500,1500,1500,1500,1500,1500,1500,1500,1500,1500,1500,1500,1500,1500,1500,7.4
2026-08-08,12:45:41.690,167.3,2.4,-85,-87,100,3,1,8,25,-92,84,4,12.2,0.0,0,0,-461,-450,-1007,-32,30,-1024,-3,-916,-31,-1,-1,-1,-1,-1,1,0,-1,0x0000000000000000,1383,1561,1523,1514,2012,1526,1515,1260,1701,988,1500,1500,1500,1500,1500,1500,1500,1500,1500,1500,1500,1500,1500,1500,1500,1500,1500,1500,1500,1500,1500,1500,7.4
2026-08-08,12:45:42.190,168.9,2.8,-85,-88,100,9,1,8,50,-88,100,7,12.2,0.0,0,0,-470,-441,-1007,-131,30,-1024,-3,-916,-32,-1,-1,-1,-1,-1,1,0,-1,0x0000000000000000,1380,1559,1498,1499,2012,1497,1498,1260,1701,988,1500,1500,1500,1500,1500,1500,1500,1500,1500,1500,1500,1500,1500,1500,1500,1500,1500,1500,1500,1500,1500,1500,7.4
2026-08-08,12:45:42.690,169.7,1.2,-85,-86,100,11,1,8,100,-89,92,4,12.2,0.0,0,0,-474,-518,-1006,198,29,-1024,-3,-916,-32,-1,-1,-1,-1,-1,1,0,-1,0x0000000000000000,1379,1585,1585,1552,2012,1594,1556,1260,1701,988,1500,1500,1500,1500,1500,1500,1500,1500,1500,1500,1500,1500,1500,1500,1500,1500,1500,1500,1500,1500,1500,1500,7.4
2026-08-08,12:45:43.190,169.3,-0.7,-96,-97,93,8,0,8,250,-95,88,7,12.2,0.0,0,0,-463,-508,-1007,310,30,-1024,-3,-916,-31,-1,-1,-1,-1,-1,1,0,-1,0x0000000000000000,1382,1581,1615,1570,2012,1628,1575,1260,1701,988,1500,1500,1500,1500,1500,1500,1500,1500,1500,1500,1500,1500,1500,1500,1500,1500,1500,1500,1500,1500,1500,1500,7.4
2026-08-08,12:45:43.690,168.1,-2.0,-76,-97,95,12,0,8,250,-83,100,6,12.2,0.0,0,0,-434,-540,-1007,212,30,-1024,-3,-916,-31,-1,-1,-1,-1,-1,1,0,-1,0x0000000000000000,1391,1593,1589,1554,2012,1598,1558,1260,1701,988,1500,1500,1500,1500,1500,1500,1500,1500,1500,1500,1500,1500,1500,1500,1500,1500,1500,1500,1500,1500,1500,1500,7.4
2026-08-08,12:45:44.190,168.6,1.0,-83,-96,99,7,0,8,10,-86,100,9,12.2,0.0,0,0,-416,-248,-1007,-162,30,-1024,-3,-916,-31,-1,-1,-1,-1,-1,1,0,-1,0x0000000000000000,1397,1499,1491,1494,2012,1488,1493,1260,1701,988,1500,1500,1500,1500,1500,1500,1500,1500,1500,1500,1500,1500,1500,1500,1500,1500,1500,1500,1500,1500,1500,1500,7.4
2026-08-08,12:45:44.690,170.1,1.9,-82,-96,100,7,0,8,10,-78,100,10,12.2,0.0,0,0,-432,-391,-1007,341,30,-1024,-3,-916,-32,-1,-1,-1,-1,-1,1,0,-1,0x0000000000000000,1392,1543,1623,1575,2012,1637,1581,1260,1701,988,1500,1500,1500,1500,1500,1500,1500,1500,1500,1500,1500,1500,1500,1500,1500,1500,1500,1500,1500,1500,1500,1500,7.4
2026-08-08,12:45:45.190,170.5,0.8,-84,-96,100,7,0,8,50,-88,100,7,12.2,0.0,0,0,-422,-362,-1007,28,30,-1024,-3,-916,-31,-1,-1,-1,-1,-1,1,0,-1,0x0000000000000000,1395,1534,1539,1524,2012,1544,1526,1260,1701,988,1500,1500,1500,1500,1500,1500,1500,1500,1500,1500,1500,1500,1500,1500,1500,1500,1500,1500,1500,1500,1500,1500,7.4
2026-08-08,12:45:45.690,171.1,1.3,-80,-94,99,8,0,8,50,-90,100,5,12.2,0.0,0,0,-459,-456,-1007,0,30,-1024,-3,-916,-32,-1,-1,-1,-1,-1,1,0,-1,0x0000000000000000,1383,1564,1532,1519,2012,1535,1521,1260,1701,988,1500,1500,1500,1500,1500,1500,1500,1500,1500,1500,1500,1500,1500,1500,1500,1500,1500,1500,1500,1500,1500,1500,7.4
2026-08-08,12:45:46.190,171.0,0.6,-85,-94,97,5,0,8,100,-99,100,8,12.2,0.0,0,0,-503,-481,-1006,276,29,-1024,-3,-916,-31,-1,-1,-1,-1,-1,1,0,-1,0x0000000000000000,1369,1572,1606,1564,2012,1617,1569,1260,1701,988,1500,1500,1500,1500,1500,1500,1500,1500,1500,1500,1500,1500,1500,1500,1500,1500,1500,1500,1500,1500,1500,1500,7.4
2026-08-08,12:45:46.690,171.7,1.4,-79,-88,94,10,0,8,250,-83,96,9,12.2,0.0,0,0,-512,-499,-1007,5,30,-1024,-3,-916,-32,-1,-1,-1,-1,-1,1,0,-1,0x0000000000000000,1367,1579,1533,1520,2012,1537,1522,1260,1701,988,1500,1500,1500,1500,1500,1500,1500,1500,1500,1500,1500,1500,1500,1500,1500,1500,1500,1500,1500,1500,1500,1500,7.4
2026-08-08,12:45:47.190,173.1,2.5,-76,-88,100,0,0,8,100,-80,100,9,12.2,0.0,0,0,-492,-517,-1007,-67,30,-1024,-3,-916,-31,-1,-1,-1,-1,-1,1,0,-1,0x0000000000000000,1373,1585,1514,1508,2012,1515,1509,1260,1701,988,1500,1500,1500,1500,1500,1500,1500,1500,1500,1500,1500,1500,1500,1500,1500,1500,1500,1500,1500,1500,1500,1500,7.4
2026-08-08,12:45:47.690,173.7,1.0,-85,-93,100,8,0,8,25,-85,100,11,12.2,0.0,0,0,-447,-563,-1006,258,30,-1024,-3,-916,-32,-1,-1,-1,-1,-1,1,0,-1,0x0000000000000000,1387,1601,1601,1561,2012,1612,1566,1260,1701,988,1500,1500,1500,1500,1500,1500,1500,1500,1500,1500,1500,1500,1500,1500,1500,1500,1500,1500,1500,1500,1500,1500,7.4
2026-08-08,12:45:48.190,173.6,0.0,-84,-93,100,8,0,8,25,-85,100,9,12.2,0.0,0,0,-470,-552,-1006,153,30,-1024,-3,-916,-32,-1,-1,-1,-1,-1,1,0,-1,0x0000000000000000,1380,1597,1572,1544,2012,1580,1547,1260,1701,988,1500,1500,1500,1500,1500,1500,1500,1500,1500,1500,1500,1500,1500,1500,1500,1500,1500,1500,1500,1500,1500,1500,7.4
2026-08-08,12:45:48.690,173.5,-0.2,-83,-93,100,9,0,8,25,-81,100,9,12.2,0.0,0,0,-462,-500,-1007,57,30,-1024,-3,-916,-32,-1,-1,-1,-1,-1,1,0,-1,0x0000000000000000,1383,1579,1547,1529,2012,1552,1531,1260,1701,988,1500,1500,1500,1500,1500,1500,1500,1500,1500,1500,1500,1500,1500,1500,1500,1500,1500,1500,1500,1500,1500,1500,7.4
2026-08-08,12:45:49.190,174.3,1.8,-88,-87,98,5,1,8,100,-89,100,7,12.2,0.0,0,0,-441,-272,-1007,156,30,-1024,-3,-916,-31,-1,-1,-1,-1,-1,1,0,-1,0x0000000000000000,1389,1505,1574,1545,2012,1582,1548,1260,1701,988,1500,1500,1500,1500,1500,1500,1500,1500,1500,1500,1500,1500,1500,1500,1500,1500,1500,1500,1500,1500,1500,1500,7.4
2026-08-08,12:45:49.690,175.2,1.7,-88,-86,99,6,1,8,250,-90,88,4,12.2,0.0,0,0,-473,-267,-1007,128,30,-1024,-3,-916,-32,-1,-1,-1,-1,-1,1,0,-1,0x0000000000000000,1379,1504,1566,1540,2012,1574,1543,1260,1701,988,1500,1500,1500,1500,1500,1500,1500,1500,1500,1500,1500,1500,1500,1500,1500,1500,1500,1500,1500,1500,1500,1500,7.4
2026-08-08,12:45:50.190,175.8,0.8,-85,-92,99,8,0,8,10,-77,100,8,12.2,0.0,0,0,-508,-315,-1007,-72,30,-1024,-3,-916,-32,-1,-1,-1,-1,-1,1,0,-1,0x0000000000000000,1368,1519,1513,1508,2012,1514,1508,1260,1701,988,1500,1500,1500,1500,1500,1500,1500,1500,1500,1500,1500,1500,1500,1500,1500,1500,1500,1500,1500,1500,1500,1500,7.4
2026-08-08,12:45:50.690,176.7,1.6,-84,-92,100,10,0,8,10,-81,100,11,12.2,0.0,0,0,-515,-430,-1007,-170,30,-1024,-3,-916,-31,-1,-1,-1,-1,-1,1,0,-1,0x0000000000000000,1366,1555,1489,1493,2012,1485,1491,1260,1701,988,1500,1500,1500,1500,1500,1500,1500,1500,1500,1500,1500,1500,1500,1500,1500,1500,1500,1500,1500,1500,1500,1500,7.4
2026-08-08,12:45:51.190,177.3,1.4,-92,-85,98,6,1,8,250,-91,68,4,12.2,0.0,0,0,-519,-461,-1007,133,30,-1024,-3,-916,-31,-1,-1,-1,-1,-1,1,0,-1,0x0000000000000000,1364,1565,1568,1541,2012,1575,1544,1260,1701,988,1500,1500,1500,1500,1500,1500,1500,1500,1500,1500,1500,1500,1500,1500,1500,1500,1500,1500,1500,1500,1500,1500,7.4
2026-08-08,12:45:51.690,177.6,1.1,-92,-87,99,2,1,8,250,-103,96,-5,12.2,0.0,0,0,-526,-516,-1007,116,29,-1024,-3,-916,-31,-1,-1,-1,-1,-1,1,0,-1,0x0000000000000000,1362,1584,1563,1538,2012,1570,1541,1260,1701,988,1500,1500,1500,1500,1500,1500,1500,1500,1500,1500,1500,1500,1500,1500,1500,1500,1500,1500,1500,1500,1500,1500,7.4
2026-08-08,12:45:52.190,178.2,1.5,-92,-87,100,6,1,8,50,-98,100,0,12.2,0.0,0,0,-519,-529,-1007,-96,30,-1024,-3,-916,-32,-1,-1,-1,-1,-1,1,0,-1,0x0000000000000000,1364,1589,1506,1504,2012,1507,1504,1260,1701,988,1500,1500,1500,1500,1500,1500,1500,1500,1500,1500,1500,1500,1500,1500,1500,1500,1500,1500,1500,1500,1500,1500,7.4
2026-08-08,12:45:52.690,178.9,1.6,-92,-86,100,10,1,8,25,-87,96,5,12.2,0.0,0,0,-513,-502,-1007,257,29,-1024,-3,-916,-31,-1,-1,-1,-1,-1,1,0,-1,0x0000000000000000,1366,1580,1601,1561,2012,1612,1566,1260,1701,988,1500,1500,1500,1500,1500,1500,1500,1500,1500,1500,1500,1500,1500,1500,1500,1500,1500,1500,1500,1500,1500,1500,7.4
2026-08-08,12:45:53.190,179.6,1.0,-92,-86,100,12,1,8,100,-87,100,9,12.2,0.0,0,0,-492,-559,-1006,117,30,-1024,-3,-916,-32,-1,-1,-1,-1,-1,1,0,-1,0x0000000000000000,1373,1600,1563,1538,2012,1570,1541,1260,1701,988,1500,1500,1500,1500,1500,1500,1500,1500,1500,1500,1500,1500,1500,1500,1500,1500,1500,1500,1500,1500,1500,1500,7.4
2026-08-08,12:45:53.690,179.9,0.3,-91,-82,99,10,1,8,100,-88,92,6,12.2,0.0,0,0,-512,-605,-1006,114,29,-1024,-3,-916,-31,-1,-1,-1,-1,-1,1,0,-1,0x0000000000000000,1367,1617,1563,1538,2012,1569,1541,1260,1701,988,1500,1500,1500,1500,1500,1500,1500,1500,1500,1500,1500,1500,1500,1500,1500,1500,1500,1500,1500,1500,1500,1500,7.4
2026-08-08,12:45:54.190,180.3,0.4,-91,-87,99,1,1,8,250,-97,88,-2,12.2,0.0,0,0,-517,-604,-1006,164,30,-1024,-3,-916,-31,-1,-1,-1,-1,-1,1,0,-1,0x0000000000000000,1365,1616,1576,1546,2012,1584,1550,1260,1701,988,1500,1500,1500,1500,1500,1500,1500,1500,1500,1500,1500,1500,1500,1500,1500,1500,1500,1500,1500,1500,1500,1500,7.4
2026-08-08,12:45:54.690,180.5,0.8,-79,-93,100,9,0,8,10,-79,96,10,12.2,0.0,0,0,-512,-552,-1007,2,30,-1024,-3,-916,-31,-1,-1,-1,-1,-1,1,0,-1,0x0000000000000000,1367,1597,1532,1520,2012,1536,1521,1260,1701,988,1500,1500,1500,1500,1500,1500,1500,1500,1500,1500,1500,1500,1500,1500,1500,1500,1500,1500,1500,1500,1500,1500,7.4
2026-08-08,12:45:55.190,181.9,2.1,-87,-90,99,7,0,8,50,-86,92,8,12.2,0.0,0,0,-519,-524,-1007,-181,30,-1024,-3,-916,-31,-1,-1,-1,-1,-1,1,0,-1,0x0000000000000000,1364,1587,1486,1491,2012,1482,1489,1260,1701,988,1500,1500,1500,1500,1500,1500,1500,1500,1500,1500,1500,1500,1500,1500,1500,1500,1500,1500,1500,1500,1500,1500,7.4
2026-08-08,12:45:55.690,182.5,1.1,-83,-87,98,8,0,8,25,-83,100,9,12.2,0.0,0,0,-571,-639,-1007,284,30,-1024,-3,-916,-31,-1,-1,-1,-1,-1,1,0,-1,0x0000000000000000,1347,1630,1608,1566,2012,1620,1571,1260,1701,988,1500,1500,1500,1500,1500,1500,1500,1500,1500,1500,1500,1500,1500,1500,1500,1500,1500,1500,1500,1500,1500,1500,7.4
2026-08-08,12:45:56.190,183.3,1.3,-85,-87,100,6,0,8,10,-89,100,5,12.2,0.0,0,0,-631,-610,-1007,313,29,-1024,-3,-916,-31,-1,-1,-1,-1,-1,1,0,-1,0x0000000000000000,1326,1619,1616,1570,2012,1628,1576,1260,1701,988,1500,1500,1500,1500,1500,1500,1500,1500,1500,1500,1500,1500,1500,1500,1500,1500,1500,1500,1500,1500,1500,1500,7.4
2026-08-08,12:45:56.690,183.8,1.1,-84,-87,100,8,0,8,100,-89,100,8,12.2,0.0,0,0,-630,-688,-1007,60,29,-1024,-3,-916,-31,-1,-1,-1,-1,-1,1,0,-1,0x0000000000000000,1326,1650,1548,1529,2012,1554,1532,1260,1701,988,1500,1500,1500,1500,1500,1500,1500,1500,1500,1500,1500,1500,1500,1500,1500,1500,1500,1500,1500,1500,1500,1500,7.4
2026-08-08,12:45:57.190,185.0,1.9,-85,-85,99,7,1,8,25,-85,100,10,12.2,0.0,0,0,-602,-707,-1007,98,29,-1024,-3,-916,-31,-1,-1,-1,-1,-1,1,0,-1,0x0000000000000000,1336,1658,1558,1535,2012,1565,1538,1260,1701,988,1500,1500,1500,1500,1500,1500,1500,1500,1500,1500,1500,1500,1500,1500,1500,1500,1500,1500,1500,1500,1500,1500,7.4
2026-08-08,12:45:57.690,186.1,2.2,-85,-86,100,8,1,8,50,-90,100,5,12.2,0.0,0,0,-596,-748,-1008,87,30,-1024,-3,-916,-31,-1,-1,-1,-1,-1,1,0,-1,0x0000000000000000,1338,1675,1555,1534,2012,1561,1536,1260,1701,988,1500,1500,1500,1500,1500,1500,1500,1500,1500,1500,1500,1500,1500,1500,1500,1500,1500,1500,1500,1500,1500,1500,7.4
2026-08-08,12:45:58.190,187.2,1.8,-85,-86,100,10,1,8,50,-87,100,9,12.2,0.0,0,0,-591,-733,-1008,166,29,-1024,-3,-916,-32,-1,-1,-1,-1,-1,1,0,-1,0x0000000000000000,1340,1668,1576,1546,2012,1585,1550,1260,1701,988,1500,1500,1500,1500,1500,1500,1500,1500,1500,1500,1500,1500,1500,1500,1500,1500,1500,1500,1500,1500,1500,1500,7.4
2026-08-08,12:45:58.690,187.4,0.4,-85,-86,100,8,1,8,100,-88,100,9,12.2,0.0,0,0,-564,-728,-1008,222,30,-1024,-3,-916,-31,-1,-1,-1,-1,-1,1,0,-1,0x0000000000000000,1349,1666,1591,1556,2012,1601,1560,1260,1701,988,1500,1500,1500,1500,1500,1500,1500,1500,1500,1500,1500,1500,1500,1500,1500,1500,1500,1500,1500,1500,1500,1500,7.4
2026-08-08,12:45:59.190,186.7,-1.4,-75,-95,99,6,0,8,10,-83,100,9,12.2,0.0,0,0,-532,-719,-1008,142,29,-1024,-3,-916,-31,-1,-1,-1,-1,-1,1,0,-1,0x0000000000000000,1360,1662,1570,1542,2012,1577,1546,1260,1701,988,1500,1500,1500,1500,1500,1500,1500,1500,1500,1500,1500,1500,1500,1500,1500,1500,1500,1500,1500,1500,1500,1500,7.4
2026-08-08,12:45:59.690,187.1,0.6,-82,-88,100,0,0,8,100,-80,100,10,12.2,0.0,0,0,-535,-544,-1008,34,29,-1024,-3,-916,-31,-1,-1,-1,-1,-1,1,0,-1,0x0000000000000000,1359,1594,1541,1525,2012,1546,1527,1260,1701,988,1500,1500,1500,1500,1500,1500,1500,1500,1500,1500,1500,1500,1500,1500,1500,1500,1500,1500,1500,1500,1500,1500,7.4
2026-08-08,12:46:00.190,188.2,2.0,-79,-97,100,5,0,8,25,-84,100,8,12.2,0.0,0,0,-545,-377,-1007,-369,30,-1024,-3,-916,-31,-1,-1,-1,-1,-1,1,0,-1,0x0000000000000000,1356,1538,1442,1463,2012,1425,1457,1260,1701,988,1500,1500,1500,1500,1500,1500,1500,1500,1500,1500,1500,1500,1500,1500,1500,1500,1500,1500,1500,1500,1500,1500,7.4
2026-08-08,12:46:00.690,189.1,2.0,-90,-87,99,5,1,8,250,-93,96,3,12.2,0.0,0,0,-590,-526,-1008,135,30,-1024,-3,-916,-31,-1,-1,-1,-1,-1,1,0,-1,0x0000000000000000,1340,1588,1568,1542,2012,1576,1545,1260,1701,988,1500,1500,1500,1500,1500,1500,1500,1500,1500,1500,1500,1500,1500,1500,1500,1500,1500,1500,1500,1500,1500,1500,7.4
2026-08-08,12:46:01.190,189.5,0.8,-90,-87,100,7,1,8,50,-89,84,4,12.2,0.0,0,0,-594,-628,-1008,208,30,-1024,-3,-916,-31,-1,-1,-1,-1,-1,1,0,-1,0x0000000000000000,1339,1626,1588,1553,2012,1597,1557,1260,1701,988,1500,1500,1500,1500,1500,1500,1500,1500,1500,1500,1500,1500,1500,1500,1500,1500,1500,1500,1500,1500,1500,1500,7.4
2026-08-08,12:46:01.690,189.2,-0.5,-83,-84,99,8,1,8,50,-90,100,8,12.2,0.0,0,0,-597,-661,-1008,134,29,-1024,-3,-916,-31,-1,-1,-1,-1,-1,1,0,-1,0x0000000000000000,1338,1639,1568,1541,2012,1575,1544,1260,1701,988,1500,1500,1500,1500,1500,1500,1500,1500,1500,1500,1500,1500,1500,1500,1500,1500,1500,1500,1500,1500,1500,1500,7.4
2026-08-08,12:46:02.190,189.0,-0.5,-84,-88,100,7,0,8,50,-90,100,6,12.2,0.0,0,0,-597,-720,-1008,3,30,-1024,-3,-916,-31,-1,-1,-1,-1,-1,1,0,-1,0x0000000000000000,1338,1662,1533,1520,2012,1536,1521,1260,1701,988,1500,1500,1500,1500,1500,1500,1500,1500,1500,1500,1500,1500,1500,1500,1500,1500,1500,1500,1500,1500,1500,1500,7.4
2026-08-08,12:46:02.690,189.6,1.1,-83,-88,100,3,0,8,100,-86,100,7,12.2,0.0,0,0,-592,-687,-1007,-60,30,-1024,-3,-916,-31,-1,-1,-1,-1,-1,1,0,-1,0x0000000000000000,1340,1649,1516,1510,2012,1518,1510,1260,1701,988,1500,1500,1500,1500,1500,1500,1500,1500,1500,1500,1500,1500,1500,1500,1500,1500,1500,1500,1500,1500,1500,1500,7.4
2026-08-08,12:46:03.190,191.0,2.5,-82,-85,99,7,1,8,100,-88,100,8,12.2,0.0,0,0,-596,-682,-1007,-232,30,-1024,-3,-916,-31,-1,-1,-1,-1,-1,1,0,-1,0x0000000000000000,1338,1647,1474,1484,2012,1467,1481,1260,1701,988,1500,1500,1500,1500,1500,1500,1500,1500,1500,1500,1500,1500,1500,1500,1500,1500,1500,1500,1500,1500,1500,1500,7.4
2026-08-08,12:46:03.690,192.5,2.9,-82,-87,100,7,1,8,50,-91,100,4,12.2,0.0,0,0,-600,-714,-1007,-174,30,-1024,-3,-916,-31,-1,-1,-1,-1,-1,1,0,-1,0x0000000000000000,1337,1660,1488,1492,2012,1484,1491,1260,1701,988,1500,1500,1500,1500,1500,1500,1500,1500,1500,1500,1500,1500,1500,1500,1500,1500,1500,1500,1500,1500,1500,1500,7.4
2026-08-08,12:46:04.190,192.6,0.3,-82,-86,100,9,1,8,100,-92,100,7,12.2,0.0,0,0,-606,-681,-1007,189,29,-1024,-3,-916,-31,-1,-1,-1,-1,-1,1,0,-1,0x0000000000000000,1334,1646,1582,1550,2012,1592,1554,1260,1701,988,1500,1500,1500,1500,1500,1500,1500,1500,1500,1500,1500,1500,1500,1500,1500,1500,1500,1500,1500,1500,1500,1500,7.4
2026-08-08,12:46:04.690,191.8,-1.1,-83,-89,96,4,0,8,25,-80,96,10,12.2,0.0,0,0,-611,-596,-1007,311,30,-1024,-3,-916,-31,-1,-1,-1,-1,-1,1,0,-1,0x0000000000000000,1333,1613,1615,1570,2012,1628,1575,1260,1701,988,1500,1500,1500,1500,1500,1500,1500,1500,1500,1500,1500,1500,1500,1500,1500,1500,1500,1500,1500,1500,1500,1500,7.4
2026-08-08,12:46:05.190,190.9,-1.5,-82,-89,98,10,0,8,10,-77,100,10,12.2,0.0,0,0,-501,-537,-1008,83,30,-1024,-3,-916,-31,-1,-1,-1,-1,-1,1,0,-1,0x0000000000000000,1370,1592,1554,1533,2012,1560,1535,1260,1701,988,1500,1500,1500,1500,1500,1500,1500,1500,1500,1500,1500,1500,1500,1500,1500,1500,1500,1500,1500,1500,1500,1500,7.4
2026-08-08,12:46:05.690,191.0,0.0,-84,-89,100,5,0,8,100,-88,96,7,12.2,0.0,0,0,-520,-282,-1008,-323,30,-1024,-3,-916,-32,-1,-1,-1,-1,-1,1,0,-1,0x0000000000000000,1364,1509,1450,1468,2012,1436,1463,1260,1701,988,1500,1500,1500,1500,1500,1500,1500,1500,1500,1500,1500,1500,1500,1500,1500,1500,1500,1500,1500,1500,1500,1500,7.4
2026-08-08,12:46:06.190,192.4,2.2,-75,-87,99,9,0,8,50,-91,84,5,12.2,0.0,0,0,-623,-521,-1008,-363,30,-1024,-3,-916,-31,-1,-1,-1,-1,-1,1,0,-1,0x0000000000000000,1328,1586,1443,1464,2012,1427,1458,1260,1701,988,1500,1500,1500,1500,1500,1500,1500,1500,1500,1500,1500,1500,1500,1500,1500,1500,1500,1500,1500,1500,1500,1500,7.4
2026-08-08,12:46:06.690,193.2,1.4,-83,-97,100,5,0,8,10,-82,100,9,12.2,0.0,0,0,-662,-617,-1008,180,29,-1024,-3,-916,-31,-1,-1,-1,-1,-1,1,0,-1,0x0000000000000000,1314,1621,1580,1549,2012,1589,1552,1260,1701,988,1500,1500,1500,1500,1500,1500,1500,1500,1500,1500,1500,1500,1500,1500,1500,1500,1500,1500,1500,1500,1500,1500,7.4
2026-08-08,12:46:07.190,193.3,0.3,-93,-85,98,8,1,8,100,-94,100,3,12.2,0.0,0,0,-661,-649,-1007,247,29,-1024,-3,-916,-32,-1,-1,-1,-1,-1,1,0,-1,0x0000000000000000,1314,1634,1598,1560,2012,1609,1564,1260,1701,988,1500,1500,1500,1500,1500,1500,1500,1500,1500,1500,1500,1500,1500,1500,1500,1500,1500,1500,1500,1500,1500,1500,7.4
2026-08-08,12:46:07.690,193.0,-0.6,-85,-87,98,2,0,8,250,-87,96,8,12.2,0.0,0,0,-638,-731,-1008,-185,30,-1024,-3,-916,-31,-1,-1,-1,-1,-1,1,0,-1,0x0000000000000000,1323,1667,1482,1489,2012,1477,1487,1260,1701,988,1500,1500,1500,1500,1500,1500,1500,1500,1500,1500,1500,1500,1500,1500,1500,1500,1500,1500,1500,1500,1500,1500,7.4
2026-08-08,12:46:08.190,193.1,0.0,-77,-85,99,9,0,8,50,-80,100,9,12.2,0.0,0,0,-661,-708,-1008,140,30,-1024,-3,-916,-32,-1,-1,-1,-1,-1,1,0,-1,0x0000000000000000,1314,1658,1569,1542,2012,1577,1545,1260,1701,988,1500,1500,1500,1500,1500,1500,1500,1500,1500,1500,1500,1500,1500,1500,1500,1500,1500,1500,1500,1500,1500,1500,7.4
2026-08-08,12:46:08.690,193.1,0.0,-80,-92,100,7,0,8,50,-83,100,9,12.2,0.0,0,0,-665,-744,-1007,166,30,-1024,-3,-916,-31,-1,-1,-1,-1,-1,1,0,-1,0x0000000000000000,1313,1673,1576,1546,2012,1585,1550,1260,1701,988,1500,1500,1500,1500,1500,1500,1500,1500,1500,1500,1500,1500,1500,1500,1500,1500,1500,1500,1500,1500,1500,1500,7.4
2026-08-08,12:46:09.190,193.4,0.7,-81,-89,100,10,0,8,10,-79,96,9,12.2,0.0,0,0,-608,-701,-1008,-364,30,-1024,-3,-916,-31,-1,-1,-1,-1,-1,1,0,-1,0x0000000000000000,1334,1655,1443,1464,2012,1427,1457,1260,1701,988,1500,1500,1500,1500,1500,1500,1500,1500,1500,1500,1500,1500,1500,1500,1500,1500,1500,1500,1500,1500,1500,1500,7.4
2026-08-08,12:46:09.690,194.0,1.1,-81,-89,100,2,0,8,50,-81,100,9,12.2,0.0,0,0,-606,-741,-1008,2,30,-1024,-3,-916,-31,-1,-1,-1,-1,-1,1,0,-1,0x0000000000000000,1334,1672,1532,1520,2012,1536,1521,1260,1701,988,1500,1500,1500,1500,1500,1500,1500,1500,1500,1500,1500,1500,1500,1500,1500,1500,1500,1500,1500,1500,1500,1500,7.4
2026-08-08,12:46:10.190,194.3,0.7,-82,-92,99,1,1,8,100,-90,100,4,12.2,0.0,0,0,-683,-579,-1008,277,29,-1024,-3,-916,-31,-1,-1,-1,-1,-1,1,0,-1,0x0000000000000000,1306,1607,1606,1565,2012,1618,1569,1260,1701,988,1500,1500,1500,1500,1500,1500,1500,1500,1500,1500,1500,1500,1500,1500,1500,1500,1500,1500,1500,1500,1500,1500,7.4
2026-08-08,12:46:10.690,194.3,0.0,-83,-92,99,8,0,8,25,-82,100,9,12.2,0.0,0,0,-703,-546,-1007,473,29,-1024,-3,-916,-32,-1,-1,-1,-1,-1,1,0,-1,0x0000000000000000,1299,1595,1659,1597,2012,1676,1604,1260,1701,988,1500,1500,1500,1500,1500,1500,1500,1500,1500,1500,1500,1500,1500,1500,1500,1500,1500,1500,1500,1500,1500,1500,7.4
2026-08-08,12:46:11.190,193.9,-0.4,-84,-92,100,10,0,8,50,-91,100,5,12.2,0.0,0,0,-691,-628,-1008,-138,30,-1024,-3,-916,-31,-1,-1,-1,-1,-1,1,0,-1,0x0000000000000000,1303,1626,1496,1497,2012,1495,1497,1260,1701,988,1500,1500,1500,1500,1500,1500,1500,1500,1500,1500,1500,1500,1500,1500,1500,1500,1500,1500,1500,1500,1500,1500,7.4
2026-08-08,12:46:11.690,193.7,-0.6,-86,-92,100,4,0,8,250,-92,96,7,12.2,0.0,0,0,-722,-729,-1008,3,30,-1024,-3,-916,-32,-1,-1,-1,-1,-1,1,0,-1,0x0000000000000000,1291,1666,1533,1520,2012,1536,1521,1260,1701,988,1500,1500,1500,1500,1500,1500,1500,1500,1500,1500,1500,1500,1500,1500,1500,1500,1500,1500,1500,1500,1500,1500,7.4
2026-08-08,12:46:12.190,194.1,0.4,-86,-86,99,10,1,8,50,-93,92,1,12.2,0.0,0,0,-710,-657,-1008,9,30,-1024,-3,-916,-31,-1,-1,-1,-1,-1,1,0,-1,0x0000000000000000,1296,1637,1534,1521,2012,1538,1522,1260,1701,988,1500,1500,1500,1500,1500,1500,1500,1500,1500,1500,1500,1500,1500,1500,1500,1500,1500,1500,1500,1500,1500,1500,7.4
2026-08-08,12:46:12.690,195.1,1.7,-74,-95,96,3,0,8,50,-82,100,8,12.2,0.0,0,0,-773,-570,-1008,371,29,-1024,-3,-916,-32,-1,-1,-1,-1,-1,1,0,-1,0x0000000000000000,1271,1604,1631,1580,2012,1646,1586,1260,1701,988,1500,1500,1500,1500,1500,1500,1500,1500,1500,1500,1500,1500,1500,1500,1500,1500,1500,1500,1500,1500,1500,1500,7.4
2026-08-08,12:46:13.190,196.0,1.5,-79,-98,98,7,0,8,25,-85,100,7,12.2,0.0,0,0,-786,-674,-1008,334,29,-1024,-3,-916,-31,-1,-1,-1,-1,-1,1,0,-1,0x0000000000000000,1265,1644,1621,1574,2012,1635,1579,1260,1701,988,1500,1500,1500,1500,1500,1500,1500,1500,1500,1500,1500,1500,1500,1500,1500,1500,1500,1500,1500,1500,1500,1500,7.4
2026-08-08,12:46:13.690,196.7,1.4,-82,-84,100,6,1,8,50,-89,100,6,12.2,0.0,0,0,-732,-736,-1008,7,30,-1024,-3,-916,-31,-1,-1,-1,-1,-1,1,0,-1,0x0000000000000000,1287,1669,1534,1521,2012,1538,1522,1260,1701,988,1500,1500,1500,1500,1500,1500,1500,1500,1500,1500,1500,1500,1500,1500,1500,1500,1500,1500,1500,1500,1500,1500,7.4
2026-08-08,12:46:14.190,197.5,1.7,-83,-85,100,9,0,8,10,-81,100,10,12.2,0.0,0,0,-687,-756,-1008,-282,30,-1024,-3,-916,-32,-1,-1,-1,-1,-1,1,0,-1,0x0000000000000000,1305,1678,1462,1476,2012,1452,1472,1260,1701,988,1500,1500,1500,1500,1500,1500,1500,1500,1500,1500,1500,1500,1500,1500,1500,1500,1500,1500,1500,1500,1500,1500,7.4
2026-08-08,12:46:14.690,198.5,1.8,-81,-93,92,12,0,8,250,-83,100,10,12.2,0.0,0,0,-678,-767,-1009,-179,30,-1024,-3,-916,-31,-1,-1,-1,-1,-1,1,0,-1,0x0000000000000000,1309,1683,1487,1491,2012,1483,1490,1260,1701,988,1500,1500,1500,1500,1500,1500,1500,1500,1500,1500,1500,1500,1500,1500,1500,1500,1500,1500,1500,1500,1500,1500,7.4
2026-08-08,12:46:15.190,198.3,-0.3,-80,-83,99,8,1,8,50,-89,100,9,12.2,0.0,0,0,-681,-704,-1008,574,29,-1024,-3,-916,-32,-1,-1,-1,-1,-1,1,0,-1,0x0000000000000000,1307,1656,1686,1613,2012,1706,1621,1260,1701,988,1500,1500,1500,1500,1500,1500,1500,1500,1500,1500,1500,1500,1500,1500,1500,1500,1500,1500,1500,1500,1500,1500,7.4
2026-08-08,12:46:15.690,196.3,-3.4,-82,-85,100,7,0,8,10,-76,100,10,12.2,0.0,0,0,-675,-716,-1008,-10,29,-1024,-3,-916,-31,-1,-1,-1,-1,-1,1,0,-1,0x0000000000000000,1309,1661,1529,1518,2012,1532,1519,1260,1701,988,1500,1500,1500,1500,1500,1500,1500,1500,1500,1500,1500,1500,1500,1500,1500,1500,1500,1500,1500,1500,1500,1500,7.4
2026-08-08,12:46:16.190,194.9,-2.8,-85,-85,100,5,0,8,25,-83,100,0,12.2,0.0,0,0,-665,-661,-1008,-197,30,-1024,-3,-916,-32,-1,-1,-1,-1,-1,1,0,-1,0x0000000000000000,1313,1639,1482,1489,2012,1477,1487,1260,1701,988,1500,1500,1500,1500,1500,1500,1500,1500,1500,1500,1500,1500,1500,1500,1500,1500,1500,1500,1500,1500,1500,1500,7.4
2026-08-08,12:46:16.690,195.0,0.0,-82,-90,99,8,0,8,250,-89,100,8,12.2,0.0,0,0,-690,-658,-1008,83,30,-1024,-3,-916,-31,-1,-1,-1,-1,-1,1,0,-1,0x0000000000000000,1304,1637,1554,1533,2012,1560,1535,1260,1701,988,1500,1500,1500,1500,1500,1500,1500,1500,1500,1500,1500,1500,1500,1500,1500,1500,1500,1500,1500,1500,1500,1500,7.4
2026-08-08,12:46:17.190,196.3,2.8,-82,-85,99,9,1,8,50,-88,100,7,12.2,0.0,0,0,-738,-585,-1008,230,30,-1024,-3,-916,-31,-1,-1,-1,-1,-1,1,0,-1,0x0000000000000000,1285,1609,1594,1557,2012,1604,1561,1260,1701,988,1500,1500,1500,1500,1500,1500,1500,1500,1500,1500,1500,1500,1500,1500,1500,1500,1500,1500,1500,1500,1500,1500,7.4
2026-08-08,12:46:17.690,198.5,3.5,-81,-83,99,8,0,8,100,-83,100,9,12.2,0.0,0,0,-741,-577,-1008,286,29,-1024,-3,-916,-32,-1,-1,-1,-1,-1,1,0,-1,0x0000000000000000,1284,1606,1608,1566,2012,1620,1571,1260,1701,988,1500,1500,1500,1500,1500,1500,1500,1500,1500,1500,1500,1500,1500,1500,1500,1500,1500,1500,1500,1500,1500,1500,7.4
2026-08-08,12:46:18.190,199.5,1.9,-85,-83,99,7,0,8,25,-85,100,9,12.2,0.0,0,0,-717,-688,-1008,-8,29,-1024,-3,-916,-31,-1,-1,-1,-1,-1,1,0,-1,0x0000000000000000,1293,1650,1530,1518,2012,1533,1519,1260,1701,988,1500,1500,1500,1500,1500,1500,1500,1500,1500,1500,1500,1500,1500,1500,1500,1500,1500,1500,1500,1500,1500,1500,7.4
2026-08-08,12:46:18.690,199.4,0.1,-83,-83,100,1,0,8,50,-82,100,10,12.2,0.0,0,0,-698,-710,-1008,-176,30,-1024,-3,-916,-31,-1,-1,-1,-1,-1,1,0,-1,0x0000000000000000,1300,1659,1487,1492,2012,1483,1490,1260,1701,988,1500,1500,1500,1500,1500,1500,1500,1500,1500,1500,1500,1500,1500,1500,1500,1500,1500,1500,1500,1500,1500,1500,7.4
2026-08-08,12:46:19.190,198.8,-1.1,-83,-83,100,7,0,8,10,-81,100,2,12.2,0.0,0,0,-705,-634,-1008,63,30,-1024,-3,-916,-31,-1,-1,-1,-1,-1,1,0,-1,0x0000000000000000,1298,1628,1549,1530,2012,1554,1532,1260,1701,988,1500,1500,1500,1500,1500,1500,1500,1500,1500,1500,1500,1500,1500,1500,1500,1500,1500,1500,1500,1500,1500,1500,7.4
2026-08-08,12:46:19.690,198.4,-0.6,-82,-83,95,1,1,8,100,-93,100,5,12.2,0.0,0,0,-714,-606,-1008,96,30,-1024,-3,-916,-31,-1,-1,-1,-1,-1,1,0,-1,0x0000000000000000,1295,1618,1558,1535,2012,1564,1538,1260,1701,988,1500,1500,1500,1500,1500,1500,1500,1500,1500,1500,1500,1500,1500,1500,1500,1500,1500,1500,1500,1500,1500,1500,7.4
2026-08-08,12:46:20.190,198.4,0.1,-82,-84,100,7,1,8,100,-90,100,7,12.2,0.0,0,0,-701,-595,-1008,-1,30,-1024,-3,-916,-31,-1,-1,-1,-1,-1,1,0,-1,0x0000000000000000,1299,1613,1532,1519,2012,1535,1521,1260,1701,988,1500,1500,1500,1500,1500,1500,1500,1500,1500,1500,1500,1500,1500,1500,1500,1500,1500,1500,1500,1500,1500,1500,7.4
2026-08-08,12:46:20.690,198.8,0.5,-84,-87,100,7,0,8,10,-86,100,8,12.2,0.0,0,0,-713,-671,-1008,-111,30,-1024,-3,-916,-31,-1,-1,-1,-1,-1,1,0,-1,0x0000000000000000,1295,1643,1502,1501,2012,1503,1502,1260,1701,988,1500,1500,1500,1500,1500,1500,1500,1500,1500,1500,1500,1500,1500,1500,1500,1500,1500,1500,1500,1500,1500,1500,7.4
2026-08-08,12:46:21.190,199.1,0.7,-86,-87,100,7,1,8,250,-92,76,7,12.2,0.0,0,0,-718,-719,-1007,-2,30,-1024,-3,-916,-32,-1,-1,-1,-1,-1,1,0,-1,0x0000000000000000,1293,1662,1532,1519,2012,1535,1521,1260,1701,988,1500,1500,1500,1500,1500,1500,1500,1500,1500,1500,1500,1500,1500,1500,1500,1500,1500,1500,1500,1500,1500,1500,7.4
2026-08-08,12:46:21.690,199.0,-0.5,-80,-82,97,10,0,8,25,-85,100,9,12.2,0.0,0,0,-832,-703,-1008,304,29,-1024,-3,-916,-32,-1,-1,-1,-1,-1,1,0,-1,0x0000000000000000,1246,1655,1613,1569,2012,1626,1574,1260,1701,988,1500,1500,1500,1500,1500,1500,1500,1500,1500,1500,1500,1500,1500,1500,1500,1500,1500,1500,1500,1500,1500,1500,7.4
2026-08-08,12:46:22.190,198.9,-0.1,-78,-94,96,8,0,8,50,-87,100,8,12.2,0.0,0,0,-878,-677,-1008,167,30,-1024,-3,-916,-31,-1,-1,-1,-1,-1,1,0,-1,0x0000000000000000,1225,1645,1577,1547,2012,1585,1550,1260,1701,988,1500,1500,1500,1500,1500,1500,1500,1500,1500,1500,1500,1500,1500,1500,1500,1500,1500,1500,1500,1500,1500,1500,7.4
2026-08-08,12:46:22.690,198.4,-1.2,-83,-90,97,4,0,8,100,-86,100,8,12.2,0.0,0,0,-803,-795,-1008,228,30,-1024,-3,-916,-31,-1,-1,-1,-1,-1,1,0,-1,0x0000000000000000,1258,1695,1593,1557,2012,1603,1561,1260,1701,988,1500,1500,1500,1500,1500,1500,1500,1500,1500,1500,1500,1500,1500,1500,1500,1500,1500,1500,1500,1500,1500,1500,7.4
2026-08-08,12:46:23.190,198.2,-0.8,-82,-97,97,9,0,8,10,-79,100,10,12.2,0.0,0,0,-686,-795,-1008,202,30,-1024,-3,-916,-32,-1,-1,-1,-1,-1,1,0,-1,0x0000000000000000,1305,1695,1586,1552,2012,1595,1556,1260,1701,988,1500,1500,1500,1500,1500,1500,1500,1500,1500,1500,1500,1500,1500,1500,1500,1500,1500,1500,1500,1500,1500,1500,7.4
2026-08-08,12:46:23.690,199.5,2.0,-82,-97,100,11,0,8,25,-78,100,11,12.2,0.0,0,0,-613,-752,-1006,-163,30,-1024,-3,-916,-31,-1,-1,-1,-1,-1,1,0,-1,0x0000000000000000,1332,1676,1490,1494,2012,1487,1493,1260,1701,988,1500,1500,1500,1500,1500,1500,1500,1500,1500,1500,1500,1500,1500,1500,1500,1500,1500,1500,1500,1500,1500,1500,7.4
2026-08-08,12:46:24.190,201.6,3.2,-77,-97,95,6,0,8,25,-85,96,8,12.2,0.0,0,0,-626,-735,-1006,29,30,-1024,-3,-916,-31,-1,-1,-1,-1,-1,1,0,-1,0x0000000000000000,1327,1669,1540,1524,2012,1544,1526,1260,1701,988,1500,1500,1500,1500,1500,1500,1500,1500,1500,1500,1500,1500,1500,1500,1500,1500,1500,1500,1500,1500,1500,1500,7.4
2026-08-08,12:46:24.690,201.5,-0.1,-76,-86,97,8,0,8,25,-84,100,9,12.2,0.0,0,0,-659,-663,-1006,687,29,-1024,-3,-916,-31,-1,-1,-1,-1,-1,1,0,-1,0x0000000000000000,1316,1639,1716,1632,2012,1740,1641,1260,1701,988,1500,1500,1500,1500,1500,1500,1500,1500,1500,1500,1500,1500,1500,1500,1500,1500,1500,1500,1500,1500,1500,1500,7.4
2026-08-08,12:46:25.190,200.4,-2.0,-81,-89,99,9,0,8,25,-86,96,9,12.2,0.0,0,0,-642,-701,-1007,60,30,-1024,-3,-916,-32,-1,-1,-1,-1,-1,1,0,-1,0x0000000000000000,1321,1655,1548,1529,2012,1553,1531,1260,1701,988,1500,1500,1500,1500,1500,1500,1500,1500,1500,1500,1500,1500,1500,1500,1500,1500,1500,1500,1500,1500,1500,1500,7.4
2026-08-08,12:46:25.690,200.3,-0.5,-83,-89,100,9,0,8,100,-85,100,8,12.2,0.0,0,0,-622,-832,-1007,-250,30,-1024,-3,-916,-31,-1,-1,-1,-1,-1,1,0,-1,0x0000000000000000,1329,1712,1470,1481,2012,1461,1477,1260,1701,988,1500,1500,1500,1500,1500,1500,1500,1500,1500,1500,1500,1500,1500,1500,1500,1500,1500,1500,1500,1500,1500,1500,7.4
2026-08-08,12:46:26.190,200.9,1.0,-82,-89,97,10,0,8,50,-80,100,11,12.2,0.0,0,0,-660,-856,-1008,-4,30,-1024,-3,-916,-31,-1,-1,-1,-1,-1,1,0,-1,0x0000000000000000,1315,1723,1531,1519,2012,1534,1520,1260,1701,988,1500,1500,1500,1500,1500,1500,1500,1500,1500,1500,1500,1500,1500,1500,1500,1500,1500,1500,1500,1500,1500,1500,7.4
2026-08-08,12:46:26.690,202.0,1.8,-84,-87,99,7,0,8,50,-85,100,8,12.2,0.0,0,0,-687,-723,-1007,256,30,-1024,-3,-916,-32,-1,-1,-1,-1,-1,1,0,-1,0x0000000000000000,1305,1663,1601,1561,2012,1612,1566,1260,1701,988,1500,1500,1500,1500,1500,1500,1500,1500,1500,1500,1500,1500,1500,1500,1500,1500,1500,1500,1500,1500,1500,1500,7.4
2026-08-08,12:46:27.190,201.9,-0.1,-81,-87,100,0,0,8,250,-85,100,9,12.2,0.0,0,0,-689,-702,-1007,311,30,-1024,-3,-916,-31,-1,-1,-1,-1,-1,1,0,-1,0x0000000000000000,1304,1655,1615,1570,2012,1628,1575,1260,1701,988,1500,1500,1500,1500,1500,1500,1500,1500,1500,1500,1500,1500,1500,1500,1500,1500,1500,1500,1500,1500,1500,1500,7.4
2026-08-08,12:46:27.690,200.9,-1.4,-82,-87,100,10,0,8,10,-79,100,9,12.2,0.0,0,0,-674,-670,-1007,365,29,-1024,-3,-916,-32,-1,-1,-1,-1,-1,1,0,-1,0x0000000000000000,1310,1642,1630,1579,2012,1644,1585,1260,1701,988,1500,1500,1500,1500,1500,1500,1500,1500,1500,1500,1500,1500,1500,1500,1500,1500,1500,1500,1500,1500,1500,1500,7.4
2026-08-08,12:46:28.190,200.9,0.0,-81,-87,97,10,0,8,10,-78,100,10,12.2,0.0,0,0,-633,-667,-1007,-267,30,-1024,-3,-916,-31,-1,-1,-1,-1,-1,1,0,-1,0x0000000000000000,1325,1641,1466,1478,2012,1456,1474,1260,1701,988,1500,1500,1500,1500,1500,1500,1500,1500,1500,1500,1500,1500,1500,1500,1500,1500,1500,1500,1500,1500,1500,1500,7.4
2026-08-08,12:46:28.690,201.7,1.5,-86,-87,97,9,0,8,250,-88,96,7,12.2,0.0,0,0,-656,-736,-1007,122,30,-1024,-3,-916,-31,-1,-1,-1,-1,-1,1,0,-1,0x0000000000000000,1317,1669,1565,1539,2012,1572,1542,1260,1701,988,1500,1500,1500,1500,1500,1500,1500,1500,1500,1500,1500,1500,1500,1500,1500,1500,1500,1500,1500,1500,1500,1500,7.4
2026-08-08,12:46:29.190,202.1,0.7,-77,-100,95,11,0,8,250,-82,100,10,12.2,0.0,0,0,-665,-671,-1007,488,29,-1024,-3,-916,-31,-1,-1,-1,-1,-1,1,0,-1,0x0000000000000000,1313,1643,1663,1599,2012,1681,1606,1260,1701,988,1500,1500,1500,1500,1500,1500,1500,1500,1500,1500,1500,1500,1500,1500,1500,1500,1500,1500,1500,1500,1500,1500,7.4
2026-08-08,12:46:29.690,202.6,0.7,-73,-98,100,8,0,8,100,-85,100,8,12.2,0.0,0,0,-645,-700,-1007,317,30,-1024,-3,-916,-32,-1,-1,-1,-1,-1,1,0,-1,0x0000000000000000,1320,1654,1617,1571,2012,1629,1576,1260,1701,988,1500,1500,1500,1500,1500,1500,1500,1500,1500,1500,1500,1500,1500,1500,1500,1500,1500,1500,1500,1500,1500,1500,7.4
2026-08-08,12:46:30.190,202.9,0.8,-87,-86,98,6,1,8,250,-96,96,0,12.2,0.0,0,0,-642,-779,-1007,-89,30,-1024,-3,-916,-31,-1,-1,-1,-1,-1,1,0,-1,0x0000000000000000,1321,1688,1508,1505,2012,1509,1505,1260,1701,988,1500,1500,1500,1500,1500,1500,1500,1500,1500,1500,1500,1500,1500,1500,1500,1500,1500,1500,1500,1500,1500,1500,7.4
2026-08-08,12:46:30.690,203.0,0.1,-82,-94,98,6,0,8,10,-86,92,9,12.2,0.0,0,0,-663,-787,-1007,4,30,-1024,-3,-916,-31,-1,-1,-1,-1,-1,1,0,-1,0x0000000000000000,1314,1691,1533,1520,2012,1537,1522,1260,1701,988,1500,1500,1500,1500,1500,1500,1500,1500,1500,1500,1500,1500,1500,1500,1500,1500,1500,1500,1500,1500,1500,1500,7.4
2026-08-08,12:46:31.190,202.6,-0.5,-83,-89,97,9,0,8,50,-79,100,9,12.2,0.0,0,0,-678,-776,-1007,285,30,-1024,-3,-916,-31,-1,-1,-1,-1,-1,1,0,-1,0x0000000000000000,1308,1686,1608,1566,2012,1620,1571,1260,1701,988,1500,1500,1500,1500,1500,1500,1500,1500,1500,1500,1500,1500,1500,1500,1500,1500,1500,1500,1500,1500,1500,1500,7.4
2026-08-08,12:46:31.690,201.8,-1.3,-82,-93,99,9,0,8,100,-88,100,9,12.2,0.0,0,0,-651,-808,-1007,-114,30,-1024,-3,-916,-31,-1,-1,-1,-1,-1,1,0,-1,0x0000000000000000,1318,1701,1501,1501,2012,1501,1501,1260,1701,988,1500,1500,1500,1500,1500,1500,1500,1500,1500,1500,1500,1500,1500,1500,1500,1500,1500,1500,1500,1500,1500,1500,7.4
2026-08-08,12:46:32.190,202.1,0.2,-81,-94,99,8,0,8,50,-84,100,9,12.2,0.0,0,0,-659,-688,-1007,344,29,-1024,-3,-916,-32,-1,-1,-1,-1,-1,1,0,-1,0x0000000000000000,1316,1650,1624,1576,2012,1638,1581,1260,1701,988,1500,1500,1500,1500,1500,1500,1500,1500,1500,1500,1500,1500,1500,1500,1500,1500,1500,1500,1500,1500,1500,1500,7.4
2026-08-08,12:46:32.690,202.6,0.9,-82,-94,100,7,0,8,10,-83,96,10,12.2,0.0,0,0,-646,-565,-1007,406,29,-1024,-3,-916,-31,-1,-1,-1,-1,-1,1,0,-1,0x0000000000000000,1320,1602,1641,1586,2012,1656,1592,1260,1701,988,1500,1500,1500,1500,1500,1500,1500,1500,1500,1500,1500,1500,1500,1500,1500,1500,1500,1500,1500,1500,1500,1500,7.4
2026-08-08,12:46:33.190,203.3,1.0,-83,-84,99,5,1,8,250,-95,96,0,12.2,0.0,0,0,-641,-547,-1007,302,30,-1024,-3,-916,-31,-1,-1,-1,-1,-1,1,0,-1,0x0000000000000000,1322,1595,1613,1569,2012,1625,1574,1260,1701,988,1500,1500,1500,1500,1500,1500,1500,1500,1500,1500,1500,1500,1500,1500,1500,1500,1500,1500,1500,1500,1500,1500,7.4
2026-08-08,12:46:33.690,204.0,1.4,-77,-90,96,11,0,8,100,-100,96,-2,12.2,0.0,0,0,-801,-494,-1008,-116,30,-1024,-3,-916,-32,-1,-1,-1,-1,-1,1,0,-1,0x0000000000000000,1259,1576,1501,1500,2012,1501,1501,1260,1701,988,1500,1500,1500,1500,1500,1500,1500,1500,1500,1500,1500,1500,1500,1500,1500,1500,1500,1500,1500,1500,1500,1500,7.4
2026-08-08,12:46:34.190,204.5,1.2,-92,-87,98,1,1,8,250,-92,96,3,12.2,0.0,0,0,-946,-511,-1008,3,30,-1024,-3,-916,-31,-1,-1,-1,-1,-1,1,0,-1,0x0000000000000000,1193,1583,1533,1520,2012,1536,1521,1260,1701,988,1500,1500,1500,1500,1500,1500,1500,1500,1500,1500,1500,1500,1500,1500,1500,1500,1500,1500,1500,1500,1500,1500,7.4
2026-08-08,12:46:34.690,204.6,0.1,-92,-86,100,5,1,8,100,-88,100,9,12.2,0.0,0,0,-896,-529,-1008,333,29,-1024,-3,-916,-32,-1,-1,-1,-1,-1,1,0,-1,0x0000000000000000,1217,1589,1621,1574,2012,1634,1579,1260,1701,988,1500,1500,1500,1500,1500,1500,1500,1500,1500,1500,1500,1500,1500,1500,1500,1500,1500,1500,1500,1500,1500,1500,7.4
2026-08-08,12:46:35.190,203.7,-1.6,-92,-88,100,6,1,8,100,-95,100,0,12.2,0.0,0,0,-849,-613,-1008,274,30,-1024,-3,-916,-31,-1,-1,-1,-1,-1,1,0,-1,0x0000000000000000,1238,1620,1605,1564,2012,1617,1569,1260,1701,988,1500,1500,1500,1500,1500,1500,1500,1500,1500,1500,1500,1500,1500,1500,1500,1500,1500,1500,1500,1500,1500,1500,7.4
2026-08-08,12:46:35.690,202.8,-1.5,-92,-86,100,9,1,8,50,-86,100,9,12.2,0.0,0,0,-835,-382,-1007,439,30,-1024,-3,-916,-31,-1,-1,-1,-1,-1,1,0,-1,0x0000000000000000,1244,1540,1649,1591,2012,1666,1598,1260,1701,988,1500,1500,1500,1500,1500,1500,1500,1500,1500,1500,1500,1500,1500,1500,1500,1500,1500,1500,1500,1500,1500,1500,7.4
2026-08-08,12:46:36.190,202.3,-0.9,-92,-87,100,8,1,8,250,-91,96,4,12.2,0.0,0,0,-757,-365,-1008,264,30,-1024,-3,-916,-31,-1,-1,-1,-1,-1,1,0,-1,0x0000000000000000,1277,1534,1603,1563,2012,1614,1567,1260,1701,988,1500,1500,1500,1500,1500,1500,1500,1500,1500,1500,1500,1500,1500,1500,1500,1500,1500,1500,1500,1500,1500,1500,7.4
2026-08-08,12:46:36.690,203.4,1.7,-92,-87,100,10,1,8,100,-92,100,2,12.2,0.0,0,0,-852,-31,-1007,2,30,-1024,-3,-916,-31,-1,-1,-1,-1,-1,1,0,-1,0x0000000000000000,1237,1440,1532,1520,2012,1536,1521,1260,1701,988,1500,1500,1500,1500,1500,1500,1500,1500,1500,1500,1500,1500,1500,1500,1500,1500,1500,1500,1500,1500,1500,1500,7.4
2026-08-08,12:46:37.190,204.9,2.5,-89,-86,99,7,0,8,50,-83,96,10,12.2,0.0,0,0,-787,-323,-1008,-144,30,-1024,-3,-916,-31,-1,-1,-1,-1,-1,1,0,-1,0x0000000000000000,1265,1521,1495,1497,2012,1493,1496,1260,1701,988,1500,1500,1500,1500,1500,1500,1500,1500,1500,1500,1500,1500,1500,1500,1500,1500,1500,1500,1500,1500,1500,1500,7.4
2026-08-08,12:46:37.690,206.2,2.5,-83,-90,99,1,0,8,250,-84,100,8,12.2,0.0,0,0,-495,-44,-1007,163,30,-1024,-3,-916,-31,-1,-1,-1,-1,-1,1,0,-1,0x0000000000000000,1372,1443,1576,1546,2012,1584,1549,1260,1701,988,1500,1500,1500,1500,1500,1500,1500,1500,1500,1500,1500,1500,1500,1500,1500,1500,1500,1500,1500,1500,1500,1500,7.4
2026-08-08,12:46:38.190,206.8,1.1,-84,-96,98,5,0,8,100,-89,100,8,12.2,0.0,0,0,79,57,-1007,913,29,-1024,-3,-916,-31,-1,-1,-1,-1,-1,1,0,-1,0x0000000000000000,1532,1419,1777,1668,2012,1807,1681,1260,1701,988,1500,1500,1500,1500,1500,1500,1500,1500,1500,1500,1500,1500,1500,1500,1500,1500,1500,1500,1500,1500,1500,1500,7.4
2026-08-08,12:46:38.690,206.7,-0.1,-82,-96,100,7,0,8,50,-85,100,10,12.2,0.0,0,0,183,3,-1007,985,29,-1024,-3,-916,-31,-1,-1,-1,-1,-1,1,0,-1,0x0000000000000000,1560,1432,1796,1680,2012,1829,1693,1260,1701,988,1500,1500,1500,1500,1500,1500,1500,1500,1500,1500,1500,1500,1500,1500,1500,1500,1500,1500,1500,1500,1500,1500,7.4
2026-08-08,12:46:39.190,206.6,0.0,-86,-96,100,5,0,8,10,-85,100,7,12.2,0.0,0,0,-4,-3,-1006,915,29,-1024,-3,-916,-31,-1,-1,-1,-1,-1,1,0,-1,0x0000000000000000,1511,1433,1777,1669,2012,1808,1681,1260,1701,988,1500,1500,1500,1500,1500,1500,1500,1500,1500,1500,1500,1500,1500,1500,1500,1500,1500,1500,1500,1500,1500,1500,7.4
2026-08-08,12:46:39.690,206.8,0.4,-86,-96,100,8,0,8,10,-85,100,6,12.2,0.0,0,0,-3,5,-1005,534,29,-1024,-3,-916,-31,-1,-1,-1,-1,-1,1,0,-1,0x0000000000000000,1511,1431,1675,1607,2012,1694,1614,1260,1701,988,1500,1500,1500,1500,1500,1500,1500,1500,1500,1500,1500,1500,1500,1500,1500,1500,1500,1500,1500,1500,1500,1500,7.4
2026-08-08,12:46:40.190,207.2,0.9,-84,-96,100,1,0,8,50,-83,100,10,12.2,0.0,0,0,-3,-4,-1005,283,29,-1024,-3,-916,-31,-1,-1,-1,-1,-1,1,0,-1,0x0000000000000000,1511,1433,1608,1566,2012,1620,1570,1260,1701,988,1500,1500,1500,1500,1500,1500,1500,1500,1500,1500,1500,1500,1500,1500,1500,1500,1500,1500,1500,1500,1500,1500,7.4
2026-08-08,12:46:40.690,208.2,1.5,-84,-96,100,8,0,8,250,-89,100,7,12.2,0.0,0,0,-3,-41,-1005,454,29,-1024,-3,-916,-32,-1,-1,-1,-1,-1,1,0,-1,0x0000000000000000,1511,1443,1654,1594,2012,1671,1600,1260,1701,988,1500,1500,1500,1500,1500,1500,1500,1500,1500,1500,1500,1500,1500,1500,1500,1500,1500,1500,1500,1500,1500,1500,7.4
2026-08-08,12:46:41.190,208.3,0.2,-86,-86,99,11,1,8,100,-91,100,5,12.2,0.0,0,0,-3,-281,-1006,457,30,-1024,-3,-916,-31,-1,-1,-1,-1,-1,1,0,-1,0x0000000000000000,1511,1508,1654,1594,2012,1671,1601,1260,1701,988,1500,1500,1500,1500,1500,1500,1500,1500,1500,1500,1500,1500,1500,1500,1500,1500,1500,1500,1500,1500,1500,1500,7.4
2026-08-08,12:46:41.690,208.0,-0.4,-86,-85,100,7,1,8,100,-93,100,6,12.2,0.0,0,0,16,-383,-1006,397,29,-1024,-3,-916,-32,-1,-1,-1,-1,-1,1,0,-1,0x0000000000000000,1516,1540,1638,1584,2012,1654,1590,1260,1701,988,1500,1500,1500,1500,1500,1500,1500,1500,1500,1500,1500,1500,1500,1500,1500,1500,1500,1500,1500,1500,1500,1500,7.4
2026-08-08,12:46:42.190,208.0,-0.2,-81,-93,98,9,0,8,10,-83,100,9,12.2,0.0,0,0,-2,-541,-1006,4,30,-1024,-3,-916,-31,-1,-1,-1,-1,-1,1,0,-1,0x0000000000000000,1511,1593,1533,1520,2012,1537,1522,1260,1701,988,1500,1500,1500,1500,1500,1500,1500,1500,1500,1500,1500,1500,1500,1500,1500,1500,1500,1500,1500,1500,1500,1500,7.4
2026-08-08,12:46:42.690,208.7,1.3,-85,-93,98,9,0,8,10,-80,100,9,12.2,0.0,0,0,186,-411,-1007,4,30,-1024,-3,-916,-31,-1,-1,-1,-1,-1,1,0,-1,0x0000000000000000,1561,1549,1533,1520,2012,1537,1522,1260,1701,988,1500,1500,1500,1500,1500,1500,1500,1500,1500,1500,1500,1500,1500,1500,1500,1500,1500,1500,1500,1500,1500,1500,7.4
2026-08-08,12:46:43.190,210.3,3.3,-84,-93,100,8,0,8,10,-77,100,9,12.2,0.0,0,0,311,-382,-1007,3,30,-1024,-3,-916,-31,-1,-1,-1,-1,-1,1,0,-1,0x0000000000000000,1596,1540,1533,1520,2012,1536,1521,1260,1701,988,1500,1500,1500,1500,1500,1500,1500,1500,1500,1500,1500,1500,1500,1500,1500,1500,1500,1500,1500,1500,1500,1500,7.4
2026-08-08,12:46:43.690,212.2,3.5,-82,-93,100,10,0,8,10,-80,96,10,12.2,0.0,0,0,301,-338,-1007,-74,30,-1024,-3,-916,-31,-1,-1,-1,-1,-1,1,0,-1,0x0000000000000000,1593,1526,1512,1507,2012,1513,1508,1260,1701,988,1500,1500,1500,1500,1500,1500,1500,1500,1500,1500,1500,1500,1500,1500,1500,1500,1500,1500,1500,1500,1500,1500,7.4
2026-08-08,12:46:44.190,212.7,1.0,-84,-93,100,10,0,8,10,-77,100,10,12.2,0.0,0,0,301,-491,-1007,3,30,-1024,-3,-916,-31,-1,-1,-1,-1,-1,1,0,-1,0x0000000000000000,1593,1575,1533,1520,2012,1536,1521,1260,1701,988,1500,1500,1500,1500,1500,1500,1500,1500,1500,1500,1500,1500,1500,1500,1500,1500,1500,1500,1500,1500,1500,1500,7.4
2026-08-08,12:46:44.690,212.5,-0.2,-83,-93,100,6,0,8,10,-79,100,10,12.2,0.0,0,0,293,-356,-1007,492,29,-1024,-3,-916,-31,-1,-1,-1,-1,-1,1,0,-1,0x0000000000000000,1591,1532,1664,1600,2012,1682,1607,1260,1701,988,1500,1500,1500,1500,1500,1500,1500,1500,1500,1500,1500,1500,1500,1500,1500,1500,1500,1500,1500,1500,1500,1500,7.4
2026-08-08,12:46:45.190,212.8,0.0,-84,-77,99,7,1,8,25,-87,96,7,12.2,0.0,0,0,268,-612,-1007,56,30,-1024,-3,-916,-31,-1,-1,-1,-1,-1,1,0,-1,0x0000000000000000,1584,1620,1547,1528,2012,1552,1531,1260,1701,988,1500,1500,1500,1500,1500,1500,1500,1500,1500,1500,1500,1500,1500,1500,1500,1500,1500,1500,1500,1500,1500,1500,7.4
2026-08-08,12:46:45.690,211.7,-1.6,-78,-90,99,10,0,8,10,-84,100,7,12.2,0.0,0,0,307,-687,-1006,-63,30,-1024,-3,-916,-31,-1,-1,-1,-1,-1,1,0,-1,0x0000000000000000,1595,1649,1515,1509,2012,1517,1510,1260,1701,988,1500,1500,1500,1500,1500,1500,1500,1500,1500,1500,1500,1500,1500,1500,1500,1500,1500,1500,1500,1500,1500,1500,7.4
2026-08-08,12:46:46.190,211.4,-0.5,-80,-97,100,9,0,8,50,-89,100,6,12.2,0.0,0,0,404,-620,-1007,2,30,-1024,-3,-916,-32,-1,-1,-1,-1,-1,1,0,-1,0x0000000000000000,1623,1622,1532,1520,2012,1536,1521,1260,1701,988,1500,1500,1500,1500,1500,1500,1500,1500,1500,1500,1500,1500,1500,1500,1500,1500,1500,1500,1500,1500,1500,1500,7.4
2026-08-08,12:46:46.690,213.5,3.4,-85,-94,100,7,0,8,10,-83,100,10,12.2,0.0,0,0,413,-469,-1006,-245,30,-1024,-3,-916,-31,-1,-1,-1,-1,-1,1,0,-1,0x0000000000000000,1626,1568,1471,1481,2012,1462,1478,1260,1701,988,1500,1500,1500,1500,1500,1500,1500,1500,1500,1500,1500,1500,1500,1500,1500,1500,1500,1500,1500,1500,1500,1500,7.4
2026-08-08,12:46:47.190,216.6,6.7,-84,-94,100,10,0,8,10,-81,100,10,12.2,0.0,0,0,392,-400,-1006,-357,30,-1024,-3,-916,-32,-1,-1,-1,-1,-1,1,0,-1,0x0000000000000000,1620,1545,1445,1465,2012,1429,1459,1260,1701,988,1500,1500,1500,1500,1500,1500,1500,1500,1500,1500,1500,1500,1500,1500,1500,1500,1500,1500,1500,1500,1500,1500,7.4
2026-08-08,12:46:47.690,217.9,3.4,-83,-94,100,8,0,8,10,-79,100,10,12.2,0.0,0,0,372,-272,-1006,-315,30,-1024,-3,-916,-31,-1,-1,-1,-1,-1,1,0,-1,0x0000000000000000,1614,1505,1457,1473,2012,1445,1468,1260,1701,988,1500,1500,1500,1500,1500,1500,1500,1500,1500,1500,1500,1500,1500,1500,1500,1500,1500,1500,1500,1500,1500,1500,7.4
2026-08-08,12:46:48.190,219.5,3.1,-83,-94,100,4,0,8,25,-80,100,10,12.2,0.0,0,0,374,-265,-1006,-246,30,-1024,-3,-916,-31,-1,-1,-1,-1,-1,1,0,-1,0x0000000000000000,1614,1503,1471,1481,2012,1462,1478,1260,1701,988,1500,1500,1500,1500,1500,1500,1500,1500,1500,1500,1500,1500,1500,1500,1500,1500,1500,1500,1500,1500,1500,1500,7.4
2026-08-08,12:46:48.690,220.6,1.8,-80,-94,100,11,0,8,10,-79,100,10,12.2,0.0,0,0,373,-334,-1007,-152,30,-1024,-3,-916,-31,-1,-1,-1,-1,-1,1,0,-1,0x0000000000000000,1614,1524,1493,1496,2012,1491,1495,1260,1701,988,1500,1500,1500,1500,1500,1500,1500,1500,1500,1500,1500,1500,1500,1500,1500,1500,1500,1500,1500,1500,1500,1500,7.4
2026-08-08,12:46:49.190,221.0,0.9,-81,-94,100,10,0,8,10,-75,100,11,12.2,0.0,0,0,381,-88,-1006,448,30,-1024,-3,-916,-31,-1,-1,-1,-1,-1,1,0,-1,0x0000000000000000,1616,1454,1652,1593,2012,1669,1599,1260,1701,988,1500,1500,1500,1500,1500,1500,1500,1500,1500,1500,1500,1500,1500,1500,1500,1500,1500,1500,1500,1500,1500,1500,7.4
2026-08-08,12:46:49.690,221.0,0.0,-79,-94,100,10,0,8,10,-72,100,10,12.2,0.0,0,0,382,-333,-1007,278,30,-1024,-3,-916,-32,-1,-1,-1,-1,-1,1,0,-1,0x0000000000000000,1617,1524,1607,1565,2012,1618,1570,1260,1701,988,1500,1500,1500,1500,1500,1500,1500,1500,1500,1500,1500,1500,1500,1500,1500,1500,1500,1500,1500,1500,1500,1500,7.4
2026-08-08,12:46:50.190,219.9,-1.7,-81,-94,100,10,0,8,10,-80,100,10,12.2,0.0,0,0,338,-494,-1006,369,30,-1024,-3,-916,-31,-1,-1,-1,-1,-1,1,0,-1,0x0000000000000000,1604,1576,1631,1580,2012,1645,1585,1260,1701,988,1500,1500,1500,1500,1500,1500,1500,1500,1500,1500,1500,1500,1500,1500,1500,1500,1500,1500,1500,1500,1500,1500,7.4
2026-08-08,12:46:50.690,219.0,-2.1,-94,-80,98,10,1,8,25,-86,100,6,12.2,0.0,0,0,329,-614,-1006,54,29,-1024,-3,-916,-31,-1,-1,-1,-1,-1,1,0,-1,0x0000000000000000,1601,1620,1546,1528,2012,1552,1530,1260,1701,988,1500,1500,1500,1500,1500,1500,1500,1500,1500,1500,1500,1500,1500,1500,1500,1500,1500,1500,1500,1500,1500,1500,7.4
2026-08-08,12:46:51.190,218.7,-0.6,-82,-84,100,7,0,8,250,-90,100,8,12.2,0.0,0,0,394,-550,-1007,-237,30,-1024,-3,-916,-31,-1,-1,-1,-1,-1,1,0,-1,0x0000000000000000,1620,1596,1473,1483,2012,1465,1480,1260,1701,988,1500,1500,1500,1500,1500,1500,1500,1500,1500,1500,1500,1500,1500,1500,1500,1500,1500,1500,1500,1500,1500,1500,7.4
2026-08-08,12:46:51.690,220.3,2.7,-84,-92,100,6,0,8,25,-84,100,10,12.2,0.0,0,0,400,-477,-1007,-176,30,-1024,-3,-916,-31,-1,-1,-1,-1,-1,1,0,-1,0x0000000000000000,1622,1571,1487,1492,2012,1483,1490,1260,1701,988,1500,1500,1500,1500,1500,1500,1500,1500,1500,1500,1500,1500,1500,1500,1500,1500,1500,1500,1500,1500,1500,1500,7.4
2026-08-08,12:46:52.190,222.9,4.7,-76,-94,99,6,0,8,10,-83,96,9,12.2,0.0,0,0,401,-446,-1007,-132,30,-1024,-3,-916,-31,-1,-1,-1,-1,-1,1,0,-1,0x0000000000000000,1622,1560,1498,1499,2012,1497,1498,1260,1701,988,1500,1500,1500,1500,1500,1500,1500,1500,1500,1500,1500,1500,1500,1500,1500,1500,1500,1500,1500,1500,1500,1500,7.4
2026-08-08,12:46:52.690,225.7,5.5,-82,-94,100,10,0,8,10,-78,100,10,12.2,0.0,0,0,371,-413,-1006,-134,30,-1024,-3,-916,-32,-1,-1,-1,-1,-1,1,0,-1,0x0000000000000000,1613,1550,1497,1498,2012,1496,1498,1260,1701,988,1500,1500,1500,1500,1500,1500,1500,1500,1500,1500,1500,1500,1500,1500,1500,1500,1500,1500,1500,1500,1500,1500,7.4
2026-08-08,12:46:53.190,227.5,3.1,-83,-94,100,9,0,8,10,-77,100,11,12.2,0.0,0,0,338,-356,-1006,-89,30,-1024,-3,-916,-32,-1,-1,-1,-1,-1,1,0,-1,0x0000000000000000,1604,1531,1508,1505,2012,1509,1505,1260,1701,988,1500,1500,1500,1500,1500,1500,1500,1500,1500,1500,1500,1500,1500,1500,1500,1500,1500,1500,1500,1500,1500,1500,7.4
2026-08-08,12:46:53.690,228.1,1.2,-83,-94,100,10,0,8,10,-79,100,10,12.2,0.0,0,0,9,-287,-1006,-93,30,-1024,-3,-916,-31,-1,-1,-1,-1,-1,1,0,-1,0x0000000000000000,1514,1510,1507,1504,2012,1508,1505,1260,1701,988,1500,1500,1500,1500,1500,1500,1500,1500,1500,1500,1500,1500,1500,1500,1500,1500,1500,1500,1500,1500,1500,1500,7.4
2026-08-08,12:46:54.190,227.9,-0.1,-74,-100,91,10,0,8,250,-86,100,8,12.2,0.0,0,0,-3,-216,-1006,-304,30,-1024,-3,-916,-32,-1,-1,-1,-1,-1,1,0,-1,0x0000000000000000,1511,1489,1457,1473,2012,1445,1468,1260,1701,988,1500,1500,1500,1500,1500,1500,1500,1500,1500,1500,1500,1500,1500,1500,1500,1500,1500,1500,1500,1500,1500,1500,7.4
2026-08-08,12:46:54.690,227.2,-1.1,-74,-100,100,10,0,8,10,-75,100,10,12.2,0.0,0,0,-2,-10,-1006,-205,30,-1024,-3,-916,-31,-1,-1,-1,-1,-1,1,0,-1,0x0000000000000000,1511,1435,1480,1487,2012,1474,1485,1260,1701,988,1500,1500,1500,1500,1500,1500,1500,1500,1500,1500,1500,1500,1500,1500,1500,1500,1500,1500,1500,1500,1500,1500,7.4
2026-08-08,12:46:55.190,226.4,-1.7,-80,-100,98,10,0,8,10,-76,100,11,12.2,0.0,0,0,-2,-26,-1005,-3,30,-1024,-3,-916,-31,-1,-1,-1,-1,-1,1,0,-1,0x0000000000000000,1511,1439,1531,1519,2012,1535,1520,1260,1701,988,1500,1500,1500,1500,1500,1500,1500,1500,1500,1500,1500,1500,1500,1500,1500,1500,1500,1500,1500,1500,1500,1500,7.4
2026-08-08,12:46:55.690,226.3,0.1,-82,-100,100,10,0,8,10,-78,100,10,12.2,0.0,0,0,-2,-233,-1006,-24,30,-1024,-3,-916,-31,-1,-1,-1,-1,-1,1,0,-1,0x0000000000000000,1511,1495,1525,1515,2012,1528,1517,1260,1701,988,1500,1500,1500,1500,1500,1500,1500,1500,1500,1500,1500,1500,1500,1500,1500,1500,1500,1500,1500,1500,1500,1500,7.4
2026-08-08,12:46:56.190,225.2,-1.1,-84,-100,100,6,0,8,10,-80,100,10,12.2,0.0,0,0,-24,-10,-1007,-76,30,-1024,-3,-916,-31,-1,-1,-1,-1,-1,1,0,-1,0x0000000000000000,1505,1435,1512,1507,2012,1513,1508,1260,1701,988,1500,1500,1500,1500,1500,1500,1500,1500,1500,1500,1500,1500,1500,1500,1500,1500,1500,1500,1500,1500,1500,1500,7.4
2026-08-08,12:46:56.690,227.2,3.7,-85,-100,100,8,0,8,10,-83,100,10,12.2,0.0,0,0,-270,-9,-1007,-207,30,-1024,-3,-916,-31,-1,-1,-1,-1,-1,1,0,-1,0x0000000000000000,1440,1435,1480,1487,2012,1474,1485,1260,1701,988,1500,1500,1500,1500,1500,1500,1500,1500,1500,1500,1500,1500,1500,1500,1500,1500,1500,1500,1500,1500,1500,1500,7.4
2026-08-08,12:46:57.190,226.3,0.3,-84,-100,98,10,0,8,50,-88,100,7,12.2,0.0,0,0,-3,-15,-1006,248,30,-1024,-3,-916,-31,-1,-1,-1,-1,-1,1,0,-1,0x0000000000000000,1511,1436,1599,1560,2012,1609,1564,1260,1701,988,1500,1500,1500,1500,1500,1500,1500,1500,1500,1500,1500,1500,1500,1500,1500,1500,1500,1500,1500,1500,1500,1500,7.4
2026-08-08,12:46:57.690,227.0,1.1,-88,-87,99,10,1,8,100,-99,100,0,12.2,0.0,0,0,45,0,-1006,476,30,-1024,-3,-916,-31,-1,-1,-1,-1,-1,1,0,-1,0x0000000000000000,1524,1433,1659,1597,2012,1677,1604,1260,1701,988,1500,1500,1500,1500,1500,1500,1500,1500,1500,1500,1500,1500,1500,1500,1500,1500,1500,1500,1500,1500,1500,1500,7.4
2026-08-08,12:46:58.190,227.5,0.8,-85,-87,99,6,1,8,25,-95,100,3,12.2,0.0,0,0,138,-3,-1007,748,29,-1024,-3,-916,-31,-1,-1,-1,-1,-1,1,0,-1,0x0000000000000000,1548,1433,1733,1642,2012,1758,1652,1260,1701,988,1500,1500,1500,1500,1500,1500,1500,1500,1500,1500,1500,1500,1500,1500,1500,1500,1500,1500,1500,1500,1500,1500,7.4
2026-08-08,12:46:58.690,227.7,0.8,-86,-93,96,8,0,8,250,-89,96,6,12.2,0.0,0,0,169,-364,-1007,663,29,-1024,-3,-916,-31,-1,-1,-1,-1,-1,1,0,-1,0x0000000000000000,1557,1534,1710,1628,2012,1733,1637,1260,1701,988,1500,1500,1500,1500,1500,1500,1500,1500,1500,1500,1500,1500,1500,1500,1500,1500,1500,1500,1500,1500,1500,1500,7.4
2026-08-08,12:46:59.190,227.6,-0.3,-83,-93,100,5,0,8,50,-88,100,6,12.2,0.0,0,0,-3,-576,-1007,313,30,-1024,-3,-916,-31,-1,-1,-1,-1,-1,1,0,-1,0x0000000000000000,1511,1606,1616,1570,2012,1628,1576,1260,1701,988,1500,1500,1500,1500,1500,1500,1500,1500,1500,1500,1500,1500,1500,1500,1500,1500,1500,1500,1500,1500,1500,1500,7.4
2026-08-08,12:46:59.690,226.9,-1.4,-84,-85,99,5,1,8,25,-94,100,4,12.2,0.0,0,0,62,-549,-1006,111,30,-1024,-3,-916,-31,-1,-1,-1,-1,-1,1,0,-1,0x0000000000000000,1528,1596,1562,1538,2012,1569,1540,1260,1701,988,1500,1500,1500,1500,1500,1500,1500,1500,1500,1500,1500,1500,1500,1500,1500,1500,1500,1500,1500,1500,1500,1500,7.4
2026-08-08,12:47:00.190,224.4,-4.1,-73,-91,96,11,0,8,50,-82,100,10,12.2,0.0,0,0,271,-564,-1007,4,30,-1024,-3,-916,-31,-1,-1,-1,-1,-1,1,0,-1,0x0000000000000000,1585,1601,1533,1520,2012,1537,1522,1260,1701,988,1500,1500,1500,1500,1500,1500,1500,1500,1500,1500,1500,1500,1500,1500,1500,1500,1500,1500,1500,1500,1500,1500,7.4
2026-08-08,12:47:00.690,222.3,-3.9,-76,-84,97,8,0,8,250,-89,100,4,12.2,0.0,0,0,18,-510,-1007,-239,30,-1024,-3,-916,-31,-1,-1,-1,-1,-1,1,0,-1,0x0000000000000000,1517,1582,1472,1482,2012,1465,1479,1260,1701,988,1500,1500,1500,1500,1500,1500,1500,1500,1500,1500,1500,1500,1500,1500,1500,1500,1500,1500,1500,1500,1500,1500,7.4
2026-08-08,12:47:01.190,221.6,-0.9,-81,-86,95,11,0,8,250,-92,96,7,12.2,0.0,0,0,299,-482,-1008,-319,30,-1024,-3,-916,-32,-1,-1,-1,-1,-1,1,0,-1,0x0000000000000000,1593,1573,1454,1470,2012,1440,1465,1260,1701,988,1500,1500,1500,1500,1500,1500,1500,1500,1500,1500,1500,1500,1500,1500,1500,1500,1500,1500,1500,1500,1500,1500,7.4
2026-08-08,12:47:01.690,223.8,3.7,-81,-86,99,7,0,8,10,-83,100,9,12.2,0.0,0,0,356,-192,-1007,-182,30,-1024,-3,-916,-32,-1,-1,-1,-1,-1,1,0,-1,0x0000000000000000,1609,1482,1486,1491,2012,1482,1489,1260,1701,988,1500,1500,1500,1500,1500,1500,1500,1500,1500,1500,1500,1500,1500,1500,1500,1500,1500,1500,1500,1500,1500,1500,7.4
2026-08-08,12:47:02.190,226.0,4.0,-83,-100,99,6,0,8,10,-80,100,10,12.2,0.0,0,0,326,-255,-1007,0,30,-1024,-3,-916,-31,-1,-1,-1,-1,-1,1,0,-1,0x0000000000000000,1600,1501,1532,1519,2012,1535,1521,1260,1701,988,1500,1500,1500,1500,1500,1500,1500,1500,1500,1500,1500,1500,1500,1500,1500,1500,1500,1500,1500,1500,1500,1500,7.4
2026-08-08,12:47:02.690,227.5,3.0,-81,-90,99,5,0,8,10,-82,100,9,12.2,0.0,0,0,387,-263,-1007,-229,30,-1024,-3,-916,-31,-1,-1,-1,-1,-1,1,0,-1,0x0000000000000000,1618,1503,1475,1484,2012,1468,1481,1260,1701,988,1500,1500,1500,1500,1500,1500,1500,1500,1500,1500,1500,1500,1500,1500,1500,1500,1500,1500,1500,1500,1500,1500,7.4
2026-08-08,12:47:03.190,228.5,1.7,-82,-90,99,7,0,8,25,-79,100,9,12.2,0.0,0,0,412,-272,-1007,-298,30,-1024,-3,-916,-31,-1,-1,-1,-1,-1,1,0,-1,0x0000000000000000,1626,1505,1458,1473,2012,1446,1469,1260,1701,988,1500,1500,1500,1500,1500,1500,1500,1500,1500,1500,1500,1500,1500,1500,1500,1500,1500,1500,1500,1500,1500,1500,7.4
2026-08-08,12:47:03.690,228.4,0.1,-83,-90,100,9,0,8,10,-79,100,10,12.2,0.0,0,0,412,-219,-1007,-225,30,-1024,-3,-916,-31,-1,-1,-1,-1,-1,1,0,-1,0x0000000000000000,1626,1490,1475,1484,2012,1468,1482,1260,1701,988,1500,1500,1500,1500,1500,1500,1500,1500,1500,1500,1500,1500,1500,1500,1500,1500,1500,1500,1500,1500,1500,1500,7.4
2026-08-08,12:47:04.190,228.2,0.1,-83,-90,100,8,0,8,10,-79,100,10,12.2,0.0,0,0,506,-253,-1007,102,30,-1024,-3,-916,-32,-1,-1,-1,-1,-1,1,0,-1,0x0000000000000000,1655,1500,1559,1536,2012,1566,1539,1260,1701,988,1500,1500,1500,1500,1500,1500,1500,1500,1500,1500,1500,1500,1500,1500,1500,1500,1500,1500,1500,1500,1500,1500,7.4
2026-08-08,12:47:04.690,227.4,-0.7,-84,-90,100,4,0,8,25,-79,100,9,12.2,0.0,0,0,487,-289,-1007,393,29,-1024,-3,-916,-31,-1,-1,-1,-1,-1,1,0,-1,0x0000000000000000,1649,1511,1637,1584,2012,1652,1590,1260,1701,988,1500,1500,1500,1500,1500,1500,1500,1500,1500,1500,1500,1500,1500,1500,1500,1500,1500,1500,1500,1500,1500,1500,7.4
2026-08-08,12:47:05.190,225.9,-2.4,-83,-90,100,9,0,8,10,-79,96,11,12.2,0.0,0,0,567,-442,-1007,384,29,-1024,-3,-916,-31,-1,-1,-1,-1,-1,1,0,-1,0x0000000000000000,1676,1559,1635,1582,2012,1650,1588,1260,1701,988,1500,1500,1500,1500,1500,1500,1500,1500,1500,1500,1500,1500,1500,1500,1500,1500,1500,1500,1500,1500,1500,1500,7.4
2026-08-08,12:47:05.690,224.8,-1.6,-82,-90,100,8,0,8,25,-85,100,9,12.2,0.0,0,0,556,-427,-1007,220,30,-1024,-3,-916,-32,-1,-1,-1,-1,-1,1,0,-1,0x0000000000000000,1672,1554,1591,1555,2012,1601,1559,1260,1701,988,1500,1500,1500,1500,1500,1500,1500,1500,1500,1500,1500,1500,1500,1500,1500,1500,1500,1500,1500,1500,1500,1500,7.4
2026-08-08,12:47:06.190,225.0,0.2,-82,-90,100,11,0,8,100,-86,96,7,12.2,0.0,0,0,493,-368,-1007,306,30,-1024,-3,-916,-31,-1,-1,-1,-1,-1,1,0,-1,0x0000000000000000,1651,1535,1614,1569,2012,1626,1574,1260,1701,988,1500,1500,1500,1500,1500,1500,1500,1500,1500,1500,1500,1500,1500,1500,1500,1500,1500,1500,1500,1500,1500,1500,7.4
2026-08-08,12:47:06.690,223.7,-1.8,-83,-86,99,7,1,8,25,-89,100,8,12.2,0.0,0,0,414,-562,-1007,94,30,-1024,-3,-916,-31,-1,-1,-1,-1,-1,1,0,-1,0x0000000000000000,1626,1601,1557,1535,2012,1563,1537,1260,1701,988,1500,1500,1500,1500,1500,1500,1500,1500,1500,1500,1500,1500,1500,1500,1500,1500,1500,1500,1500,1500,1500,1500,7.4
2026-08-08,12:47:07.190,221.4,-4.4,-78,-88,98,11,0,8,10,-82,100,8,12.2,0.0,0,0,482,-581,-1007,-194,30,-1024,-3,-916,-31,-1,-1,-1,-1,-1,1,0,-1,0x0000000000000000,1648,1608,1483,1489,2012,1478,1487,1260,1701,988,1500,1500,1500,1500,1500,1500,1500,1500,1500,1500,1500,1500,1500,1500,1500,1500,1500,1500,1500,1500,1500,1500,7.4
2026-08-08,12:47:07.690,219.6,-3.0,-85,-89,96,6,0,8,250,-87,100,7,12.2,0.0,0,0,580,-299,-1007,-1,30,-1024,-3,-916,-32,-1,-1,-1,-1,-1,1,0,-1,0x0000000000000000,1680,1514,1532,1519,2012,1535,1521,1260,1701,988,1500,1500,1500,1500,1500,1500,1500,1500,1500,1500,1500,1500,1500,1500,1500,1500,1500,1500,1500,1500,1500,1500,7.4
2026-08-08,12:47:08.190,219.2,-0.7,-85,-88,97,7,0,8,25,-84,96,9,12.2,0.0,0,0,388,-410,-1007,-221,30,-1024,-3,-916,-31,-1,-1,-1,-1,-1,1,0,-1,0x0000000000000000,1619,1549,1476,1485,2012,1470,1482,1260,1701,988,1500,1500,1500,1500,1500,1500,1500,1500,1500,1500,1500,1500,1500,1500,1500,1500,1500,1500,1500,1500,1500,1500,7.4
2026-08-08,12:47:08.690,219.2,0.0,-84,-91,100,7,0,8,25,-80,100,10,12.2,0.0,0,0,486,-403,-1007,-365,30,-1024,-3,-916,-31,-1,-1,-1,-1,-1,1,0,-1,0x0000000000000000,1649,1546,1443,1463,2012,1426,1457,1260,1701,988,1500,1500,1500,1500,1500,1500,1500,1500,1500,1500,1500,1500,1500,1500,1500,1500,1500,1500,1500,1500,1500,1500,7.4
2026-08-08,12:47:09.190,221.5,3.8,-83,-91,100,8,0,8,25,-80,100,10,12.2,0.0,0,0,360,-323,-1006,-460,30,-1024,-3,-916,-31,-1,-1,-1,-1,-1,1,0,-1,0x0000000000000000,1610,1521,1421,1449,2012,1398,1441,1260,1701,988,1500,1500,1500,1500,1500,1500,1500,1500,1500,1500,1500,1500,1500,1500,1500,1500,1500,1500,1500,1500,1500,1500,7.4
2026-08-08,12:47:09.690,223.2,3.1,-83,-91,100,6,0,8,10,-84,100,8,12.2,0.0,0,0,453,-185,-1007,-442,30,-1024,-3,-916,-31,-1,-1,-1,-1,-1,1,0,-1,0x0000000000000000,1638,1480,1425,1452,2012,1403,1444,1260,1701,988,1500,1500,1500,1500,1500,1500,1500,1500,1500,1500,1500,1500,1500,1500,1500,1500,1500,1500,1500,1500,1500,1500,7.4
2026-08-08,12:47:10.190,224.3,2.2,-82,-91,98,7,0,8,250,-92,92,6,12.2,0.0,0,0,451,-281,-1006,-351,30,-1024,-3,-916,-31,-1,-1,-1,-1,-1,1,0,-1,0x0000000000000000,1638,1508,1446,1466,2012,1431,1460,1260,1701,988,1500,1500,1500,1500,1500,1500,1500,1500,1500,1500,1500,1500,1500,1500,1500,1500,1500,1500,1500,1500,1500,1500,7.4
2026-08-08,12:47:10.690,224.6,0.7,-83,-86,99,8,1,8,100,-93,100,5,12.2,0.0,0,0,440,-289,-1006,-350,30,-1024,-3,-916,-32,-1,-1,-1,-1,-1,1,0,-1,0x0000000000000000,1634,1511,1446,1466,2012,1431,1460,1260,1701,988,1500,1500,1500,1500,1500,1500,1500,1500,1500,1500,1500,1500,1500,1500,1500,1500,1500,1500,1500,1500,1500,1500,7.4
2026-08-08,12:47:11.190,224.0,-1.0,-81,-88,99,8,0,8,10,-82,100,10,12.2,0.0,0,0,443,-288,-1007,-318,30,-1024,-3,-916,-32,-1,-1,-1,-1,-1,1,0,-1,0x0000000000000000,1635,1510,1454,1470,2012,1440,1465,1260,1701,988,1500,1500,1500,1500,1500,1500,1500,1500,1500,1500,1500,1500,1500,1500,1500,1500,1500,1500,1500,1500,1500,1500,7.4
2026-08-08,12:47:11.690,222.4,-2.6,-83,-101,99,9,0,8,10,-77,100,10,12.2,0.0,0,0,446,-266,-1007,373,29,-1024,-3,-916,-31,-1,-1,-1,-1,-1,1,0,-1,0x0000000000000000,1636,1504,1632,1580,2012,1646,1586,1260,1701,988,1500,1500,1500,1500,1500,1500,1500,1500,1500,1500,1500,1500,1500,1500,1500,1500,1500,1500,1500,1500,1500,1500,7.4
2026-08-08,12:47:12.190,221.0,-2.6,-80,-101,100,3,0,8,100,-76,100,9,12.2,0.0,0,0,450,-429,-1007,150,29,-1024,-3,-916,-31,-1,-1,-1,-1,-1,1,0,-1,0x0000000000000000,1637,1555,1572,1544,2012,1580,1547,1260,1701,988,1500,1500,1500,1500,1500,1500,1500,1500,1500,1500,1500,1500,1500,1500,1500,1500,1500,1500,1500,1500,1500,1500,7.4
2026-08-08,12:47:12.690,219.8,-2.4,-82,-83,99,6,1,8,100,-91,100,2,12.2,0.0,0,0,483,-542,-1007,279,29,-1024,-3,-916,-31,-1,-1,-1,-1,-1,1,0,-1,0x0000000000000000,1648,1593,1607,1565,2012,1618,1570,1260,1701,988,1500,1500,1500,1500,1500,1500,1500,1500,1500,1500,1500,1500,1500,1500,1500,1500,1500,1500,1500,1500,1500,1500,7.4
2026-08-08,12:47:13.190,218.8,-1.6,-82,-86,99,6,1,8,50,-87,96,8,12.2,0.0,0,0,534,-569,-1007,138,30,-1024,-3,-916,-31,-1,-1,-1,-1,-1,1,0,-1,0x0000000000000000,1665,1604,1569,1542,2012,1577,1545,1260,1701,988,1500,1500,1500,1500,1500,1500,1500,1500,1500,1500,1500,1500,1500,1500,1500,1500,1500,1500,1500,1500,1500,1500,7.4
2026-08-08,12:47:13.690,218.1,-1.2,-75,-94,99,5,0,8,25,-82,100,9,12.2,0.0,0,0,396,-633,-1008,22,30,-1024,-3,-916,-31,-1,-1,-1,-1,-1,1,0,-1,0x0000000000000000,1621,1628,1538,1523,2012,1542,1525,1260,1701,988,1500,1500,1500,1500,1500,1500,1500,1500,1500,1500,1500,1500,1500,1500,1500,1500,1500,1500,1500,1500,1500,1500,7.4
2026-08-08,12:47:14.190,217.1,-1.5,-86,-98,96,7,0,8,50,-91,100,7,12.2,0.0,0,0,511,-536,-1007,-21,29,-1024,-3,-916,-31,-1,-1,-1,-1,-1,1,0,-1,0x0000000000000000,1657,1591,1526,1516,2012,1529,1517,1260,1701,988,1500,1500,1500,1500,1500,1500,1500,1500,1500,1500,1500,1500,1500,1500,1500,1500,1500,1500,1500,1500,1500,1500,7.4
2026-08-08,12:47:14.690,217.2,0.0,-83,-98,97,9,0,8,25,-80,100,9,12.2,0.0,0,0,106,-553,-1007,-190,30,-1024,-3,-916,-32,-1,-1,-1,-1,-1,1,0,-1,0x0000000000000000,1540,1598,1484,1490,2012,1479,1488,1260,1701,988,1500,1500,1500,1500,1500,1500,1500,1500,1500,1500,1500,1500,1500,1500,1500,1500,1500,1500,1500,1500,1500,1500,7.4
2026-08-08,12:47:15.190,217.8,1.1,-83,-98,97,8,0,8,10,-81,100,8,12.2,0.0,0,0,340,-432,-1007,-181,30,-1024,-3,-916,-31,-1,-1,-1,-1,-1,1,0,-1,0x0000000000000000,1604,1556,1486,1491,2012,1482,1489,1260,1701,988,1500,1500,1500,1500,1500,1500,1500,1500,1500,1500,1500,1500,1500,1500,1500,1500,1500,1500,1500,1500,1500,1500,7.4
2026-08-08,12:47:15.690,219.4,2.7,-83,-93,97,8,0,8,10,-80,100,10,12.2,0.0,0,0,164,-288,-1007,-451,30,-1024,-3,-916,-31,-1,-1,-1,-1,-1,1,0,-1,0x0000000000000000,1555,1510,1423,1451,2012,1400,1442,1260,1701,988,1500,1500,1500,1500,1500,1500,1500,1500,1500,1500,1500,1500,1500,1500,1500,1500,1500,1500,1500,1500,1500,1500,7.4
2026-08-08,12:47:16.190,220.6,2.4,-82,-93,100,8,0,8,10,-82,100,10,12.2,0.0,0,0,-102,-105,-1007,-504,30,-1024,-3,-916,-31,-1,-1,-1,-1,-1,1,0,-1,0x0000000000000000,1485,1458,1410,1443,2012,1385,1433,1260,1701,988,1500,1500,1500,1500,1500,1500,1500,1500,1500,1500,1500,1500,1500,1500,1500,1500,1500,1500,1500,1500,1500,1500,7.4
2026-08-08,12:47:16.690,221.4,1.5,-83,-93,99,6,0,8,25,-83,100,8,12.2,0.0,0,0,-3,-74,-1007,-439,30,-1024,-3,-916,-31,-1,-1,-1,-1,-1,1,0,-1,0x0000000000000000,1511,1451,1426,1453,2012,1404,1444,1260,1701,988,1500,1500,1500,1500,1500,1500,1500,1500,1500,1500,1500,1500,1500,1500,1500,1500,1500,1500,1500,1500,1500,1500,7.4
2026-08-08,12:47:17.190,221.2,-0.4,-84,-93,100,10,0,8,50,-84,100,-2,12.2,0.0,0,0,-2,-45,-1006,-378,30,-1024,-3,-916,-31,-1,-1,-1,-1,-1,1,0,-1,0x0000000000000000,1511,1444,1440,1461,2012,1422,1455,1260,1701,988,1500,1500,1500,1500,1500,1500,1500,1500,1500,1500,1500,1500,1500,1500,1500,1500,1500,1500,1500,1500,1500,1500,7.4
2026-08-08,12:47:17.690,220.3,-1.4,-82,-91,99,1,1,8,250,-92,92,2,12.2,0.0,0,0,166,-328,-1008,586,29,-1024,-3,-916,-31,-1,-1,-1,-1,-1,1,0,-1,0x0000000000000000,1556,1522,1689,1615,2012,1710,1623,1260,1701,988,1500,1500,1500,1500,1500,1500,1500,1500,1500,1500,1500,1500,1500,1500,1500,1500,1500,1500,1500,1500,1500,1500,7.4
2026-08-08,12:47:18.190,219.5,-1.1,-71,-99,92,11,0,8,250,-88,76,7,12.2,0.0,0,0,373,-456,-1009,370,29,-1024,-3,-916,-31,-1,-1,-1,-1,-1,1,0,-1,0x0000000000000000,1614,1564,1631,1580,2012,1645,1586,1260,1701,988,1500,1500,1500,1500,1500,1500,1500,1500,1500,1500,1500,1500,1500,1500,1500,1500,1500,1500,1500,1500,1500,1500,7.4
2026-08-08,12:47:18.690,219.7,0.0,-80,-91,97,1,0,8,100,-85,92,8,12.2,0.0,0,0,201,-388,-1008,147,30,-1024,-3,-916,-31,-1,-1,-1,-1,-1,1,0,-1,0x0000000000000000,1565,1542,1571,1543,2012,1579,1547,1260,1701,988,1500,1500,1500,1500,1500,1500,1500,1500,1500,1500,1500,1500,1500,1500,1500,1500,1500,1500,1500,1500,1500,1500,7.4
2026-08-08,12:47:19.190,219.9,0.4,-83,-90,94,10,0,8,250,-85,100,8,12.2,0.0,0,0,235,-562,-1007,148,30,-1024,-3,-916,-31,-1,-1,-1,-1,-1,1,0,-1,0x0000000000000000,1574,1601,1572,1544,2012,1580,1547,1260,1701,988,1500,1500,1500,1500,1500,1500,1500,1500,1500,1500,1500,1500,1500,1500,1500,1500,1500,1500,1500,1500,1500,1500,7.4
2026-08-08,12:47:19.690,220.7,1.0,-80,-90,100,9,0,8,10,-82,100,10,12.2,0.0,0,0,356,-505,-1008,164,30,-1024,-3,-916,-31,-1,-1,-1,-1,-1,1,0,-1,0x0000000000000000,1609,1580,1576,1546,2012,1584,1550,1260,1701,988,1500,1500,1500,1500,1500,1500,1500,1500,1500,1500,1500,1500,1500,1500,1500,1500,1500,1500,1500,1500,1500,1500,7.4
2026-08-08,12:47:20.190,221.2,0.6,-85,-88,100,6,0,8,50,-90,100,0,12.2,0.0,0,0,98,-634,-1007,-53,30,-1024,-3,-916,-31,-1,-1,-1,-1,-1,1,0,-1,0x0000000000000000,1538,1628,1518,1511,2012,1520,1512,1260,1701,988,1500,1500,1500,1500,1500,1500,1500,1500,1500,1500,1500,1500,1500,1500,1500,1500,1500,1500,1500,1500,1500,1500,7.4
2026-08-08,12:47:20.690,220.4,-1.7,-78,-80,97,8,0,8,250,-81,100,10,12.2,0.0,0,0,0,-574,-1007,-29,30,-1024,-3,-916,-31,-1,-1,-1,-1,-1,1,0,-1,0x0000000000000000,1512,1605,1524,1515,2012,1527,1516,1260,1701,988,1500,1500,1500,1500,1500,1500,1500,1500,1500,1500,1500,1500,1500,1500,1500,1500,1500,1500,1500,1500,1500,1500,7.4
2026-08-08,12:47:21.190,217.2,-5.4,-82,-92,97,7,0,8,50,-78,100,9,12.2,0.0,0,0,14,-645,-1006,90,29,-1024,-3,-916,-31,-1,-1,-1,-1,-1,1,0,-1,0x0000000000000000,1516,1632,1556,1534,2012,1562,1537,1260,1701,988,1500,1500,1500,1500,1500,1500,1500,1500,1500,1500,1500,1500,1500,1500,1500,1500,1500,1500,1500,1500,1500,1500,7.4
2026-08-08,12:47:21.690,214.7,-4.4,-92,-89,98,7,1,8,100,-89,96,5,12.2,0.0,0,0,22,-561,-1007,2,30,-1024,-3,-916,-31,-1,-1,-1,-1,-1,1,0,-1,0x0000000000000000,1518,1600,1532,1520,2012,1536,1521,1260,1701,988,1500,1500,1500,1500,1500,1500,1500,1500,1500,1500,1500,1500,1500,1500,1500,1500,1500,1500,1500,1500,1500,1500,7.4
2026-08-08,12:47:22.190,215.2,0.6,-92,-86,100,7,1,8,50,-88,100,7,12.2,0.0,0,0,252,-759,-1008,127,30,-1024,-3,-916,-31,-1,-1,-1,-1,-1,1,0,-1,0x0000000000000000,1579,1679,1566,1540,2012,1573,1543,1260,1701,988,1500,1500,1500,1500,1500,1500,1500,1500,1500,1500,1500,1500,1500,1500,1500,1500,1500,1500,1500,1500,1500,1500,7.4
2026-08-08,12:47:22.690,217.9,5.1,-81,-87,99,8,0,8,25,-81,100,10,12.2,0.0,0,0,86,-587,-1007,-180,30,-1024,-3,-916,-31,-1,-1,-1,-1,-1,1,0,-1,0x0000000000000000,1535,1610,1486,1491,2012,1482,1490,1260,1701,988,1500,1500,1500,1500,1500,1500,1500,1500,1500,1500,1500,1500,1500,1500,1500,1500,1500,1500,1500,1500,1500,1500,7.4
2026-08-08,12:47:23.190,220.1,4.9,-83,-93,97,4,0,8,25,-84,92,8,12.2,0.0,0,0,-2,-490,-1006,-408,30,-1024,-3,-916,-31,-1,-1,-1,-1,-1,1,0,-1,0x0000000000000000,1511,1575,1433,1457,2012,1413,1450,1260,1701,988,1500,1500,1500,1500,1500,1500,1500,1500,1500,1500,1500,1500,1500,1500,1500,1500,1500,1500,1500,1500,1500,1500,7.4
2026-08-08,12:47:23.690,220.6,1.2,-79,-97,96,7,0,8,100,-89,88,7,12.2,0.0,0,0,-3,-510,-1007,-387,30,-1024,-3,-916,-32,-1,-1,-1,-1,-1,1,0,-1,0x0000000000000000,1511,1582,1438,1460,2012,1420,1453,1260,1701,988,1500,1500,1500,1500,1500,1500,1500,1500,1500,1500,1500,1500,1500,1500,1500,1500,1500,1500,1500,1500,1500,1500,7.4
2026-08-08,12:47:24.190,219.6,-1.7,-83,-96,99,7,0,8,50,-87,96,9,12.2,0.0,0,0,199,-660,-1009,168,30,-1024,-3,-916,-31,-1,-1,-1,-1,-1,1,0,-1,0x0000000000000000,1570,1637,1577,1547,2012,1586,1550,1260,1701,988,1500,1500,1500,1500,1500,1500,1500,1500,1500,1500,1500,1500,1500,1500,1500,1500,1500,1500,1500,1500,1500,1500,7.4
2026-08-08,12:47:24.690,218.1,-1.9,-82,-96,100,10,0,8,50,-80,100,3,12.2,0.0,0,0,517,-747,-1009,57,30,-1024,-3,-916,-31,-1,-1,-1,-1,-1,1,0,-1,0x0000000000000000,1659,1674,1547,1529,2012,1552,1531,1260,1701,988,1500,1500,1500,1500,1500,1500,1500,1500,1500,1500,1500,1500,1500,1500,1500,1500,1500,1500,1500,1500,1500,1500,7.4
2026-08-08,12:47:25.190,217.6,-1.8,-84,-84,99,9,1,8,50,-95,96,4,12.2,0.0,0,0,537,-611,-1008,29,30,-1024,-3,-916,-31,-1,-1,-1,-1,-1,1,0,-1,0x0000000000000000,1666,1619,1540,1524,2012,1544,1526,1260,1701,988,1500,1500,1500,1500,1500,1500,1500,1500,1500,1500,1500,1500,1500,1500,1500,1500,1500,1500,1500,1500,1500,1500,7.4
2026-08-08,12:47:25.690,216.8,-1.6,-78,-87,100,7,0,8,50,-85,100,8,12.2,0.0,0,0,565,-358,-1008,-486,30,-1024,-3,-916,-32,-1,-1,-1,-1,-1,1,0,-1,0x0000000000000000,1675,1532,1414,1445,2012,1390,1436,1260,1701,988,1500,1500,1500,1500,1500,1500,1500,1500,1500,1500,1500,1500,1500,1500,1500,1500,1500,1500,1500,1500,1500,1500,7.4
2026-08-08,12:47:26.190,216.3,-0.9,-90,-89,92,8,1,8,250,-92,100,4,12.2,0.0,0,0,639,-234,-1008,-4,30,-1024,-3,-916,-31,-1,-1,-1,-1,-1,1,0,-1,0x0000000000000000,1701,1495,1531,1519,2012,1534,1520,1260,1701,988,1500,1500,1500,1500,1500,1500,1500,1500,1500,1500,1500,1500,1500,1500,1500,1500,1500,1500,1500,1500,1500,1500,7.4
2026-08-08,12:47:26.690,216.3,0.1,-90,-86,100,5,1,8,50,-94,100,4,12.2,0.0,0,0,663,-238,-1009,0,30,-1024,-3,-916,-32,-1,-1,-1,-1,-1,1,0,-1,0x0000000000000000,1710,1496,1532,1519,2012,1535,1521,1260,1701,988,1500,1500,1500,1500,1500,1500,1500,1500,1500,1500,1500,1500,1500,1500,1500,1500,1500,1500,1500,1500,1500,1500,7.4
2026-08-08,12:47:27.190,216.7,0.5,-90,-87,100,5,1,8,50,-93,88,0,12.2,0.0,0,0,588,-253,-1008,-129,30,-1024,-3,-916,-31,-1,-1,-1,-1,-1,1,0,-1,0x0000000000000000,1683,1500,1498,1499,2012,1498,1499,1260,1701,988,1500,1500,1500,1500,1500,1500,1500,1500,1500,1500,1500,1500,1500,1500,1500,1500,1500,1500,1500,1500,1500,1500,7.4
2026-08-08,12:47:27.690,216.8,0.3,-84,-87,99,7,0,8,25,-83,100,9,12.2,0.0,0,0,555,-370,-1008,-210,30,-1024,-3,-916,-31,-1,-1,-1,-1,-1,1,0,-1,0x0000000000000000,1672,1536,1479,1487,2012,1473,1484,1260,1701,988,1500,1500,1500,1500,1500,1500,1500,1500,1500,1500,1500,1500,1500,1500,1500,1500,1500,1500,1500,1500,1500,1500,7.4
2026-08-08,12:47:28.190,217.0,0.2,-86,-87,100,7,0,8,10,-82,100,11,12.2,0.0,0,0,566,-375,-1009,-227,30,-1024,-3,-916,-31,-1,-1,-1,-1,-1,1,0,-1,0x0000000000000000,1676,1537,1475,1484,2012,1468,1481,1260,1701,988,1500,1500,1500,1500,1500,1500,1500,1500,1500,1500,1500,1500,1500,1500,1500,1500,1500,1500,1500,1500,1500,1500,7.4
2026-08-08,12:47:28.690,217.9,1.7,-84,-87,100,9,0,8,10,-82,100,10,12.2,0.0,0,0,-24,-9,-1008,-416,30,-1024,-3,-916,-31,-1,-1,-1,-1,-1,1,0,-1,0x0000000000000000,1505,1435,1431,1456,2012,1411,1448,1260,1701,988,1500,1500,1500,1500,1500,1500,1500,1500,1500,1500,1500,1500,1500,1500,1500,1500,1500,1500,1500,1500,1500,1500,7.4
2026-08-08,12:47:29.190,219.0,1.8,-85,-87,100,6,0,8,10,-82,100,10,12.2,0.0,0,0,-352,11,-1009,-861,30,-1024,-3,-916,-32,-1,-1,-1,-1,-1,1,0,-1,0x0000000000000000,1416,1430,1326,1389,2012,1277,1370,1260,1701,988,1500,1500,1500,1500,1500,1500,1500,1500,1500,1500,1500,1500,1500,1500,1500,1500,1500,1500,1500,1500,1500,1500,7.4
2026-08-08,12:47:29.690,219.7,1.3,-82,-93,99,9,0,8,50,-83,100,10,12.2,0.0,0,0,-396,-420,-1009,-749,30,-1024,-3,-916,-31,-1,-1,-1,-1,-1,1,0,-1,0x0000000000000000,1403,1552,1353,1406,2012,1311,1390,1260,1701,988,1500,1500,1500,1500,1500,1500,1500,1500,1500,1500,1500,1500,1500,1500,1500,1500,1500,1500,1500,1500,1500,1500,7.4
2026-08-08,12:47:30.190,220.3,1.3,-82,-85,97,9,1,8,250,-93,96,1,12.2,0.0,0,0,-358,-499,-1009,-457,30,-1024,-3,-916,-31,-1,-1,-1,-1,-1,1,0,-1,0x0000000000000000,1415,1579,1421,1450,2012,1399,1441,1260,1701,988,1500,1500,1500,1500,1500,1500,1500,1500,1500,1500,1500,1500,1500,1500,1500,1500,1500,1500,1500,1500,1500,1500,7.4
2026-08-08,12:47:30.690,221.1,1.4,-82,-78,98,7,1,8,250,-98,92,0,12.2,0.0,0,0,-378,-356,-1009,-267,30,-1024,-3,-916,-32,-1,-1,-1,-1,-1,1,0,-1,0x0000000000000000,1409,1532,1466,1478,2012,1456,1474,1260,1701,988,1500,1500,1500,1500,1500,1500,1500,1500,1500,1500,1500,1500,1500,1500,1500,1500,1500,1500,1500,1500,1500,1500,7.4
2026-08-08,12:47:31.190,221.3,0.5,-79,-85,98,4,0,8,50,-84,88,10,12.2,0.0,0,0,-465,-457,-1009,2,30,-1024,-3,-916,-32,-1,-1,-1,-1,-1,1,0,-1,0x0000000000000000,1382,1564,1532,1520,2012,1536,1521,1260,1701,988,1500,1500,1500,1500,1500,1500,1500,1500,1500,1500,1500,1500,1500,1500,1500,1500,1500,1500,1500,1500,1500,1500,7.4
2026-08-08,12:47:31.690,220.2,-1.8,-78,-85,97,10,0,8,25,-83,96,10,12.2,0.0,0,0,-412,-488,-1009,41,30,-1024,-3,-916,-32,-1,-1,-1,-1,-1,1,0,-1,0x0000000000000000,1398,1575,1543,1526,2012,1548,1528,1260,1701,988,1500,1500,1500,1500,1500,1500,1500,1500,1500,1500,1500,1500,1500,1500,1500,1500,1500,1500,1500,1500,1500,1500,7.4
2026-08-08,12:47:32.190,219.1,-2.5,-81,-85,100,4,0,8,50,-79,100,11,12.2,0.0,0,0,-327,-407,-1009,1,30,-1024,-3,-916,-31,-1,-1,-1,-1,-1,1,0,-1,0x0000000000000000,1423,1548,1532,1520,2012,1536,1521,1260,1701,988,1500,1500,1500,1500,1500,1500,1500,1500,1500,1500,1500,1500,1500,1500,1500,1500,1500,1500,1500,1500,1500,1500,7.4
2026-08-08,12:47:32.690,217.8,-2.5,-83,-85,100,7,0,8,25,-82,100,10,12.2,0.0,0,0,-300,-12,-1008,2,30,-1024,-3,-916,-31,-1,-1,-1,-1,-1,1,0,-1,0x0000000000000000,1431,1435,1532,1520,2012,1536,1521,1260,1701,988,1500,1500,1500,1500,1500,1500,1500,1500,1500,1500,1500,1500,1500,1500,1500,1500,1500,1500,1500,1500,1500,1500,7.4
2026-08-08,12:47:33.190,216.3,-2.9,-84,-94,100,6,0,8,50,-85,100,8,12.2,0.0,0,0,-273,-20,-1009,4,30,-1024,-3,-916,-31,-1,-1,-1,-1,-1,1,0,-1,0x0000000000000000,1439,1438,1533,1520,2012,1537,1522,1260,1701,988,1500,1500,1500,1500,1500,1500,1500,1500,1500,1500,1500,1500,1500,1500,1500,1500,1500,1500,1500,1500,1500,1500,7.4
2026-08-08,12:47:33.690,214.8,-2.8,-77,-98,97,7,0,8,50,-85,100,7,12.2,0.0,0,0,-459,-196,-1009,334,29,-1024,-3,-916,-31,-1,-1,-1,-1,-1,1,0,-1,0x0000000000000000,1384,1483,1621,1574,2012,1635,1579,1260,1701,988,1500,1500,1500,1500,1500,1500,1500,1500,1500,1500,1500,1500,1500,1500,1500,1500,1500,1500,1500,1500,1500,1500,7.4
2026-08-08,12:47:34.190,212.9,-2.5,-77,-93,98,6,0,8,25,-75,96,10,12.2,0.0,0,0,-577,-271,-1009,176,30,-1024,-3,-916,-31,-1,-1,-1,-1,-1,1,0,-1,0x0000000000000000,1345,1505,1579,1548,2012,1588,1552,1260,1701,988,1500,1500,1500,1500,1500,1500,1500,1500,1500,1500,1500,1500,1500,1500,1500,1500,1500,1500,1500,1500,1500,1500,7.4
2026-08-08,12:47:34.690,214.2,2.6,-86,-85,94,8,1,8,250,-91,88,3,12.2,0.0,0,0,-155,-80,-1008,-270,30,-1024,-3,-916,-31,-1,-1,-1,-1,-1,1,0,-1,0x0000000000000000,1471,1452,1465,1478,2012,1455,1474,1260,1701,988,1500,1500,1500,1500,1500,1500,1500,1500,1500,1500,1500,1500,1500,1500,1500,1500,1500,1500,1500,1500,1500,1500,7.4
2026-08-08,12:47:35.190,216.4,4.6,-86,-86,100,5,1,8,250,-91,80,5,12.2,0.0,0,0,-9,-8,-1008,-659,30,-1024,-3,-916,-32,-1,-1,-1,-1,-1,1,0,-1,0x0000000000000000,1509,1435,1374,1420,2012,1338,1406,1260,1701,988,1500,1500,1500,1500,1500,1500,1500,1500,1500,1500,1500,1500,1500,1500,1500,1500,1500,1500,1500,1500,1500,1500,7.4
2026-08-08,12:47:35.690,218.5,3.1,-84,-86,97,10,0,8,10,-84,100,8,12.2,0.0,0,0,-132,-340,-1008,-138,30,-1024,-3,-916,-31,-1,-1,-1,-1,-1,1,0,-1,0x0000000000000000,1477,1526,1496,1497,2012,1495,1497,1260,1701,988,1500,1500,1500,1500,1500,1500,1500,1500,1500,1500,1500,1500,1500,1500,1500,1500,1500,1500,1500,1500,1500,1500,7.4
2026-08-08,12:47:36.190,218.5,0.6,-80,-92,99,8,0,8,100,-85,92,9,12.2,0.0,0,0,-332,-514,-1008,277,29,-1024,-3,-916,-31,-1,-1,-1,-1,-1,1,0,-1,0x0000000000000000,1422,1584,1606,1565,2012,1618,1569,1260,1701,988,1500,1500,1500,1500,1500,1500,1500,1500,1500,1500,1500,1500,1500,1500,1500,1500,1500,1500,1500,1500,1500,1500,7.4
2026-08-08,12:47:36.690,218.1,-0.5,-87,-92,97,7,0,8,10,-81,92,10,12.2,0.0,0,0,-397,-628,-1008,-134,30,-1024,-3,-916,-31,-1,-1,-1,-1,-1,1,0,-1,0x0000000000000000,1403,1626,1497,1498,2012,1496,1498,1260,1701,988,1500,1500,1500,1500,1500,1500,1500,1500,1500,1500,1500,1500,1500,1500,1500,1500,1500,1500,1500,1500,1500,1500,7.4
2026-08-08,12:47:37.190,218.3,0.1,-82,-92,97,8,0,8,25,-78,92,10,12.2,0.0,0,0,-474,-608,-1009,42,30,-1024,-3,-916,-31,-1,-1,-1,-1,-1,1,0,-1,0x0000000000000000,1379,1618,1543,1526,2012,1548,1528,1260,1701,988,1500,1500,1500,1500,1500,1500,1500,1500,1500,1500,1500,1500,1500,1500,1500,1500,1500,1500,1500,1500,1500,1500,7.4
2026-08-08,12:47:37.690,218.6,0.5,-84,-83,99,9,1,8,100,-90,92,3,12.2,0.0,0,0,-476,-639,-1008,86,30,-1024,-3,-916,-31,-1,-1,-1,-1,-1,1,0,-1,0x0000000000000000,1378,1630,1555,1533,2012,1561,1536,1260,1701,988,1500,1500,1500,1500,1500,1500,1500,1500,1500,1500,1500,1500,1500,1500,1500,1500,1500,1500,1500,1500,1500,1500,7.4
2026-08-08,12:47:38.190,219.8,2.0,-86,-85,97,8,1,8,50,-96,88,0,12.2,0.0,0,0,-504,-642,-1009,121,30,-1024,-3,-916,-31,-1,-1,-1,-1,-1,1,0,-1,0x0000000000000000,1369,1631,1564,1539,2012,1572,1542,1260,1701,988,1500,1500,1500,1500,1500,1500,1500,1500,1500,1500,1500,1500,1500,1500,1500,1500,1500,1500,1500,1500,1500,1500,7.4
2026-08-08,12:47:38.690,221.1,2.4,-81,-85,98,12,0,8,50,-81,100,10,12.2,0.0,0,0,-477,-608,-1008,55,30,-1024,-3,-916,-31,-1,-1,-1,-1,-1,1,0,-1,0x0000000000000000,1378,1618,1547,1528,2012,1552,1531,1260,1701,988,1500,1500,1500,1500,1500,1500,1500,1500,1500,1500,1500,1500,1500,1500,1500,1500,1500,1500,1500,1500,1500,1500,7.4
2026-08-08,12:47:39.190,222.4,2.4,-78,-93,99,9,0,8,10,-82,96,10,12.2,0.0,0,0,-441,-588,-1008,65,29,-1024,-3,-916,-31,-1,-1,-1,-1,-1,1,0,-1,0x0000000000000000,1389,1610,1550,1530,2012,1555,1532,1260,1701,988,1500,1500,1500,1500,1500,1500,1500,1500,1500,1500,1500,1500,1500,1500,1500,1500,1500,1500,1500,1500,1500,1500,7.4
2026-08-08,12:47:39.690,222.9,0.9,-79,-94,98,11,0,8,100,-85,88,9,12.2,0.0,0,0,-460,-627,-1009,164,30,-1024,-3,-916,-31,-1,-1,-1,-1,-1,1,0,-1,0x0000000000000000,1383,1625,1576,1546,2012,1584,1550,1260,1701,988,1500,1500,1500,1500,1500,1500,1500,1500,1500,1500,1500,1500,1500,1500,1500,1500,1500,1500,1500,1500,1500,1500,7.4
2026-08-08,12:47:40.190,222.4,-0.6,-82,-92,94,10,0,8,250,-84,92,9,12.2,0.0,0,0,-447,-613,-1009,187,29,-1024,-3,-916,-31,-1,-1,-1,-1,-1,1,0,-1,0x0000000000000000,1387,1620,1582,1550,2012,1591,1554,1260,1701,988,1500,1500,1500,1500,1500,1500,1500,1500,1500,1500,1500,1500,1500,1500,1500,1500,1500,1500,1500,1500,1500,1500,7.4
2026-08-08,12:47:40.690,221.9,-0.9,-74,-93,100,4,0,8,25,-83,92,8,12.2,0.0,0,0,-403,-568,-1008,-97,30,-1024,-3,-916,-31,-1,-1,-1,-1,-1,1,0,-1,0x0000000000000000,1401,1603,1506,1503,2012,1507,1504,1260,1701,988,1500,1500,1500,1500,1500,1500,1500,1500,1500,1500,1500,1500,1500,1500,1500,1500,1500,1500,1500,1500,1500,1500,7.4
2026-08-08,12:47:41.190,221.7,0.0,-82,-95,100,10,0,8,10,-75,100,11,12.2,0.0,0,0,-431,-544,-1008,-92,30,-1024,-3,-916,-31,-1,-1,-1,-1,-1,1,0,-1,0x0000000000000000,1393,1594,1507,1504,2012,1508,1505,1260,1701,988,1500,1500,1500,1500,1500,1500,1500,1500,1500,1500,1500,1500,1500,1500,1500,1500,1500,1500,1500,1500,1500,1500,7.4
2026-08-08,12:47:41.690,222.7,1.7,-78,-91,99,2,0,8,50,-83,100,1,12.2,0.0,0,0,-574,-540,-1009,-89,30,-1024,-3,-916,-31,-1,-1,-1,-1,-1,1,0,-1,0x0000000000000000,1346,1594,1508,1505,2012,1509,1505,1260,1701,988,1500,1500,1500,1500,1500,1500,1500,1500,1500,1500,1500,1500,1500,1500,1500,1500,1500,1500,1500,1500,1500,1500,7.4
2026-08-08,12:47:42.190,223.8,2.0,-80,-98,98,10,0,8,10,-76,92,11,12.2,0.0,0,0,-553,-550,-1009,205,29,-1024,-3,-916,-31,-1,-1,-1,-1,-1,1,0,-1,0x0000000000000000,1353,1596,1587,1553,2012,1597,1557,1260,1701,988,1500,1500,1500,1500,1500,1500,1500,1500,1500,1500,1500,1500,1500,1500,1500,1500,1500,1500,1500,1500,1500,1500,7.4
2026-08-08,12:47:42.690,224.9,1.9,-83,-89,98,7,0,8,50,-93,72,5,12.2,0.0,0,0,-553,-502,-1008,362,30,-1024,-3,-916,-31,-1,-1,-1,-1,-1,1,0,-1,0x0000000000000000,1353,1580,1629,1578,2012,1643,1584,1260,1701,988,1500,1500,1500,1500,1500,1500,1500,1500,1500,1500,1500,1500,1500,1500,1500,1500,1500,1500,1500,1500,1500,1500,7.4
2026-08-08,12:47:43.190,225.0,0.4,-83,-91,98,9,0,8,50,-84,84,8,12.2,0.0,0,0,-546,-540,-1009,256,29,-1024,-3,-916,-31,-1,-1,-1,-1,-1,1,0,-1,0x0000000000000000,1355,1593,1600,1561,2012,1611,1566,1260,1701,988,1500,1500,1500,1500,1500,1500,1500,1500,1500,1500,1500,1500,1500,1500,1500,1500,1500,1500,1500,1500,1500,1500,7.4
2026-08-08,12:47:43.690,224.7,-0.5,-81,-91,96,7,0,8,25,-82,96,8,12.2,0.0,0,0,-525,-544,-1009,97,30,-1024,-3,-916,-31,-1,-1,-1,-1,-1,1,0,-1,0x0000000000000000,1362,1594,1558,1535,2012,1564,1538,1260,1701,988,1500,1500,1500,1500,1500,1500,1500,1500,1500,1500,1500,1500,1500,1500,1500,1500,1500,1500,1500,1500,1500,1500,7.4
2026-08-08,12:47:44.190,224.8,0.6,-83,-93,98,5,1,8,25,-93,92,1,12.2,0.0,0,0,-529,-593,-1008,-162,30,-1024,-3,-916,-31,-1,-1,-1,-1,-1,1,0,-1,0x0000000000000000,1361,1612,1491,1494,2012,1488,1493,1260,1701,988,1500,1500,1500,1500,1500,1500,1500,1500,1500,1500,1500,1500,1500,1500,1500,1500,1500,1500,1500,1500,1500,1500,7.4
2026-08-08,12:47:44.690,225.8,1.9,-83,-94,100,4,0,8,25,-80,100,11,12.2,0.0,0,0,-524,-518,-1009,-229,30,-1024,-3,-916,-32,-1,-1,-1,-1,-1,1,0,-1,0x0000000000000000,1363,1585,1475,1484,2012,1468,1481,1260,1701,988,1500,1500,1500,1500,1500,1500,1500,1500,1500,1500,1500,1500,1500,1500,1500,1500,1500,1500,1500,1500,1500,1500,7.4
2026-08-08,12:47:45.190,226.5,1.1,-81,-94,100,7,0,8,50,-90,92,8,12.2,0.0,0,0,-408,-508,-1008,97,30,-1024,-3,-916,-31,-1,-1,-1,-1,-1,1,0,-1,0x0000000000000000,1400,1581,1558,1535,2012,1564,1538,1260,1701,988,1500,1500,1500,1500,1500,1500,1500,1500,1500,1500,1500,1500,1500,1500,1500,1500,1500,1500,1500,1500,1500,1500,7.4
2026-08-08,12:47:45.690,225.9,-0.9,-73,-90,94,9,0,8,100,-81,96,9,12.2,0.0,0,0,-3,-328,-1008,524,30,-1024,-3,-916,-31,-1,-1,-1,-1,-1,1,0,-1,0x0000000000000000,1511,1523,1672,1605,2012,1691,1613,1260,1701,988,1500,1500,1500,1500,1500,1500,1500,1500,1500,1500,1500,1500,1500,1500,1500,1500,1500,1500,1500,1500,1500,1500,7.4
2026-08-08,12:47:46.190,225.3,-1.2,-67,-97,100,12,0,8,100,-77,100,10,12.2,0.0,0,0,66,-2,-1008,698,29,-1024,-3,-916,-31,-1,-1,-1,-1,-1,1,0,-1,0x0000000000000000,1529,1433,1719,1633,2012,1743,1643,1260,1701,988,1500,1500,1500,1500,1500,1500,1500,1500,1500,1500,1500,1500,1500,1500,1500,1500,1500,1500,1500,1500,1500,1500,7.4
2026-08-08,12:47:46.690,225.0,-0.7,-83,-97,98,7,0,8,10,-77,100,9,12.2,0.0,0,0,125,-4,-1009,712,29,-1024,-3,-916,-31,-1,-1,-1,-1,-1,1,0,-1,0x0000000000000000,1545,1434,1723,1636,2012,1747,1645,1260,1701,988,1500,1500,1500,1500,1500,1500,1500,1500,1500,1500,1500,1500,1500,1500,1500,1500,1500,1500,1500,1500,1500,1500,7.4
2026-08-08,12:47:47.190,224.7,-0.8,-83,-97,100,6,0,8,10,-77,100,10,12.2,0.0,0,0,-2,-1,-1008,3,30,-1024,-3,-916,-31,-1,-1,-1,-1,-1,1,0,-1,0x0000000000000000,1511,1433,1533,1520,2012,1536,1521,1260,1701,988,1500,1500,1500,1500,1500,1500,1500,1500,1500,1500,1500,1500,1500,1500,1500,1500,1500,1500,1500,1500,1500,1500,7.4
2026-08-08,12:47:47.690,225.0,0.3,-82,-97,100,1,0,8,250,-83,100,10,12.2,0.0,0,0,309,-3,-1008,3,30,-1024,-3,-916,-31,-1,-1,-1,-1,-1,1,0,-1,0x0000000000000000,1595,1433,1533,1520,2012,1536,1521,1260,1701,988,1500,1500,1500,1500,1500,1500,1500,1500,1500,1500,1500,1500,1500,1500,1500,1500,1500,1500,1500,1500,1500,1500,7.4
2026-08-08,12:47:48.190,225.1,0.0,-75,-93,98,11,0,8,25,-85,100,9,12.2,0.0,0,0,269,-1,-1008,3,30,-1024,-3,-916,-32,-1,-1,-1,-1,-1,1,0,-1,0x0000000000000000,1584,1433,1533,1520,2012,1536,1521,1260,1701,988,1500,1500,1500,1500,1500,1500,1500,1500,1500,1500,1500,1500,1500,1500,1500,1500,1500,1500,1500,1500,1500,1500,7.4
2026-08-08,12:47:48.690,226.0,1.7,-71,-95,100,9,0,8,25,-83,96,10,12.2,0.0,0,0,-3,-1,-1007,3,30,-1024,-3,-916,-31,-1,-1,-1,-1,-1,1,0,-1,0x0000000000000000,1511,1433,1533,1520,2012,1536,1521,1260,1701,988,1500,1500,1500,1500,1500,1500,1500,1500,1500,1500,1500,1500,1500,1500,1500,1500,1500,1500,1500,1500,1500,1500,7.4
2026-08-08,12:47:49.190,226.5,1.2,-84,-93,100,8,0,8,10,-81,100,10,12.2,0.0,0,0,-3,-1,-1007,3,30,-1024,-3,-916,-31,-1,-1,-1,-1,-1,1,0,-1,0x0000000000000000,1511,1433,1533,1520,2012,1536,1521,1260,1701,988,1500,1500,1500,1500,1500,1500,1500,1500,1500,1500,1500,1500,1500,1500,1500,1500,1500,1500,1500,1500,1500,1500,7.4
2026-08-08,12:47:49.690,227.2,1.1,-81,-93,100,6,0,8,25,-83,100,10,12.2,0.0,0,0,-2,27,-1007,2,30,-1024,-3,-916,-31,-1,-1,-1,-1,-1,1,0,-1,0x0000000000000000,1511,1426,1532,1520,2012,1536,1521,1260,1701,988,1500,1500,1500,1500,1500,1500,1500,1500,1500,1500,1500,1500,1500,1500,1500,1500,1500,1500,1500,1500,1500,1500,7.4
2026-08-08,12:47:50.190,228.7,1.9,-76,-89,96,3,1,8,250,-93,92,6,12.2,0.0,0,0,-3,306,-1007,3,30,-1024,-3,-916,-31,-1,-1,-1,-1,-1,1,0,-1,0x0000000000000000,1511,1356,1533,1520,2012,1536,1521,1260,1701,988,1500,1500,1500,1500,1500,1500,1500,1500,1500,1500,1500,1500,1500,1500,1500,1500,1500,1500,1500,1500,1500,1500,7.4
2026-08-08,12:47:50.690,228.1,-1.3,-83,-99,100,9,0,8,250,-93,100,2,12.2,0.0,0,0,-3,0,-1008,3,30,-1024,-3,-916,-31,-1,-1,-1,-1,-1,1,0,-1,0x0000000000000000,1511,1433,1533,1520,2012,1536,1521,1260,1701,988,1500,1500,1500,1500,1500,1500,1500,1500,1500,1500,1500,1500,1500,1500,1500,1500,1500,1500,1500,1500,1500,1500,7.4
2026-08-08,12:47:51.190,227.1,-1.6,-83,-97,94,12,0,8,250,-84,96,8,12.2,0.0,0,0,-4,-8,-1008,-89,30,-1024,-3,-916,-31,-1,-1,-1,-1,-1,1,0,-1,0x0000000000000000,1511,1435,1508,1505,2012,1509,1505,1260,1701,988,1500,1500,1500,1500,1500,1500,1500,1500,1500,1500,1500,1500,1500,1500,1500,1500,1500,1500,1500,1500,1500,1500,7.4
2026-08-08,12:47:51.690,226.6,-0.9,-79,-97,100,8,0,8,50,-84,96,9,12.2,0.0,0,0,-226,-151,-1009,-407,30,-1024,-3,-916,-31,-1,-1,-1,-1,-1,1,0,-1,0x0000000000000000,1452,1471,1433,1457,2012,1414,1450,1260,1701,988,1500,1500,1500,1500,1500,1500,1500,1500,1500,1500,1500,1500,1500,1500,1500,1500,1500,1500,1500,1500,1500,1500,7.4
2026-08-08,12:47:52.190,227.0,0.1,-83,-97,98,10,0,8,25,-77,96,10,12.2,0.0,0,0,-402,-581,-1009,-77,30,-1024,-3,-916,-31,-1,-1,-1,-1,-1,1,0,-1,0x0000000000000000,1401,1608,1511,1507,2012,1512,1507,1260,1701,988,1500,1500,1500,1500,1500,1500,1500,1500,1500,1500,1500,1500,1500,1500,1500,1500,1500,1500,1500,1500,1500,1500,7.4
2026-08-08,12:47:52.690,228.3,2.2,-84,-97,100,8,0,8,50,-81,100,3,12.2,0.0,0,0,-453,-508,-1009,378,29,-1024,-3,-916,-32,-1,-1,-1,-1,-1,1,0,-1,0x0000000000000000,1386,1581,1633,1581,2012,1648,1587,1260,1701,988,1500,1500,1500,1500,1500,1500,1500,1500,1500,1500,1500,1500,1500,1500,1500,1500,1500,1500,1500,1500,1500,1500,7.4
2026-08-08,12:47:53.190,229.7,2.7,-81,-86,98,0,0,8,250,-88,84,9,12.2,0.0,0,0,-504,-481,-1008,462,29,-1024,-3,-916,-31,-1,-1,-1,-1,-1,1,0,-1,0x0000000000000000,1369,1572,1656,1595,2012,1673,1602,1260,1701,988,1500,1500,1500,1500,1500,1500,1500,1500,1500,1500,1500,1500,1500,1500,1500,1500,1500,1500,1500,1500,1500,1500,7.4
2026-08-08,12:47:53.690,230.4,1.2,-84,-86,96,7,0,8,100,-85,84,9,12.2,0.0,0,0,-511,-442,-1009,534,29,-1024,-3,-916,-31,-1,-1,-1,-1,-1,1,0,-1,0x0000000000000000,1367,1559,1675,1607,2012,1695,1615,1260,1701,988,1500,1500,1500,1500,1500,1500,1500,1500,1500,1500,1500,1500,1500,1500,1500,1500,1500,1500,1500,1500,1500,1500,7.4
2026-08-08,12:47:54.190,229.9,-0.8,-83,-98,96,-3,1,8,250,-90,96,5,12.2,0.0,0,0,-584,-502,-1009,197,30,-1024,-3,-916,-31,-1,-1,-1,-1,-1,1,0,-1,0x0000000000000000,1342,1580,1585,1552,2012,1594,1555,1260,1701,988,1500,1500,1500,1500,1500,1500,1500,1500,1500,1500,1500,1500,1500,1500,1500,1500,1500,1500,1500,1500,1500,1500,7.4
2026-08-08,12:47:54.690,228.8,-2.1,-86,-87,98,4,1,8,100,-93,92,4,12.2,0.0,0,0,-523,-480,-1009,132,30,-1024,-3,-916,-32,-1,-1,-1,-1,-1,1,0,-1,0x0000000000000000,1363,1572,1567,1541,2012,1575,1544,1260,1701,988,1500,1500,1500,1500,1500,1500,1500,1500,1500,1500,1500,1500,1500,1500,1500,1500,1500,1500,1500,1500,1500,1500,7.4
2026-08-08,12:47:55.190,227.9,-1.7,-86,-87,100,8,1,8,100,-88,96,8,12.2,0.0,0,0,-447,-429,-1009,201,30,-1024,-3,-916,-31,-1,-1,-1,-1,-1,1,0,-1,0x0000000000000000,1387,1555,1586,1555,2012,1600,1559,1260,1701,988,1500,1500,1500,1500,1500,1500,1500,1500,1500,1500,1500,1500,1500,1500,1500,1500,1500,1500,1500,1500,1500,1500,7.4
2026-08-08,12:47:55.690,227.1,-1.4,-86,-86,100,7,1,8,100,-89,100,8,12.2,0.0,0,0,-488,-509,-1009,283,29,-1024,-3,-916,-31,-1,-1,-1,-1,-1,1,0,-1,0x0000000000000000,1374,1582,1608,1566,2012,1620,1570,1260,1701,988,1500,1500,1500,1500,1500,1500,1500,1500,1500,1500,1500,1500,1500,1500,1500,1500,1500,1500,1500,1500,1500,1500,7.4
2026-08-08,12:47:56.190,227.8,1.2,-86,-87,100,7,1,8,100,-89,100,6,12.2,0.0,0,0,-487,-466,-1009,-54,30,-1024,-3,-916,-31,-1,-1,-1,-1,-1,1,0,-1,0x0000000000000000,1375,1567,1517,1510,2012,1519,1511,1260,1701,988,1500,1500,1500,1500,1500,1500,1500,1500,1500,1500,1500,1500,1500,1500,1500,1500,1500,1500,1500,1500,1500,1500,7.4
2026-08-08,12:47:56.690,228.9,1.9,-86,-87,100,6,1,8,100,-94,92,5,12.2,0.0,0,0,-522,-461,-1009,-208,30,-1024,-3,-916,-31,-1,-1,-1,-1,-1,1,0,-1,0x0000000000000000,1363,1565,1479,1487,2012,1474,1485,1260,1701,988,1500,1500,1500,1500,1500,1500,1500,1500,1500,1500,1500,1500,1500,1500,1500,1500,1500,1500,1500,1500,1500,1500,7.4
2026-08-08,12:47:57.190,229.4,0.9,-86,-88,100,8,1,8,250,-95,76,1,12.2,0.0,0,0,-326,-491,-1009,267,30,-1024,-3,-916,-31,-1,-1,-1,-1,-1,1,0,-1,0x0000000000000000,1424,1575,1603,1563,2012,1615,1568,1260,1701,988,1500,1500,1500,1500,1500,1500,1500,1500,1500,1500,1500,1500,1500,1500,1500,1500,1500,1500,1500,1500,1500,1500,7.4
2026-08-08,12:47:57.690,228.5,-1.5,-86,-87,100,6,1,8,100,-93,92,4,12.2,0.0,0,0,-294,-535,-1009,285,30,-1024,-3,-916,-31,-1,-1,-1,-1,-1,1,0,-1,0x0000000000000000,1433,1591,1608,1566,2012,1620,1571,1260,1701,988,1500,1500,1500,1500,1500,1500,1500,1500,1500,1500,1500,1500,1500,1500,1500,1500,1500,1500,1500,1500,1500,1500,7.4
2026-08-08,12:47:58.190,227.3,-2.0,-79,-86,99,7,0,8,25,-84,100,9,12.2,0.0,0,0,-137,-538,-1009,399,29,-1024,-3,-916,-32,-1,-1,-1,-1,-1,1,0,-1,0x0000000000000000,1476,1592,1639,1584,2012,1654,1591,1260,1701,988,1500,1500,1500,1500,1500,1500,1500,1500,1500,1500,1500,1500,1500,1500,1500,1500,1500,1500,1500,1500,1500,1500,7.4
2026-08-08,12:47:58.690,226.9,-1.3,-81,-86,95,10,0,8,50,-78,100,9,12.2,0.0,0,0,-87,-431,-1009,-93,30,-1024,-3,-916,-31,-1,-1,-1,-1,-1,1,0,-1,0x0000000000000000,1489,1555,1507,1504,2012,1508,1505,1260,1701,988,1500,1500,1500,1500,1500,1500,1500,1500,1500,1500,1500,1500,1500,1500,1500,1500,1500,1500,1500,1500,1500,1500,7.4
2026-08-08,12:47:59.190,227.1,0.3,-80,-86,100,8,0,8,10,-78,100,10,12.2,0.0,0,0,-494,-352,-1009,-224,30,-1024,-3,-916,-31,-1,-1,-1,-1,-1,1,0,-1,0x0000000000000000,1373,1530,1476,1485,2012,1469,1482,1260,1701,988,1500,1500,1500,1500,1500,1500,1500,1500,1500,1500,1500,1500,1500,1500,1500,1500,1500,1500,1500,1500,1500,1500,7.4
2026-08-08,12:47:59.690,227.8,1.3,-84,-99,96,8,0,8,25,-84,100,8,12.2,0.0,0,0,-535,-472,-1009,-3,30,-1024,-3,-916,-32,-1,-1,-1,-1,-1,1,0,-1,0x0000000000000000,1359,1569,1531,1519,2012,1535,1520,1260,1701,988,1500,1500,1500,1500,1500,1500,1500,1500,1500,1500,1500,1500,1500,1500,1500,1500,1500,1500,1500,1500,1500,1500,7.4
2026-08-08,12:48:00.190,228.4,1.0,-81,-99,97,9,0,8,250,-89,92,6,12.2,0.0,0,0,-515,-530,-1010,173,30,-1024,-3,-916,-31,-1,-1,-1,-1,-1,1,0,-1,0x0000000000000000,1366,1589,1578,1548,2012,1587,1551,1260,1701,988,1500,1500,1500,1500,1500,1500,1500,1500,1500,1500,1500,1500,1500,1500,1500,1500,1500,1500,1500,1500,1500,1500,7.4
2026-08-08,12:48:00.690,228.4,0.0,-77,-102,98,10,0,8,10,-81,100,9,12.2,0.0,0,0,-476,-564,-1009,128,30,-1024,-3,-916,-31,-1,-1,-1,-1,-1,1,0,-1,0x0000000000000000,1378,1602,1566,1540,2012,1574,1543,1260,1701,988,1500,1500,1500,1500,1500,1500,1500,1500,1500,1500,1500,1500,1500,1500,1500,1500,1500,1500,1500,1500,1500,1500,7.4
2026-08-08,12:48:01.190,227.5,-1.9,-83,-96,99,8,0,8,100,-86,100,7,12.2,0.0,0,0,-466,-523,-1009,259,30,-1024,-3,-916,-31,-1,-1,-1,-1,-1,1,0,-1,0x0000000000000000,1381,1587,1601,1562,2012,1612,1566,1260,1701,988,1500,1500,1500,1500,1500,1500,1500,1500,1500,1500,1500,1500,1500,1500,1500,1500,1500,1500,1500,1500,1500,1500,7.4
2026-08-08,12:48:01.690,225.3,-3.9,-83,-87,99,4,1,8,100,-91,100,6,12.2,0.0,0,0,-540,-608,-1009,370,29,-1024,-3,-916,-31,-1,-1,-1,-1,-1,1,0,-1,0x0000000000000000,1357,1618,1631,1580,2012,1645,1586,1260,1701,988,1500,1500,1500,1500,1500,1500,1500,1500,1500,1500,1500,1500,1500,1500,1500,1500,1500,1500,1500,1500,1500,1500,7.4
2026-08-08,12:48:02.190,223.9,-2.8,-77,-87,99,8,0,8,250,-85,100,9,12.2,0.0,0,0,-460,-579,-1009,4,30,-1024,-3,-916,-31,-1,-1,-1,-1,-1,1,0,-1,0x0000000000000000,1383,1607,1533,1520,2012,1537,1522,1260,1701,988,1500,1500,1500,1500,1500,1500,1500,1500,1500,1500,1500,1500,1500,1500,1500,1500,1500,1500,1500,1500,1500,1500,7.4
2026-08-08,12:48:02.690,224.5,0.8,-81,-85,98,5,1,8,50,-85,100,8,12.2,0.0,0,0,-538,-390,-1009,2,30,-1024,-3,-916,-31,-1,-1,-1,-1,-1,1,0,-1,0x0000000000000000,1358,1542,1532,1520,2012,1536,1521,1260,1701,988,1500,1500,1500,1500,1500,1500,1500,1500,1500,1500,1500,1500,1500,1500,1500,1500,1500,1500,1500,1500,1500,1500,7.4
2026-08-08,12:48:03.190,225.9,2.4,-87,-92,98,7,0,8,50,-89,100,5,12.2,0.0,0,0,-435,-318,-1009,58,30,-1024,-3,-916,-31,-1,-1,-1,-1,-1,1,0,-1,0x0000000000000000,1391,1519,1548,1529,2012,1553,1531,1260,1701,988,1500,1500,1500,1500,1500,1500,1500,1500,1500,1500,1500,1500,1500,1500,1500,1500,1500,1500,1500,1500,1500,1500,7.4
2026-08-08,12:48:03.690,227.0,1.9,-82,-92,100,8,0,8,25,-82,100,1,12.2,0.0,0,0,-82,-12,-1009,317,30,-1024,-3,-916,-31,-1,-1,-1,-1,-1,1,0,-1,0x0000000000000000,1491,1435,1617,1571,2012,1630,1576,1260,1701,988,1500,1500,1500,1500,1500,1500,1500,1500,1500,1500,1500,1500,1500,1500,1500,1500,1500,1500,1500,1500,1500,1500,7.4
2026-08-08,12:48:04.190,227.0,0.0,-79,-88,97,5,0,8,100,-90,100,6,12.2,0.0,0,0,309,11,-1008,923,29,-1024,-3,-916,-31,-1,-1,-1,-1,-1,1,0,-1,0x0000000000000000,1595,1430,1779,1670,2012,1810,1682,1260,1701,988,1500,1500,1500,1500,1500,1500,1500,1500,1500,1500,1500,1500,1500,1500,1500,1500,1500,1500,1500,1500,1500,1500,7.4
2026-08-08,12:48:04.690,225.8,-2.3,-83,-92,99,-3,0,8,250,-88,100,4,12.2,0.0,0,0,347,8,-1009,993,29,-1024,-3,-916,-31,-1,-1,-1,-1,-1,1,0,-1,0x0000000000000000,1606,1431,1798,1682,2012,1831,1695,1260,1701,988,1500,1500,1500,1500,1500,1500,1500,1500,1500,1500,1500,1500,1500,1500,1500,1500,1500,1500,1500,1500,1500,1500,7.4
2026-08-08,12:48:05.190,224.5,-2.6,-83,-94,93,11,0,8,250,-86,96,9,12.2,0.0,0,0,359,-5,-1008,927,29,-1024,-3,-916,-31,-1,-1,-1,-1,-1,1,0,-1,0x0000000000000000,1610,1434,1780,1671,2012,1811,1683,1260,1701,988,1500,1500,1500,1500,1500,1500,1500,1500,1500,1500,1500,1500,1500,1500,1500,1500,1500,1500,1500,1500,1500,1500,7.4
2026-08-08,12:48:05.690,222.9,-3.3,-77,-94,96,8,0,8,100,-83,100,8,12.2,0.0,0,0,364,-77,-1008,943,29,-1024,-3,-916,-31,-1,-1,-1,-1,-1,1,0,-1,0x0000000000000000,1611,1454,1785,1673,2012,1816,1686,1260,1701,988,1500,1500,1500,1500,1500,1500,1500,1500,1500,1500,1500,1500,1500,1500,1500,1500,1500,1500,1500,1500,1500,1500,7.4
2026-08-08,12:48:06.190,221.2,-3.2,-80,-92,99,9,0,8,100,-88,100,8,12.2,0.0,0,0,1,-68,-1008,525,29,-1024,-3,-916,-31,-1,-1,-1,-1,-1,1,0,-1,0x0000000000000000,1512,1449,1673,1605,2012,1692,1613,1260,1701,988,1500,1500,1500,1500,1500,1500,1500,1500,1500,1500,1500,1500,1500,1500,1500,1500,1500,1500,1500,1500,1500,1500,7.4
2026-08-08,12:48:06.690,219.3,-3.3,-84,-86,96,8,1,8,250,-95,96,4,12.2,0.0,0,0,-3,-394,-1009,408,29,-1024,-3,-916,-31,-1,-1,-1,-1,-1,1,0,-1,0x0000000000000000,1511,1543,1641,1586,2012,1657,1592,1260,1701,988,1500,1500,1500,1500,1500,1500,1500,1500,1500,1500,1500,1500,1500,1500,1500,1500,1500,1500,1500,1500,1500,1500,7.4
2026-08-08,12:48:07.190,218.9,0.0,-84,-86,100,8,1,8,250,-94,96,4,12.2,0.0,0,0,-2,-2,-1008,3,30,-1024,-3,-916,-32,-1,-1,-1,-1,-1,1,0,-1,0x0000000000000000,1511,1433,1533,1520,2012,1536,1521,1260,1701,988,1500,1500,1500,1500,1500,1500,1500,1500,1500,1500,1500,1500,1500,1500,1500,1500,1500,1500,1500,1500,1500,1500,7.4
2026-08-08,12:48:07.690,217.9,-1.6,-79,-97,96,7,0,8,25,-82,100,9,12.2,0.0,0,0,-2,-1,-1008,-493,30,-1024,-3,-916,-31,-1,-1,-1,-1,-1,1,0,-1,0x0000000000000000,1511,1433,1413,1444,2012,1388,1435,1260,1701,988,1500,1500,1500,1500,1500,1500,1500,1500,1500,1500,1500,1500,1500,1500,1500,1500,1500,1500,1500,1500,1500,1500,7.4
2026-08-08,12:48:08.190,216.8,-2.4,-85,-98,95,7,0,8,250,-86,100,9,12.2,0.0,0,0,44,-1,-1008,-391,30,-1024,-3,-916,-31,-1,-1,-1,-1,-1,1,0,-1,0x0000000000000000,1523,1433,1437,1460,2012,1419,1453,1260,1701,988,1500,1500,1500,1500,1500,1500,1500,1500,1500,1500,1500,1500,1500,1500,1500,1500,1500,1500,1500,1500,1500,1500,7.4
2026-08-08,12:48:08.690,216.8,0.4,-87,-85,95,6,1,8,100,-93,92,-2,12.2,0.0,0,0,360,7,-1009,547,29,-1024,-3,-916,-31,-1,-1,-1,-1,-1,1,0,-1,0x0000000000000000,1610,1431,1679,1609,2012,1698,1617,1260,1701,988,1500,1500,1500,1500,1500,1500,1500,1500,1500,1500,1500,1500,1500,1500,1500,1500,1500,1500,1500,1500,1500,1500,7.4
2026-08-08,12:48:09.190,216.5,-0.2,-87,-86,100,8,1,8,250,-92,96,4,12.2,0.0,0,0,280,6,-1008,419,29,-1024,-3,-916,-31,-1,-1,-1,-1,-1,1,0,-1,0x0000000000000000,1587,1431,1644,1588,2012,1660,1594,1260,1701,988,1500,1500,1500,1500,1500,1500,1500,1500,1500,1500,1500,1500,1500,1500,1500,1500,1500,1500,1500,1500,1500,1500,7.4
2026-08-08,12:48:09.690,216.3,-0.4,-90,-86,98,6,1,8,50,-88,100,8,12.2,0.0,0,0,-3,0,-1008,2,30,-1024,-3,-916,-32,-1,-1,-1,-1,-1,1,0,-1,0x0000000000000000,1511,1433,1532,1520,2012,1536,1521,1260,1701,988,1500,1500,1500,1500,1500,1500,1500,1500,1500,1500,1500,1500,1500,1500,1500,1500,1500,1500,1500,1500,1500,1500,7.4
2026-08-08,12:48:10.190,215.8,-0.9,-90,-86,100,8,1,8,50,-90,100,7,12.2,0.0,0,0,-2,0,-1008,-18,30,-1024,-3,-916,-31,-1,-1,-1,-1,-1,1,0,-1,0x0000000000000000,1511,1433,1527,1516,2012,1530,1518,1260,1701,988,1500,1500,1500,1500,1500,1500,1500,1500,1500,1500,1500,1500,1500,1500,1500,1500,1500,1500,1500,1500,1500,1500,7.4
2026-08-08,12:48:10.690,216.0,0.0,-90,-86,100,6,1,8,50,-90,100,5,12.2,0.0,0,0,-2,-1,-1008,2,30,-1024,-3,-916,-31,-1,-1,-1,-1,-1,1,0,-1,0x0000000000000000,1511,1433,1532,1520,2012,1536,1521,1260,1701,988,1500,1500,1500,1500,1500,1500,1500,1500,1500,1500,1500,1500,1500,1500,1500,1500,1500,1500,1500,1500,1500,1500,7.4
2026-08-08,12:48:11.190,215.9,-0.3,-84,-93,99,7,0,8,10,-84,100,9,12.2,0.0,0,0,-3,-1,-1009,2,30,-1024,-3,-916,-31,-1,-1,-1,-1,-1,1,0,-1,0x0000000000000000,1511,1433,1532,1520,2012,1536,1521,1260,1701,988,1500,1500,1500,1500,1500,1500,1500,1500,1500,1500,1500,1500,1500,1500,1500,1500,1500,1500,1500,1500,1500,1500,7.4
2026-08-08,12:48:11.690,216.2,0.5,-80,-93,99,6,0,8,25,-80,100,9,12.2,0.0,0,0,-2,-1,-1008,2,30,-1024,-3,-916,-31,-1,-1,-1,-1,-1,1,0,-1,0x0000000000000000,1511,1433,1532,1520,2012,1536,1521,1260,1701,988,1500,1500,1500,1500,1500,1500,1500,1500,1500,1500,1500,1500,1500,1500,1500,1500,1500,1500,1500,1500,1500,1500,7.4
2026-08-08,12:48:12.190,216.1,0.3,-82,-93,95,10,0,8,10,-80,100,10,12.2,0.0,0,0,-2,-2,-1008,2,30,-1024,-3,-916,-31,-1,-1,-1,-1,-1,1,0,-1,0x0000000000000000,1511,1433,1532,1520,2012,1536,1521,1260,1701,988,1500,1500,1500,1500,1500,1500,1500,1500,1500,1500,1500,1500,1500,1500,1500,1500,1500,1500,1500,1500,1500,1500,7.4
2026-08-08,12:48:12.690,216.3,0.5,-84,-91,95,9,0,8,50,-85,100,9,12.2,0.0,0,0,-2,-1,-1008,2,30,-1024,-3,-916,-31,-1,-1,-1,-1,-1,1,0,-1,0x0000000000000000,1511,1433,1532,1520,2012,1536,1521,1260,1701,988,1500,1500,1500,1500,1500,1500,1500,1500,1500,1500,1500,1500,1500,1500,1500,1500,1500,1500,1500,1500,1500,1500,7.4
2026-08-08,12:48:13.190,216.9,1.0,-86,-88,99,4,0,8,250,-91,100,5,12.2,0.0,0,0,-2,-1,-1008,2,30,-1024,-3,-916,-32,-1,-1,-1,-1,-1,1,0,-1,0x0000000000000000,1511,1433,1532,1520,2012,1536,1521,1260,1701,988,1500,1500,1500,1500,1500,1500,1500,1500,1500,1500,1500,1500,1500,1500,1500,1500,1500,1500,1500,1500,1500,1500,7.4
2026-08-08,12:48:13.690,217.9,1.9,-86,-87,99,5,1,8,100,-96,100,1,12.2,0.0,0,0,-3,-1,-1008,2,30,-1024,-3,-916,-31,-1,-1,-1,-1,-1,1,0,-1,0x0000000000000000,1511,1433,1532,1520,2012,1536,1521,1260,1701,988,1500,1500,1500,1500,1500,1500,1500,1500,1500,1500,1500,1500,1500,1500,1500,1500,1500,1500,1500,1500,1500,1500,7.4
2026-08-08,12:48:14.190,219.0,1.8,-85,-85,96,6,1,8,250,-93,76,4,12.2,0.0,0,0,-2,-1,-1008,3,29,-1024,-3,-916,-31,-1,-1,-1,-1,-1,1,0,-1,0x0000000000000000,1511,1433,1533,1520,2012,1536,1521,1260,1701,988,1500,1500,1500,1500,1500,1500,1500,1500,1500,1500,1500,1500,1500,1500,1500,1500,1500,1500,1500,1500,1500,1500,7.4
2026-08-08,12:48:14.690,220.2,2.1,-89,-99,95,9,0,8,50,-84,100,8,12.2,0.0,0,0,-3,134,-1008,3,30,-1024,-3,-916,-31,-1,-1,-1,-1,-1,1,0,-1,0x0000000000000000,1511,1400,1533,1520,2012,1536,1521,1260,1701,988,1500,1500,1500,1500,1500,1500,1500,1500,1500,1500,1500,1500,1500,1500,1500,1500,1500,1500,1500,1500,1500,1500,7.4
2026-08-08,12:48:15.190,221.5,2.5,-87,-99,95,7,0,8,25,-85,88,8,12.2,0.0,0,0,-3,347,-1008,2,30,-1024,-3,-916,-31,-1,-1,-1,-1,-1,1,0,-1,0x0000000000000000,1511,1345,1532,1520,2012,1536,1521,1260,1701,988,1500,1500,1500,1500,1500,1500,1500,1500,1500,1500,1500,1500,1500,1500,1500,1500,1500,1500,1500,1500,1500,1500,7.4
2026-08-08,12:48:15.690,222.2,1.3,-76,-93,93,11,0,8,250,-85,100,7,12.2,0.0,0,0,-2,1,-1008,3,30,-1024,-3,-916,-31,-1,-1,-1,-1,-1,1,0,-1,0x0000000000000000,1511,1432,1533,1520,2012,1536,1521,1260,1701,988,1500,1500,1500,1500,1500,1500,1500,1500,1500,1500,1500,1500,1500,1500,1500,1500,1500,1500,1500,1500,1500,1500,7.4
2026-08-08,12:48:16.190,222.0,-0.4,-86,-100,98,9,0,8,25,-88,100,6,12.2,0.0,0,0,-2,0,-1008,2,30,-1024,-3,-916,-31,-1,-1,-1,-1,-1,1,0,-1,0x0000000000000000,1511,1433,1532,1520,2012,1536,1521,1260,1701,988,1500,1500,1500,1500,1500,1500,1500,1500,1500,1500,1500,1500,1500,1500,1500,1500,1500,1500,1500,1500,1500,1500,7.4
2026-08-08,12:48:16.690,221.6,-0.3,-84,-89,97,6,0,8,25,-84,100,10,12.2,0.0,0,0,-4,-1,-1009,2,30,-1024,-3,-916,-31,-1,-1,-1,-1,-1,1,0,-1,0x0000000000000000,1511,1433,1532,1520,2012,1536,1521,1260,1701,988,1500,1500,1500,1500,1500,1500,1500,1500,1500,1500,1500,1500,1500,1500,1500,1500,1500,1500,1500,1500,1500,1500,7.4
2026-08-08,12:48:17.190,222.3,1.0,-86,-98,95,10,0,8,25,-86,100,7,12.2,0.0,0,0,-2,2,-1009,122,30,-1024,-3,-916,-32,-1,-1,-1,-1,-1,1,0,-1,0x0000000000000000,1511,1432,1564,1539,2012,1572,1542,1260,1701,988,1500,1500,1500,1500,1500,1500,1500,1500,1500,1500,1500,1500,1500,1500,1500,1500,1500,1500,1500,1500,1500,1500,7.4
2026-08-08,12:48:17.690,222.4,0.6,-85,-98,100,9,0,8,100,-89,100,8,12.2,0.0,0,0,359,-2,-1010,674,29,-1024,-3,-916,-31,-1,-1,-1,-1,-1,1,0,-1,0x0000000000000000,1610,1433,1713,1630,2012,1736,1639,1260,1701,988,1500,1500,1500,1500,1500,1500,1500,1500,1500,1500,1500,1500,1500,1500,1500,1500,1500,1500,1500,1500,1500,1500,7.4
2026-08-08,12:48:18.190,221.5,-1.8,-83,-85,98,8,0,8,50,-86,100,8,12.2,0.0,0,0,633,-414,-1011,729,29,-1024,-3,-916,-31,-1,-1,-1,-1,-1,1,0,-1,0x0000000000000000,1699,1550,1727,1638,2012,1752,1648,1260,1701,988,1500,1500,1500,1500,1500,1500,1500,1500,1500,1500,1500,1500,1500,1500,1500,1500,1500,1500,1500,1500,1500,1500,7.4
2026-08-08,12:48:18.690,221.2,-0.1,-83,-84,96,3,0,8,250,-90,100,6,12.2,0.0,0,0,416,-529,-1010,560,29,-1024,-3,-916,-31,-1,-1,-1,-1,-1,1,0,-1,0x0000000000000000,1627,1589,1682,1611,2012,1702,1619,1260,1701,988,1500,1500,1500,1500,1500,1500,1500,1500,1500,1500,1500,1500,1500,1500,1500,1500,1500,1500,1500,1500,1500,1500,7.4
2026-08-08,12:48:19.190,222.2,1.6,-86,-95,99,11,0,8,50,-88,100,7,12.2,0.0,0,0,293,-562,-1009,343,30,-1024,-3,-916,-32,-1,-1,-1,-1,-1,1,0,-1,0x0000000000000000,1591,1602,1624,1575,2012,1637,1581,1260,1701,988,1500,1500,1500,1500,1500,1500,1500,1500,1500,1500,1500,1500,1500,1500,1500,1500,1500,1500,1500,1500,1500,1500,7.4
2026-08-08,12:48:19.690,223.4,2.1,-80,-84,96,6,0,8,100,-91,100,9,12.2,0.0,0,0,-2,-622,-1009,-13,30,-1024,-3,-916,-31,-1,-1,-1,-1,-1,1,0,-1,0x0000000000000000,1511,1623,1528,1517,2012,1532,1519,1260,1701,988,1500,1500,1500,1500,1500,1500,1500,1500,1500,1500,1500,1500,1500,1500,1500,1500,1500,1500,1500,1500,1500,1500,7.4
2026-08-08,12:48:20.190,223.9,1.1,-96,-95,87,9,1,8,250,-92,84,3,12.2,0.0,0,0,410,-553,-1010,-139,30,-1024,-3,-916,-31,-1,-1,-1,-1,-1,1,0,-1,0x0000000000000000,1625,1598,1496,1497,2012,1495,1497,1260,1701,988,1500,1500,1500,1500,1500,1500,1500,1500,1500,1500,1500,1500,1500,1500,1500,1500,1500,1500,1500,1500,1500,1500,7.4
2026-08-08,12:48:20.690,224.2,0.7,-81,-95,98,0,1,8,250,-94,100,2,12.2,0.0,0,0,546,-465,-1010,-106,30,-1024,-3,-916,-32,-1,-1,-1,-1,-1,1,0,-1,0x0000000000000000,1669,1567,1504,1502,2012,1504,1502,1260,1701,988,1500,1500,1500,1500,1500,1500,1500,1500,1500,1500,1500,1500,1500,1500,1500,1500,1500,1500,1500,1500,1500,1500,7.4
2026-08-08,12:48:21.190,224.5,0.8,-86,-85,97,4,1,8,250,-92,96,6,12.2,0.0,0,0,550,-377,-1010,-202,30,-1024,-3,-916,-31,-1,-1,-1,-1,-1,1,0,-1,0x0000000000000000,1670,1538,1481,1488,2012,1476,1486,1260,1701,988,1500,1500,1500,1500,1500,1500,1500,1500,1500,1500,1500,1500,1500,1500,1500,1500,1500,1500,1500,1500,1500,1500,7.4
2026-08-08,12:48:21.690,224.8,0.5,-86,-87,99,3,1,8,250,-96,100,1,12.2,0.0,0,0,626,-347,-1010,-169,30,-1024,-3,-916,-32,-1,-1,-1,-1,-1,1,0,-1,0x0000000000000000,1697,1528,1489,1493,2012,1486,1492,1260,1701,988,1500,1500,1500,1500,1500,1500,1500,1500,1500,1500,1500,1500,1500,1500,1500,1500,1500,1500,1500,1500,1500,1500,7.4
2026-08-08,12:48:22.190,225.1,0.8,-86,-87,100,8,1,8,50,-94,100,5,12.2,0.0,0,0,618,-321,-1010,-127,30,-1024,-3,-916,-31,-1,-1,-1,-1,-1,1,0,-1,0x0000000000000000,1694,1520,1499,1499,2012,1498,1499,1260,1701,988,1500,1500,1500,1500,1500,1500,1500,1500,1500,1500,1500,1500,1500,1500,1500,1500,1500,1500,1500,1500,1500,1500,7.4
2026-08-08,12:48:22.690,225.5,0.7,-86,-86,100,6,1,8,250,-93,100,8,12.2,0.0,0,0,619,-239,-1010,-53,30,-1024,-3,-916,-31,-1,-1,-1,-1,-1,1,0,-1,0x0000000000000000,1694,1496,1518,1511,2012,1520,1512,1260,1701,988,1500,1500,1500,1500,1500,1500,1500,1500,1500,1500,1500,1500,1500,1500,1500,1500,1500,1500,1500,1500,1500,1500,7.4
2026-08-08,12:48:23.190,226.2,1.3,-86,-87,100,7,1,8,100,-91,88,6,12.2,0.0,0,0,624,-138,-1010,316,30,-1024,-3,-916,-32,-1,-1,-1,-1,-1,1,0,-1,0x0000000000000000,1696,1467,1617,1571,2012,1629,1576,1260,1701,988,1500,1500,1500,1500,1500,1500,1500,1500,1500,1500,1500,1500,1500,1500,1500,1500,1500,1500,1500,1500,1500,1500,7.4
2026-08-08,12:48:23.690,226.7,0.5,-79,-87,97,5,0,8,50,-87,96,7,12.2,0.0,0,0,628,-303,-1010,11,29,-1024,-3,-916,-32,-1,-1,-1,-1,-1,1,0,-1,0x0000000000000000,1697,1515,1535,1521,2012,1539,1523,1260,1701,988,1500,1500,1500,1500,1500,1500,1500,1500,1500,1500,1500,1500,1500,1500,1500,1500,1500,1500,1500,1500,1500,1500,7.4
2026-08-08,12:48:24.190,226.4,-0.3,-84,-88,92,9,0,8,250,-90,92,6,12.2,0.0,0,0,601,-359,-1009,-13,30,-1024,-3,-916,-31,-1,-1,-1,-1,-1,1,0,-1,0x0000000000000000,1688,1532,1528,1517,2012,1532,1519,1260,1701,988,1500,1500,1500,1500,1500,1500,1500,1500,1500,1500,1500,1500,1500,1500,1500,1500,1500,1500,1500,1500,1500,1500,7.4
2026-08-08,12:48:24.690,226.0,-0.8,-81,-88,99,8,0,8,10,-79,100,10,12.2,0.0,0,0,624,-392,-1010,31,30,-1024,-3,-916,-31,-1,-1,-1,-1,-1,1,0,-1,0x0000000000000000,1696,1543,1540,1524,2012,1545,1526,1260,1701,988,1500,1500,1500,1500,1500,1500,1500,1500,1500,1500,1500,1500,1500,1500,1500,1500,1500,1500,1500,1500,1500,1500,7.4
2026-08-08,12:48:25.190,225.7,-0.4,-84,-88,98,9,0,8,10,-80,96,10,12.2,0.0,0,0,664,-427,-1010,306,30,-1024,-3,-916,-32,-1,-1,-1,-1,-1,1,0,-1,0x0000000000000000,1711,1554,1614,1569,2012,1626,1574,1260,1701,988,1500,1500,1500,1500,1500,1500,1500,1500,1500,1500,1500,1500,1500,1500,1500,1500,1500,1500,1500,1500,1500,1500,7.4
2026-08-08,12:48:25.690,226.0,0.5,-83,-88,100,3,0,8,50,-83,100,10,12.2,0.0,0,0,713,-450,-1010,239,30,-1024,-3,-916,-32,-1,-1,-1,-1,-1,1,0,-1,0x0000000000000000,1729,1562,1596,1558,2012,1606,1563,1260,1701,988,1500,1500,1500,1500,1500,1500,1500,1500,1500,1500,1500,1500,1500,1500,1500,1500,1500,1500,1500,1500,1500,1500,7.4
2026-08-08,12:48:26.190,226.2,0.0,-82,-90,99,6,0,8,100,-85,100,8,12.1,0.0,0,0,735,-515,-1010,147,30,-1024,-3,-916,-31,-1,-1,-1,-1,-1,1,0,-1,0x0000000000000000,1738,1584,1571,1543,2012,1579,1547,1260,1701,988,1500,1500,1500,1500,1500,1500,1500,1500,1500,1500,1500,1500,1500,1500,1500,1500,1500,1500,1500,1500,1500,1500,7.4
2026-08-08,12:48:26.690,226.0,-0.2,-83,-90,100,1,0,8,250,-82,100,8,12.1,0.0,0,0,721,-515,-1010,358,30,-1024,-3,-916,-32,-1,-1,-1,-1,-1,1,0,-1,0x0000000000000000,1732,1584,1628,1578,2012,1642,1584,1260,1701,988,1500,1500,1500,1500,1500,1500,1500,1500,1500,1500,1500,1500,1500,1500,1500,1500,1500,1500,1500,1500,1500,1500,7.4
2026-08-08,12:48:27.190,225.6,-0.6,-75,-88,94,11,0,8,250,-85,100,9,12.2,0.0,0,0,753,-621,-1010,-98,30,-1024,-3,-916,-31,-1,-1,-1,-1,-1,1,0,-1,0x0000000000000000,1745,1623,1505,1503,2012,1506,1504,1260,1701,988,1500,1500,1500,1500,1500,1500,1500,1500,1500,1500,1500,1500,1500,1500,1500,1500,1500,1500,1500,1500,1500,1500,7.4
2026-08-08,12:48:27.690,224.8,-1.4,-93,-87,98,11,1,8,100,-91,100,5,12.2,0.0,0,0,778,-458,-1010,-259,30,-1024,-3,-916,-31,-1,-1,-1,-1,-1,1,0,-1,0x0000000000000000,1755,1564,1468,1479,2012,1459,1476,1260,1701,988,1500,1500,1500,1500,1500,1500,1500,1500,1500,1500,1500,1500,1500,1500,1500,1500,1500,1500,1500,1500,1500,1500,7.4
2026-08-08,12:48:28.190,225.2,0.8,-82,-88,99,9,0,8,10,-85,100,10,12.2,0.0,0,0,866,-362,-1010,-198,30,-1024,-3,-916,-31,-1,-1,-1,-1,-1,1,0,-1,0x0000000000000000,1793,1533,1482,1488,2012,1477,1486,1260,1701,988,1500,1500,1500,1500,1500,1500,1500,1500,1500,1500,1500,1500,1500,1500,1500,1500,1500,1500,1500,1500,1500,1500,7.4
2026-08-08,12:48:28.690,226.3,2.3,-88,-97,98,9,0,8,10,-82,100,9,12.2,0.0,0,0,812,-295,-1010,-151,30,-1024,-3,-916,-31,-1,-1,-1,-1,-1,1,0,-1,0x0000000000000000,1770,1512,1493,1496,2012,1491,1495,1260,1701,988,1500,1500,1500,1500,1500,1500,1500,1500,1500,1500,1500,1500,1500,1500,1500,1500,1500,1500,1500,1500,1500,1500,7.4
2026-08-08,12:48:29.190,227.8,2.7,-88,-99,94,9,0,8,250,-88,100,8,12.2,0.0,0,0,754,-186,-1010,-206,30,-1024,-3,-916,-31,-1,-1,-1,-1,-1,1,0,-1,0x0000000000000000,1746,1481,1480,1487,2012,1474,1485,1260,1701,988,1500,1500,1500,1500,1500,1500,1500,1500,1500,1500,1500,1500,1500,1500,1500,1500,1500,1500,1500,1500,1500,1500,7.4
2026-08-08,12:48:29.690,229.2,2.2,-84,-99,99,5,0,8,50,-80,100,9,12.2,0.0,0,0,745,-183,-1010,-171,30,-1024,-3,-916,-31,-1,-1,-1,-1,-1,1,0,-1,0x0000000000000000,1742,1480,1488,1493,2012,1485,1491,1260,1701,988,1500,1500,1500,1500,1500,1500,1500,1500,1500,1500,1500,1500,1500,1500,1500,1500,1500,1500,1500,1500,1500,1500,7.4
2026-08-08,12:48:30.190,229.7,1.1,-81,-99,100,8,0,8,10,-80,100,10,12.2,0.0,0,0,767,-184,-1010,-167,30,-1024,-3,-916,-31,-1,-1,-1,-1,-1,1,0,-1,0x0000000000000000,1751,1480,1489,1493,2012,1486,1492,1260,1701,988,1500,1500,1500,1500,1500,1500,1500,1500,1500,1500,1500,1500,1500,1500,1500,1500,1500,1500,1500,1500,1500,1500,7.4
2026-08-08,12:48:30.690,229.5,-0.1,-81,-99,94,11,0,8,100,-77,100,10,12.2,0.0,0,0,887,-263,-1010,-32,30,-1024,-3,-916,-32,-1,-1,-1,-1,-1,1,0,-1,0x0000000000000000,1803,1503,1523,1514,2012,1526,1515,1260,1701,988,1500,1500,1500,1500,1500,1500,1500,1500,1500,1500,1500,1500,1500,1500,1500,1500,1500,1500,1500,1500,1500,1500,7.4
2026-08-08,12:48:31.190,228.4,-1.8,-79,-99,100,10,0,8,10,-79,100,9,12.2,0.0,0,0,834,-388,-1010,338,29,-1024,-3,-916,-31,-1,-1,-1,-1,-1,1,0,-1,0x0000000000000000,1779,1542,1623,1575,2012,1636,1580,1260,1701,988,1500,1500,1500,1500,1500,1500,1500,1500,1500,1500,1500,1500,1500,1500,1500,1500,1500,1500,1500,1500,1500,1500,7.4
2026-08-08,12:48:31.690,227.4,-1.9,-83,-96,100,7,0,8,25,-87,100,8,12.2,0.0,0,0,862,-532,-1010,278,29,-1024,-3,-916,-32,-1,-1,-1,-1,-1,1,0,-1,0x0000000000000000,1791,1590,1607,1565,2012,1618,1570,1260,1701,988,1500,1500,1500,1500,1500,1500,1500,1500,1500,1500,1500,1500,1500,1500,1500,1500,1500,1500,1500,1500,1500,1500,7.4
2026-08-08,12:48:32.190,226.6,-1.3,-86,-83,100,4,1,8,250,-90,100,5,12.2,0.0,0,0,916,-618,-1010,27,30,-1024,-3,-916,-31,-1,-1,-1,-1,-1,1,0,-1,0x0000000000000000,1816,1621,1537,1522,2012,1541,1524,1260,1701,988,1500,1500,1500,1500,1500,1500,1500,1500,1500,1500,1500,1500,1500,1500,1500,1500,1500,1500,1500,1500,1500,1500,7.4
2026-08-08,12:48:32.690,227.2,1.4,-82,-87,100,6,0,8,250,-94,100,3,12.2,0.0,0,0,931,-479,-1010,-160,30,-1024,-3,-916,-31,-1,-1,-1,-1,-1,1,0,-1,0x0000000000000000,1824,1572,1491,1494,2012,1488,1493,1260,1701,988,1500,1500,1500,1500,1500,1500,1500,1500,1500,1500,1500,1500,1500,1500,1500,1500,1500,1500,1500,1500,1500,1500,7.4
2026-08-08,12:48:33.190,228.8,2.7,-86,-92,99,8,0,8,250,-92,100,7,12.2,0.0,0,0,946,-395,-1010,-248,30,-1024,-3,-916,-31,-1,-1,-1,-1,-1,1,0,-1,0x0000000000000000,1831,1544,1470,1481,2012,1462,1478,1260,1701,988,1500,1500,1500,1500,1500,1500,1500,1500,1500,1500,1500,1500,1500,1500,1500,1500,1500,1500,1500,1500,1500,1500,7.4
2026-08-08,12:48:33.690,230.0,2.5,-94,-89,99,8,1,8,50,-92,88,0,12.2,0.0,0,0,932,-372,-1010,-187,30,-1024,-3,-916,-31,-1,-1,-1,-1,-1,1,0,-1,0x0000000000000000,1824,1536,1485,1490,2012,1480,1488,1260,1701,988,1500,1500,1500,1500,1500,1500,1500,1500,1500,1500,1500,1500,1500,1500,1500,1500,1500,1500,1500,1500,1500,1500,7.4
2026-08-08,12:48:34.190,230.5,1.1,-84,-89,99,11,0,8,10,-83,96,9,12.2,0.0,0,0,923,-385,-1011,-173,30,-1024,-3,-916,-31,-1,-1,-1,-1,-1,1,0,-1,0x0000000000000000,1820,1540,1488,1493,2012,1485,1491,1260,1701,988,1500,1500,1500,1500,1500,1500,1500,1500,1500,1500,1500,1500,1500,1500,1500,1500,1500,1500,1500,1500,1500,1500,7.4
2026-08-08,12:48:34.690,230.5,0.0,-84,-89,100,8,0,8,250,-85,100,10,12.2,0.0,0,0,830,-314,-1010,-259,30,-1024,-3,-916,-31,-1,-1,-1,-1,-1,1,0,-1,0x0000000000000000,1777,1518,1468,1479,2012,1459,1476,1260,1701,988,1500,1500,1500,1500,1500,1500,1500,1500,1500,1500,1500,1500,1500,1500,1500,1500,1500,1500,1500,1500,1500,1500,7.4
2026-08-08,12:48:35.190,230.3,-0.2,-83,-97,98,4,0,8,50,-82,100,9,12.2,0.0,0,0,846,-290,-1011,-252,30,-1024,-3,-916,-31,-1,-1,-1,-1,-1,1,0,-1,0x0000000000000000,1784,1511,1469,1481,2012,1461,1477,1260,1701,988,1500,1500,1500,1500,1500,1500,1500,1500,1500,1500,1500,1500,1500,1500,1500,1500,1500,1500,1500,1500,1500,1500,7.4
2026-08-08,12:48:35.690,229.9,-0.8,-83,-96,98,9,0,8,10,-79,100,10,12.2,0.0,0,0,825,-320,-1010,-237,30,-1024,-3,-916,-31,-1,-1,-1,-1,-1,1,0,-1,0x0000000000000000,1775,1520,1473,1483,2012,1465,1480,1260,1701,988,1500,1500,1500,1500,1500,1500,1500,1500,1500,1500,1500,1500,1500,1500,1500,1500,1500,1500,1500,1500,1500,1500,7.4
2026-08-08,12:48:36.190,230.1,0.2,-84,-96,100,10,0,8,25,-82,96,9,12.2,0.0,0,0,861,-315,-1010,-114,30,-1024,-3,-916,-31,-1,-1,-1,-1,-1,1,0,-1,0x0000000000000000,1791,1519,1502,1501,2012,1502,1501,1260,1701,988,1500,1500,1500,1500,1500,1500,1500,1500,1500,1500,1500,1500,1500,1500,1500,1500,1500,1500,1500,1500,1500,1500,7.4
2026-08-08,12:48:36.690,230.9,1.5,-85,-96,100,9,0,8,25,-87,100,2,12.2,0.0,0,0,834,-340,-1010,196,30,-1024,-3,-916,-31,-1,-1,-1,-1,-1,1,0,-1,0x0000000000000000,1779,1526,1585,1552,2012,1594,1555,1260,1701,988,1500,1500,1500,1500,1500,1500,1500,1500,1500,1500,1500,1500,1500,1500,1500,1500,1500,1500,1500,1500,1500,1500,7.4
2026-08-08,12:48:37.190,231.7,1.5,-79,-84,98,4,0,8,100,-87,100,7,12.2,0.0,0,0,863,-438,-1010,237,30,-1024,-3,-916,-31,-1,-1,-1,-1,-1,1,0,-1,0x0000000000000000,1792,1558,1595,1558,2012,1606,1562,1260,1701,988,1500,1500,1500,1500,1500,1500,1500,1500,1500,1500,1500,1500,1500,1500,1500,1500,1500,1500,1500,1500,1500,1500,7.4
2026-08-08,12:48:37.690,231.9,0.2,-83,-95,93,0,0,8,250,-97,92,0,12.2,0.0,0,0,881,-559,-1010,55,30,-1024,-3,-916,-31,-1,-1,-1,-1,-1,1,0,-1,0x0000000000000000,1800,1600,1547,1528,2012,1552,1531,1260,1701,988,1500,1500,1500,1500,1500,1500,1500,1500,1500,1500,1500,1500,1500,1500,1500,1500,1500,1500,1500,1500,1500,1500,7.4
2026-08-08,12:48:38.190,231.8,-0.1,-96,-84,99,0,1,8,250,-95,100,2,12.2,0.0,0,0,913,-492,-1011,-153,30,-1024,-3,-916,-31,-1,-1,-1,-1,-1,1,0,-1,0x0000000000000000,1816,1576,1493,1495,2012,1490,1494,1260,1701,988,1500,1500,1500,1500,1500,1500,1500,1500,1500,1500,1500,1500,1500,1500,1500,1500,1500,1500,1500,1500,1500,1500,7.4
2026-08-08,12:48:38.690,231.1,-1.2,-96,-87,100,5,0,8,50,-88,100,8,12.2,0.0,0,0,933,-470,-1010,-94,30,-1024,-3,-916,-31,-1,-1,-1,-1,-1,1,0,-1,0x0000000000000000,1824,1568,1507,1504,2012,1507,1504,1260,1701,988,1500,1500,1500,1500,1500,1500,1500,1500,1500,1500,1500,1500,1500,1500,1500,1500,1500,1500,1500,1500,1500,1500,7.4
2026-08-08,12:48:39.190,231.6,0.5,-84,-91,97,8,0,8,250,-90,100,8,12.2,0.0,0,0,930,-416,-1010,-70,30,-1024,-3,-916,-31,-1,-1,-1,-1,-1,1,0,-1,0x0000000000000000,1823,1550,1513,1508,2012,1515,1509,1260,1701,988,1500,1500,1500,1500,1500,1500,1500,1500,1500,1500,1500,1500,1500,1500,1500,1500,1500,1500,1500,1500,1500,1500,7.4
2026-08-08,12:48:39.690,232.1,0.7,-84,-91,100,11,0,8,100,-89,96,6,12.2,0.0,0,0,973,-449,-1010,-63,30,-1024,-3,-916,-32,-1,-1,-1,-1,-1,1,0,-1,0x0000000000000000,1844,1562,1515,1509,2012,1517,1510,1260,1701,988,1500,1500,1500,1500,1500,1500,1500,1500,1500,1500,1500,1500,1500,1500,1500,1500,1500,1500,1500,1500,1500,1500,7.4
2026-08-08,12:48:40.190,232.8,1.3,-85,-91,96,10,0,8,10,-81,100,9,12.2,0.0,0,0,722,-437,-1010,-396,30,-1024,-3,-916,-32,-1,-1,-1,-1,-1,1,0,-1,0x0000000000000000,1733,1558,1436,1459,2012,1417,1452,1260,1701,988,1500,1500,1500,1500,1500,1500,1500,1500,1500,1500,1500,1500,1500,1500,1500,1500,1500,1500,1500,1500,1500,1500,7.4
2026-08-08,12:48:40.690,233.9,2.0,-74,-93,99,7,0,8,50,-90,96,6,12.2,0.0,0,0,771,-386,-1010,-316,30,-1024,-3,-916,-31,-1,-1,-1,-1,-1,1,0,-1,0x0000000000000000,1753,1541,1454,1471,2012,1441,1466,1260,1701,988,1500,1500,1500,1500,1500,1500,1500,1500,1500,1500,1500,1500,1500,1500,1500,1500,1500,1500,1500,1500,1500,1500,7.4
2026-08-08,12:48:41.190,234.4,1.2,-83,-89,98,8,0,8,10,-81,100,9,12.2,0.0,0,0,839,-400,-1010,-266,30,-1024,-3,-916,-31,-1,-1,-1,-1,-1,1,0,-1,0x0000000000000000,1781,1546,1466,1478,2012,1456,1475,1260,1701,988,1500,1500,1500,1500,1500,1500,1500,1500,1500,1500,1500,1500,1500,1500,1500,1500,1500,1500,1500,1500,1500,1500,7.4
2026-08-08,12:48:41.690,234.9,1.1,-84,-95,98,6,0,8,10,-83,100,9,12.2,0.0,0,0,832,-326,-1011,283,30,-1024,-3,-916,-31,-1,-1,-1,-1,-1,1,0,-1,0x0000000000000000,1778,1522,1608,1566,2012,1620,1570,1260,1701,988,1500,1500,1500,1500,1500,1500,1500,1500,1500,1500,1500,1500,1500,1500,1500,1500,1500,1500,1500,1500,1500,1500,7.4
2026-08-08,12:48:42.190,235.2,0.2,-79,-98,97,4,0,8,25,-82,100,10,12.2,0.0,0,0,832,-559,-1010,154,30,-1024,-3,-916,-31,-1,-1,-1,-1,-1,1,0,-1,0x0000000000000000,1778,1600,1573,1545,2012,1581,1548,1260,1701,988,1500,1500,1500,1500,1500,1500,1500,1500,1500,1500,1500,1500,1500,1500,1500,1500,1500,1500,1500,1500,1500,1500,7.4
2026-08-08,12:48:42.690,234.1,-1.9,-76,-98,92,11,0,8,100,-78,100,9,12.1,0.0,0,0,861,-625,-1010,-98,30,-1024,-3,-916,-31,-1,-1,-1,-1,-1,1,0,-1,0x0000000000000000,1791,1625,1505,1503,2012,1506,1504,1260,1701,988,1500,1500,1500,1500,1500,1500,1500,1500,1500,1500,1500,1500,1500,1500,1500,1500,1500,1500,1500,1500,1500,1500,7.4
2026-08-08,12:48:43.190,232.6,-2.7,-75,-93,100,4,0,8,250,-89,100,3,12.1,0.0,0,0,935,-612,-1011,-44,30,-1024,-3,-916,-31,-1,-1,-1,-1,-1,1,0,-1,0x0000000000000000,1825,1620,1520,1512,2012,1522,1513,1260,1701,988,1500,1500,1500,1500,1500,1500,1500,1500,1500,1500,1500,1500,1500,1500,1500,1500,1500,1500,1500,1500,1500,1500,7.4
2026-08-08,12:48:43.690,233.0,0.5,-82,-84,98,5,0,8,250,-92,100,6,12.2,0.0,0,0,856,-525,-1010,-103,30,-1024,-3,-916,-31,-1,-1,-1,-1,-1,1,0,-1,0x0000000000000000,1789,1588,1504,1503,2012,1505,1503,1260,1701,988,1500,1500,1500,1500,1500,1500,1500,1500,1500,1500,1500,1500,1500,1500,1500,1500,1500,1500,1500,1500,1500,1500,7.4
2026-08-08,12:48:44.190,235.0,3.9,-84,-84,99,8,0,8,50,-85,100,7,12.2,0.0,0,0,783,-418,-1010,-83,30,-1024,-3,-916,-31,-1,-1,-1,-1,-1,1,0,-1,0x0000000000000000,1757,1551,1510,1506,2012,1511,1507,1260,1701,988,1500,1500,1500,1500,1500,1500,1500,1500,1500,1500,1500,1500,1500,1500,1500,1500,1500,1500,1500,1500,1500,1500,7.4
2026-08-08,12:48:44.690,236.8,3.0,-93,-86,96,7,1,8,50,-92,100,5,12.2,0.0,0,0,792,-375,-1010,-83,30,-1024,-3,-916,-31,-1,-1,-1,-1,-1,1,0,-1,0x0000000000000000,1761,1537,1510,1506,2012,1511,1506,1260,1701,988,1500,1500,1500,1500,1500,1500,1500,1500,1500,1500,1500,1500,1500,1500,1500,1500,1500,1500,1500,1500,1500,1500,7.4
2026-08-08,12:48:45.190,237.3,1.1,-81,-99,98,10,0,8,100,-91,96,5,12.2,0.0,0,0,766,-413,-1011,-111,30,-1024,-3,-916,-31,-1,-1,-1,-1,-1,1,0,-1,0x0000000000000000,1750,1550,1502,1501,2012,1502,1501,1260,1701,988,1500,1500,1500,1500,1500,1500,1500,1500,1500,1500,1500,1500,1500,1500,1500,1500,1500,1500,1500,1500,1500,1500,7.4
2026-08-08,12:48:45.690,236.4,-1.2,-83,-93,94,12,0,8,250,-97,96,0,12.2,0.0,0,0,505,-417,-1010,-259,30,-1024,-3,-916,-32,-1,-1,-1,-1,-1,1,0,-1,0x0000000000000000,1655,1551,1468,1479,2012,1459,1476,1260,1701,988,1500,1500,1500,1500,1500,1500,1500,1500,1500,1500,1500,1500,1500,1500,1500,1500,1500,1500,1500,1500,1500,1500,7.4
2026-08-08,12:48:46.190,235.0,-2.4,-86,-95,95,4,0,8,25,-87,100,7,12.2,0.0,0,0,289,-292,-1010,-157,30,-1024,-3,-916,-31,-1,-1,-1,-1,-1,1,0,-1,0x0000000000000000,1589,1511,1494,1496,2012,1493,1496,1260,1701,988,1500,1500,1500,1500,1500,1500,1500,1500,1500,1500,1500,1500,1500,1500,1500,1500,1500,1500,1500,1500,1500,1500,7.4
2026-08-08,12:48:46.690,233.9,-2.0,-85,-98,98,8,0,8,50,-81,96,0,12.2,0.0,0,0,129,-147,-1010,-232,30,-1024,-3,-916,-31,-1,-1,-1,-1,-1,1,0,-1,0x0000000000000000,1546,1470,1474,1484,2012,1467,1481,1260,1701,988,1500,1500,1500,1500,1500,1500,1500,1500,1500,1500,1500,1500,1500,1500,1500,1500,1500,1500,1500,1500,1500,1500,7.4
2026-08-08,12:48:47.190,233.5,-0.9,-84,-98,100,8,0,8,25,-85,96,7,12.2,0.0,0,0,-1,-429,-1010,21,30,-1024,-3,-916,-31,-1,-1,-1,-1,-1,1,0,-1,0x0000000000000000,1511,1555,1538,1523,2012,1542,1525,1260,1701,988,1500,1500,1500,1500,1500,1500,1500,1500,1500,1500,1500,1500,1500,1500,1500,1500,1500,1500,1500,1500,1500,1500,7.4
2026-08-08,12:48:47.690,234.2,1.3,-85,-98,100,0,0,8,250,-87,100,5,12.2,0.0,0,0,0,-63,-1011,170,30,-1024,-3,-916,-31,-1,-1,-1,-1,-1,1,0,-1,0x0000000000000000,1512,1448,1577,1547,2012,1586,1551,1260,1701,988,1500,1500,1500,1500,1500,1500,1500,1500,1500,1500,1500,1500,1500,1500,1500,1500,1500,1500,1500,1500,1500,1500,7.4
2026-08-08,12:48:48.190,235.3,1.6,-86,-98,100,7,0,8,100,-89,100,6,12.2,0.0,0,0,92,-195,-1011,398,30,-1024,-3,-916,-31,-1,-1,-1,-1,-1,1,0,-1,0x0000000000000000,1536,1484,1639,1584,2012,1654,1591,1260,1701,988,1500,1500,1500,1500,1500,1500,1500,1500,1500,1500,1500,1500,1500,1500,1500,1500,1500,1500,1500,1500,1500,1500,7.4
2026-08-08,12:48:48.690,235.5,0.6,-83,-98,100,10,0,8,50,-87,96,6,12.2,0.0,0,0,407,-356,-1011,210,30,-1024,-3,-916,-31,-1,-1,-1,-1,-1,1,0,-1,0x0000000000000000,1624,1532,1588,1554,2012,1598,1558,1260,1701,988,1500,1500,1500,1500,1500,1500,1500,1500,1500,1500,1500,1500,1500,1500,1500,1500,1500,1500,1500,1500,1500,1500,7.4
2026-08-08,12:48:49.190,235.6,0.0,-86,-98,96,9,0,8,50,-86,100,7,12.2,0.0,0,0,372,-418,-1011,266,29,-1024,-3,-916,-31,-1,-1,-1,-1,-1,1,0,-1,0x0000000000000000,1614,1551,1603,1563,2012,1614,1567,1260,1701,988,1500,1500,1500,1500,1500,1500,1500,1500,1500,1500,1500,1500,1500,1500,1500,1500,1500,1500,1500,1500,1500,1500,7.4
2026-08-08,12:48:49.690,235.0,-1.1,-80,-91,99,9,0,8,50,-84,100,9,12.2,0.0,0,0,395,-626,-1011,199,30,-1024,-3,-916,-31,-1,-1,-1,-1,-1,1,0,-1,0x0000000000000000,1621,1625,1585,1552,2012,1594,1556,1260,1701,988,1500,1500,1500,1500,1500,1500,1500,1500,1500,1500,1500,1500,1500,1500,1500,1500,1500,1500,1500,1500,1500,1500,7.4
2026-08-08,12:48:50.190,233.7,-2.3,-92,-87,99,8,1,8,100,-93,92,2,12.2,0.0,0,0,453,-718,-1011,202,29,-1024,-3,-916,-31,-1,-1,-1,-1,-1,1,0,-1,0x0000000000000000,1638,1662,1586,1552,2012,1595,1556,1260,1701,988,1500,1500,1500,1500,1500,1500,1500,1500,1500,1500,1500,1500,1500,1500,1500,1500,1500,1500,1500,1500,1500,1500,7.4
2026-08-08,12:48:50.690,233.1,-1.2,-82,-87,99,11,0,8,25,-88,100,7,12.2,0.0,0,0,519,-623,-1011,-156,30,-1024,-3,-916,-31,-1,-1,-1,-1,-1,1,0,-1,0x0000000000000000,1660,1624,1492,1495,2012,1489,1494,1260,1701,988,1500,1500,1500,1500,1500,1500,1500,1500,1500,1500,1500,1500,1500,1500,1500,1500,1500,1500,1500,1500,1500,1500,7.4
2026-08-08,12:48:51.190,234.2,1.5,-84,-89,97,7,0,8,250,-88,100,6,12.2,0.0,0,0,532,-487,-1011,-363,30,-1024,-3,-916,-31,-1,-1,-1,-1,-1,1,0,-1,0x0000000000000000,1664,1574,1443,1464,2012,1427,1458,1260,1701,988,1500,1500,1500,1500,1500,1500,1500,1500,1500,1500,1500,1500,1500,1500,1500,1500,1500,1500,1500,1500,1500,1500,7.4
2026-08-08,12:48:51.690,234.9,1.6,-81,-83,97,8,0,8,50,-88,100,6,12.2,0.0,0,0,509,-415,-1011,-350,30,-1024,-3,-916,-31,-1,-1,-1,-1,-1,1,0,-1,0x0000000000000000,1656,1550,1446,1466,2012,1431,1460,1260,1701,988,1500,1500,1500,1500,1500,1500,1500,1500,1500,1500,1500,1500,1500,1500,1500,1500,1500,1500,1500,1500,1500,1500,7.4
2026-08-08,12:48:52.190,235.3,0.9,-81,-84,98,9,0,8,25,-86,100,8,12.2,0.0,0,0,543,-424,-1011,-423,30,-1024,-3,-916,-31,-1,-1,-1,-1,-1,1,0,-1,0x0000000000000000,1668,1553,1429,1455,2012,1409,1447,1260,1701,988,1500,1500,1500,1500,1500,1500,1500,1500,1500,1500,1500,1500,1500,1500,1500,1500,1500,1500,1500,1500,1500,1500,7.4
2026-08-08,12:48:52.690,236.4,1.7,-85,-84,100,5,0,8,25,-88,100,7,12.2,0.0,0,0,645,-352,-1011,-346,30,-1024,-3,-916,-32,-1,-1,-1,-1,-1,1,0,-1,0x0000000000000000,1704,1530,1447,1466,2012,1432,1461,1260,1701,988,1500,1500,1500,1500,1500,1500,1500,1500,1500,1500,1500,1500,1500,1500,1500,1500,1500,1500,1500,1500,1500,1500,7.4
2026-08-08,12:48:53.190,237.7,2.5,-83,-101,95,9,0,8,10,-82,100,10,12.2,0.0,0,0,634,-238,-1011,-345,30,-1024,-3,-916,-31,-1,-1,-1,-1,-1,1,0,-1,0x0000000000000000,1699,1496,1447,1466,2012,1432,1461,1260,1701,988,1500,1500,1500,1500,1500,1500,1500,1500,1500,1500,1500,1500,1500,1500,1500,1500,1500,1500,1500,1500,1500,1500,7.4
2026-08-08,12:48:53.690,238.5,1.6,-85,-101,100,7,0,8,25,-86,96,8,12.2,0.0,0,0,630,-230,-1011,-351,30,-1024,-3,-916,-31,-1,-1,-1,-1,-1,1,0,-1,0x0000000000000000,1698,1494,1446,1466,2012,1431,1460,1260,1701,988,1500,1500,1500,1500,1500,1500,1500,1500,1500,1500,1500,1500,1500,1500,1500,1500,1500,1500,1500,1500,1500,1500,7.4
2026-08-08,12:48:54.190,238.6,0.0,-81,-90,98,6,0,8,25,-81,100,10,12.2,0.0,0,0,627,-232,-1011,-338,30,-1024,-3,-916,-31,-1,-1,-1,-1,-1,1,0,-1,0x0000000000000000,1697,1494,1449,1467,2012,1434,1462,1260,1701,988,1500,1500,1500,1500,1500,1500,1500,1500,1500,1500,1500,1500,1500,1500,1500,1500,1500,1500,1500,1500,1500,1500,7.4
2026-08-08,12:48:54.690,237.5,-2.2,-82,-90,100,7,0,8,10,-80,100,11,12.2,0.0,0,0,622,-258,-1011,-290,30,-1024,-3,-916,-31,-1,-1,-1,-1,-1,1,0,-1,0x0000000000000000,1695,1502,1460,1475,2012,1449,1470,1260,1701,988,1500,1500,1500,1500,1500,1500,1500,1500,1500,1500,1500,1500,1500,1500,1500,1500,1500,1500,1500,1500,1500,1500,7.4
2026-08-08,12:48:55.190,236.2,-2.3,-83,-90,100,8,0,8,10,-79,100,10,12.2,0.0,0,0,92,-165,-1011,226,29,-1024,-3,-916,-31,-1,-1,-1,-1,-1,1,0,-1,0x0000000000000000,1536,1475,1592,1556,2012,1603,1560,1260,1701,988,1500,1500,1500,1500,1500,1500,1500,1500,1500,1500,1500,1500,1500,1500,1500,1500,1500,1500,1500,1500,1500,1500,7.4
2026-08-08,12:48:55.690,235.7,-1.0,-82,-90,100,0,0,8,100,-83,96,9,12.2,0.0,0,0,-1,-190,-1010,159,29,-1024,-3,-916,-31,-1,-1,-1,-1,-1,1,0,-1,0x0000000000000000,1511,1482,1574,1545,2012,1583,1549,1260,1701,988,1500,1500,1500,1500,1500,1500,1500,1500,1500,1500,1500,1500,1500,1500,1500,1500,1500,1500,1500,1500,1500,1500,7.4
2026-08-08,12:48:56.190,234.6,-2.0,-81,-84,99,8,0,8,25,-79,100,10,12.2,0.0,0,0,-1,-308,-1010,1,30,-1024,-3,-916,-32,-1,-1,-1,-1,-1,1,0,-1,0x0000000000000000,1511,1516,1532,1520,2012,1536,1521,1260,1701,988,1500,1500,1500,1500,1500,1500,1500,1500,1500,1500,1500,1500,1500,1500,1500,1500,1500,1500,1500,1500,1500,1500,7.4
2026-08-08,12:48:56.690,234.8,0.5,-83,-94,99,6,0,8,25,-84,100,9,12.2,0.0,0,0,-1,0,-1010,-467,30,-1024,-3,-916,-31,-1,-1,-1,-1,-1,1,0,-1,0x0000000000000000,1511,1433,1419,1448,2012,1396,1439,1260,1701,988,1500,1500,1500,1500,1500,1500,1500,1500,1500,1500,1500,1500,1500,1500,1500,1500,1500,1500,1500,1500,1500,1500,7.4
2026-08-08,12:48:57.190,236.5,2.2,-83,-94,100,9,0,8,10,-79,100,9,12.2,0.0,0,0,-2,4,-1010,-713,30,-1024,-3,-916,-31,-1,-1,-1,-1,-1,1,0,-1,0x0000000000000000,1511,1432,1361,1411,2012,1321,1396,1260,1701,988,1500,1500,1500,1500,1500,1500,1500,1500,1500,1500,1500,1500,1500,1500,1500,1500,1500,1500,1500,1500,1500,1500,7.4
2026-08-08,12:48:57.690,238.6,3.7,-70,-88,99,8,0,8,10,-79,100,10,12.2,0.0,0,0,-2,-1,-1010,1,30,-1024,-3,-916,-32,-1,-1,-1,-1,-1,1,0,-1,0x0000000000000000,1511,1433,1532,1520,2012,1536,1521,1260,1701,988,1500,1500,1500,1500,1500,1500,1500,1500,1500,1500,1500,1500,1500,1500,1500,1500,1500,1500,1500,1500,1500,1500,7.4
2026-08-08,12:48:58.190,240.5,3.9,-83,-93,99,8,0,8,10,-76,100,10,12.2,0.0,0,0,-1,403,-1010,3,30,-1024,-3,-916,-31,-1,-1,-1,-1,-1,1,0,-1,0x0000000000000000,1511,1329,1533,1520,2012,1536,1521,1260,1701,988,1500,1500,1500,1500,1500,1500,1500,1500,1500,1500,1500,1500,1500,1500,1500,1500,1500,1500,1500,1500,1500,1500,7.4
2026-08-08,12:48:58.690,241.5,1.8,-82,-93,100,7,0,8,10,-76,100,9,12.2,0.0,0,0,-2,163,-1010,2,30,-1024,-3,-916,-31,-1,-1,-1,-1,-1,1,0,-1,0x0000000000000000,1511,1393,1532,1520,2012,1536,1521,1260,1701,988,1500,1500,1500,1500,1500,1500,1500,1500,1500,1500,1500,1500,1500,1500,1500,1500,1500,1500,1500,1500,1500,1500,7.4
2026-08-08,12:48:59.190,241.1,-0.6,-83,-93,100,9,0,8,10,-76,100,10,12.2,0.0,0,0,-2,-1,-1011,743,29,-1024,-3,-916,-31,-1,-1,-1,-1,-1,1,0,-1,0x0000000000000000,1511,1433,1731,1641,2012,1756,1651,1260,1701,988,1500,1500,1500,1500,1500,1500,1500,1500,1500,1500,1500,1500,1500,1500,1500,1500,1500,1500,1500,1500,1500,1500,7.4
2026-08-08,12:48:59.690,240.3,-1.4,-81,-93,100,10,0,8,10,-78,100,10,12.2,0.0,0,0,-2,-151,-1010,688,29,-1024,-3,-916,-31,-1,-1,-1,-1,-1,1,0,-1,0x0000000000000000,1511,1471,1716,1632,2012,1740,1641,1260,1701,988,1500,1500,1500,1500,1500,1500,1500,1500,1500,1500,1500,1500,1500,1500,1500,1500,1500,1500,1500,1500,1500,1500,7.4
2026-08-08,12:49:00.190,240.0,-0.6,-82,-93,100,8,0,8,10,-80,100,8,12.2,0.0,0,0,-2,-125,-1010,385,29,-1024,-3,-916,-31,-1,-1,-1,-1,-1,1,0,-1,0x0000000000000000,1511,1463,1635,1581,2012,1647,1586,1260,1701,988,1500,1500,1500,1500,1500,1500,1500,1500,1500,1500,1500,1500,1500,1500,1500,1500,1500,1500,1500,1500,1500,1500,7.4
2026-08-08,12:49:00.690,240.6,0.7,-83,-93,100,4,0,8,25,-81,100,9,12.2,0.0,0,0,-2,-5,-1010,627,30,-1024,-3,-916,-31,-1,-1,-1,-1,-1,1,0,-1,0x0000000000000000,1511,1434,1700,1622,2012,1722,1631,1260,1701,988,1500,1500,1500,1500,1500,1500,1500,1500,1500,1500,1500,1500,1500,1500,1500,1500,1500,1500,1500,1500,1500,1500,7.4
2026-08-08,12:49:01.190,241.4,1.0,-75,-93,99,4,0,8,100,-89,100,2,12.2,0.0,0,0,-1,-1,-1011,583,29,-1024,-3,-916,-32,-1,-1,-1,-1,-1,1,0,-1,0x0000000000000000,1511,1433,1688,1615,2012,1709,1623,1260,1701,988,1500,1500,1500,1500,1500,1500,1500,1500,1500,1500,1500,1500,1500,1500,1500,1500,1500,1500,1500,1500,1500,1500,7.4
2026-08-08,12:49:01.690,241.7,0.7,-78,-94,97,6,0,8,250,-89,96,8,12.2,0.0,0,0,-2,-181,-1011,568,29,-1024,-3,-916,-32,-1,-1,-1,-1,-1,1,0,-1,0x0000000000000000,1511,1479,1684,1612,2012,1705,1620,1260,1701,988,1500,1500,1500,1500,1500,1500,1500,1500,1500,1500,1500,1500,1500,1500,1500,1500,1500,1500,1500,1500,1500,1500,7.4
2026-08-08,12:49:02.190,242.2,0.8,-83,-99,90,9,0,8,250,-90,84,6,12.2,0.0,0,0,-1,-1,-1011,2,30,-1024,-3,-916,-31,-1,-1,-1,-1,-1,1,0,-1,0x0000000000000000,1511,1433,1532,1520,2012,1536,1521,1260,1701,988,1500,1500,1500,1500,1500,1500,1500,1500,1500,1500,1500,1500,1500,1500,1500,1500,1500,1500,1500,1500,1500,1500,7.4
2026-08-08,12:49:02.690,241.7,-0.8,-74,-92,96,5,0,8,250,-88,88,6,12.2,0.0,0,0,-1,1,-1011,-542,30,-1024,-3,-916,-31,-1,-1,-1,-1,-1,1,0,-1,0x0000000000000000,1511,1432,1401,1437,2012,1373,1426,1260,1701,988,1500,1500,1500,1500,1500,1500,1500,1500,1500,1500,1500,1500,1500,1500,1500,1500,1500,1500,1500,1500,1500,1500,7.4
2026-08-08,12:49:03.190,240.9,-1.9,-86,-96,96,7,0,8,25,-87,100,2,12.2,0.0,0,0,-1,1,-1011,-584,30,-1024,-3,-916,-31,-1,-1,-1,-1,-1,1,0,-1,0x0000000000000000,1511,1432,1391,1430,2012,1360,1419,1260,1701,988,1500,1500,1500,1500,1500,1500,1500,1500,1500,1500,1500,1500,1500,1500,1500,1500,1500,1500,1500,1500,1500,1500,7.4
2026-08-08,12:49:03.690,239.8,-2.4,-81,-90,97,10,0,8,50,-84,100,10,12.2,0.0,0,0,-2,1,-1011,2,30,-1024,-3,-916,-31,-1,-1,-1,-1,-1,1,0,-1,0x0000000000000000,1511,1432,1532,1520,2012,1536,1521,1260,1701,988,1500,1500,1500,1500,1500,1500,1500,1500,1500,1500,1500,1500,1500,1500,1500,1500,1500,1500,1500,1500,1500,1500,7.4
2026-08-08,12:49:04.190,238.8,-1.8,-84,-90,99,10,0,8,10,-82,100,11,12.2,0.0,0,0,-1,-2,-1010,1,30,-1024,-3,-916,-31,-1,-1,-1,-1,-1,1,0,-1,0x0000000000000000,1511,1433,1532,1520,2012,1536,1521,1260,1701,988,1500,1500,1500,1500,1500,1500,1500,1500,1500,1500,1500,1500,1500,1500,1500,1500,1500,1500,1500,1500,1500,1500,7.4
2026-08-08,12:49:04.690,239.3,0.9,-82,-90,100,10,0,8,25,-84,100,8,12.2,0.0,0,0,-1,0,-1011,-432,30,-1024,-3,-916,-31,-1,-1,-1,-1,-1,1,0,-1,0x0000000000000000,1511,1433,1427,1454,2012,1406,1446,1260,1701,988,1500,1500,1500,1500,1500,1500,1500,1500,1500,1500,1500,1500,1500,1500,1500,1500,1500,1500,1500,1500,1500,1500,7.4
2026-08-08,12:49:05.190,239.0,-0.5,-81,-90,94,11,0,8,250,-80,100,9,12.2,0.0,0,0,-2,1,-1011,-513,30,-1024,-3,-916,-31,-1,-1,-1,-1,-1,1,0,-1,0x0000000000000000,1511,1432,1408,1441,2012,1382,1431,1260,1701,988,1500,1500,1500,1500,1500,1500,1500,1500,1500,1500,1500,1500,1500,1500,1500,1500,1500,1500,1500,1500,1500,1500,7.4
2026-08-08,12:49:05.690,239.3,-0.7,-80,-90,100,10,0,8,50,-83,100,10,12.2,0.0,0,0,-2,-328,-1011,-325,30,-1024,-3,-916,-31,-1,-1,-1,-1,-1,1,0,-1,0x0000000000000000,1511,1523,1452,1469,2012,1438,1464,1260,1701,988,1500,1500,1500,1500,1500,1500,1500,1500,1500,1500,1500,1500,1500,1500,1500,1500,1500,1500,1500,1500,1500,1500,7.4
2026-08-08,12:49:06.190,240.7,2.6,-86,-92,98,9,0,8,25,-81,100,7,12.2,0.0,0,0,-2,-125,-1011,-6,30,-1024,-3,-916,-31,-1,-1,-1,-1,-1,1,0,-1,0x0000000000000000,1511,1464,1530,1518,2012,1534,1520,1260,1701,988,1500,1500,1500,1500,1500,1500,1500,1500,1500,1500,1500,1500,1500,1500,1500,1500,1500,1500,1500,1500,1500,1500,7.4
2026-08-08,12:49:06.690,241.8,1.6,-84,-92,98,8,0,8,50,-83,100,10,12.2,0.0,0,0,-2,-197,-1011,-26,30,-1024,-3,-916,-31,-1,-1,-1,-1,-1,1,0,-1,0x0000000000000000,1511,1484,1525,1515,2012,1528,1516,1260,1701,988,1500,1500,1500,1500,1500,1500,1500,1500,1500,1500,1500,1500,1500,1500,1500,1500,1500,1500,1500,1500,1500,1500,7.4
2026-08-08,12:49:07.190,242.9,1.7,-91,-99,88,6,0,8,250,-95,60,3,12.2,0.0,0,0,-66,-357,-1011,-380,30,-1024,-3,-916,-31,-1,-1,-1,-1,-1,1,0,-1,0x0000000000000000,1495,1532,1439,1461,2012,1422,1455,1260,1701,988,1500,1500,1500,1500,1500,1500,1500,1500,1500,1500,1500,1500,1500,1500,1500,1500,1500,1500,1500,1500,1500,1500,7.4
2026-08-08,12:49:07.690,242.9,0.6,-80,-99,92,8,0,8,250,-90,100,7,12.2,0.0,0,0,-337,-423,-1013,-93,30,-1024,-3,-916,-31,-1,-1,-1,-1,-1,1,0,-1,0x0000000000000000,1421,1553,1507,1504,2012,1508,1505,1260,1701,988,1500,1500,1500,1500,1500,1500,1500,1500,1500,1500,1500,1500,1500,1500,1500,1500,1500,1500,1500,1500,1500,1500,7.4
2026-08-08,12:49:08.190,243.4,0.6,-88,-98,94,5,0,8,250,-89,100,8,12.2,0.0,0,0,-417,-461,-1013,130,30,-1024,-3,-916,-31,-1,-1,-1,-1,-1,1,0,-1,0x0000000000000000,1397,1565,1567,1541,2012,1574,1544,1260,1701,988,1500,1500,1500,1500,1500,1500,1500,1500,1500,1500,1500,1500,1500,1500,1500,1500,1500,1500,1500,1500,1500,1500,7.4
2026-08-08,12:49:08.690,243.7,0.2,-87,-90,98,2,1,8,250,-101,76,-3,12.2,0.0,0,0,-479,-385,-1013,184,30,-1024,-3,-916,-31,-1,-1,-1,-1,-1,1,0,-1,0x0000000000000000,1377,1540,1581,1549,2012,1590,1553,1260,1701,988,1500,1500,1500,1500,1500,1500,1500,1500,1500,1500,1500,1500,1500,1500,1500,1500,1500,1500,1500,1500,1500,1500,7.4
2026-08-08,12:49:09.190,244.3,0.7,-91,-89,94,5,1,8,250,-95,88,0,12.2,0.0,0,0,-494,-438,-1014,145,30,-1024,-3,-916,-31,-1,-1,-1,-1,-1,1,0,-1,0x0000000000000000,1373,1558,1571,1543,2012,1578,1546,1260,1701,988,1500,1500,1500,1500,1500,1500,1500,1500,1500,1500,1500,1500,1500,1500,1500,1500,1500,1500,1500,1500,1500,1500,7.4
2026-08-08,12:49:09.690,245.9,2.5,-91,-93,93,4,0,8,250,-91,92,7,12.2,0.0,0,0,-499,-428,-1013,158,29,-1024,-3,-916,-31,-1,-1,-1,-1,-1,1,0,-1,0x0000000000000000,1371,1555,1574,1545,2012,1583,1549,1260,1701,988,1500,1500,1500,1500,1500,1500,1500,1500,1500,1500,1500,1500,1500,1500,1500,1500,1500,1500,1500,1500,1500,1500,7.4
2026-08-08,12:49:10.190,247.4,2.8,-78,-93,96,11,0,8,250,-85,100,9,12.2,0.0,0,0,-495,-432,-1013,208,29,-1024,-3,-916,-31,-1,-1,-1,-1,-1,1,0,-1,0x0000000000000000,1372,1556,1588,1553,2012,1597,1557,1260,1701,988,1500,1500,1500,1500,1500,1500,1500,1500,1500,1500,1500,1500,1500,1500,1500,1500,1500,1500,1500,1500,1500,1500,7.4
2026-08-08,12:49:10.690,248.2,1.5,-81,-93,100,10,0,8,50,-87,100,6,12.2,0.0,0,0,-490,-428,-1013,201,29,-1024,-3,-916,-31,-1,-1,-1,-1,-1,1,0,-1,0x0000000000000000,1374,1555,1586,1552,2012,1595,1556,1260,1701,988,1500,1500,1500,1500,1500,1500,1500,1500,1500,1500,1500,1500,1500,1500,1500,1500,1500,1500,1500,1500,1500,1500,7.4
2026-08-08,12:49:11.190,248.9,1.4,-74,-93,98,8,0,8,250,-86,100,8,12.2,0.0,0,0,-499,-443,-1013,202,30,-1024,-3,-916,-31,-1,-1,-1,-1,-1,1,0,-1,0x0000000000000000,1371,1560,1586,1552,2012,1595,1556,1260,1701,988,1500,1500,1500,1500,1500,1500,1500,1500,1500,1500,1500,1500,1500,1500,1500,1500,1500,1500,1500,1500,1500,1500,7.4
2026-08-08,12:49:11.690,249.1,1.0,-82,-86,99,11,0,8,50,-81,100,10,12.2,0.0,0,0,-485,-463,-1013,132,30,-1024,-3,-916,-31,-1,-1,-1,-1,-1,1,0,-1,0x0000000000000000,1376,1566,1567,1541,2012,1575,1544,1260,1701,988,1500,1500,1500,1500,1500,1500,1500,1500,1500,1500,1500,1500,1500,1500,1500,1500,1500,1500,1500,1500,1500,1500,7.4
2026-08-08,12:49:12.190,250.1,2.2,-82,-98,96,6,0,8,25,-83,100,9,12.2,0.0,0,0,-460,-435,-1013,-57,30,-1024,-3,-916,-31,-1,-1,-1,-1,-1,1,0,-1,0x0000000000000000,1383,1557,1517,1510,2012,1518,1511,1260,1701,988,1500,1500,1500,1500,1500,1500,1500,1500,1500,1500,1500,1500,1500,1500,1500,1500,1500,1500,1500,1500,1500,1500,7.4
2026-08-08,12:49:12.690,252.1,3.4,-84,-98,100,11,0,8,100,-82,100,10,12.2,0.0,0,0,-455,-400,-1013,-153,30,-1024,-3,-916,-31,-1,-1,-1,-1,-1,1,0,-1,0x0000000000000000,1385,1546,1493,1495,2012,1490,1494,1260,1701,988,1500,1500,1500,1500,1500,1500,1500,1500,1500,1500,1500,1500,1500,1500,1500,1500,1500,1500,1500,1500,1500,1500,7.4
2026-08-08,12:49:13.190,253.4,1.8,-83,-98,100,6,0,8,50,-85,100,9,12.2,0.0,0,0,-462,-381,-1013,-183,30,-1024,-3,-916,-31,-1,-1,-1,-1,-1,1,0,-1,0x0000000000000000,1383,1539,1485,1491,2012,1481,1489,1260,1701,988,1500,1500,1500,1500,1500,1500,1500,1500,1500,1500,1500,1500,1500,1500,1500,1500,1500,1500,1500,1500,1500,1500,7.4
2026-08-08,12:49:13.690,253.6,0.4,-87,-86,98,10,1,8,50,-95,100,3,12.2,0.0,0,0,-446,-413,-1013,-441,30,-1024,-3,-916,-31,-1,-1,-1,-1,-1,1,0,-1,0x0000000000000000,1388,1550,1425,1452,2012,1403,1444,1260,1701,988,1500,1500,1500,1500,1500,1500,1500,1500,1500,1500,1500,1500,1500,1500,1500,1500,1500,1500,1500,1500,1500,1500,7.4
2026-08-08,12:49:14.190,252.7,-1.4,-87,-86,100,9,1,8,25,-93,100,3,12.2,0.0,0,0,-450,-517,-1013,-250,30,-1024,-3,-916,-32,-1,-1,-1,-1,-1,1,0,-1,0x0000000000000000,1387,1585,1470,1481,2012,1461,1477,1260,1701,988,1500,1500,1500,1500,1500,1500,1500,1500,1500,1500,1500,1500,1500,1500,1500,1500,1500,1500,1500,1500,1500,1500,7.4
2026-08-08,12:49:14.690,250.4,-4.0,-85,-84,94,9,1,8,250,-98,100,-4,12.2,0.0,0,0,-470,-543,-1013,304,29,-1024,-3,-916,-31,-1,-1,-1,-1,-1,1,0,-1,0x0000000000000000,1380,1594,1613,1569,2012,1626,1574,1260,1701,988,1500,1500,1500,1500,1500,1500,1500,1500,1500,1500,1500,1500,1500,1500,1500,1500,1500,1500,1500,1500,1500,1500,7.4
2026-08-08,12:49:15.190,248.0,-4.6,-85,-86,100,9,1,8,100,-89,100,5,12.2,0.0,0,0,-490,-562,-1012,272,29,-1024,-3,-916,-32,-1,-1,-1,-1,-1,1,0,-1,0x0000000000000000,1374,1601,1605,1564,2012,1616,1568,1260,1701,988,1500,1500,1500,1500,1500,1500,1500,1500,1500,1500,1500,1500,1500,1500,1500,1500,1500,1500,1500,1500,1500,1500,7.4
2026-08-08,12:49:15.690,248.9,1.3,-80,-94,99,9,0,8,100,-87,100,6,12.2,0.0,0,0,-489,-393,-1013,518,29,-1024,-3,-916,-31,-1,-1,-1,-1,-1,1,0,-1,0x0000000000000000,1374,1543,1671,1604,2012,1690,1612,1260,1701,988,1500,1500,1500,1500,1500,1500,1500,1500,1500,1500,1500,1500,1500,1500,1500,1500,1500,1500,1500,1500,1500,1500,7.4
2026-08-08,12:49:16.190,251.3,4.4,-81,-96,100,10,0,8,25,-82,100,10,12.2,0.0,0,0,-268,-280,-1012,0,30,-1024,-3,-916,-31,-1,-1,-1,-1,-1,1,0,-1,0x0000000000000000,1440,1508,1532,1519,2012,1535,1521,1260,1701,988,1500,1500,1500,1500,1500,1500,1500,1500,1500,1500,1500,1500,1500,1500,1500,1500,1500,1500,1500,1500,1500,1500,7.4
2026-08-08,12:49:16.690,254.6,6.0,-83,-93,100,4,1,8,50,-88,100,9,12.2,0.0,0,0,-79,-102,-1012,-131,30,-1024,-3,-916,-31,-1,-1,-1,-1,-1,1,0,-1,0x0000000000000000,1492,1458,1498,1499,2012,1497,1498,1260,1701,988,1500,1500,1500,1500,1500,1500,1500,1500,1500,1500,1500,1500,1500,1500,1500,1500,1500,1500,1500,1500,1500,1500,7.4
2026-08-08,12:49:17.190,256.1,4.0,-82,-92,99,1,0,8,100,-83,100,7,12.2,0.0,0,0,-323,-413,-1012,-295,30,-1024,-3,-916,-31,-1,-1,-1,-1,-1,1,0,-1,0x0000000000000000,1425,1550,1459,1474,2012,1448,1470,1260,1701,988,1500,1500,1500,1500,1500,1500,1500,1500,1500,1500,1500,1500,1500,1500,1500,1500,1500,1500,1500,1500,1500,1500,7.4
2026-08-08,12:49:17.690,256.6,1.3,-84,-92,100,5,0,8,250,-97,100,3,12.2,0.0,0,0,-276,-514,-1012,1,30,-1024,-3,-916,-31,-1,-1,-1,-1,-1,1,0,-1,0x0000000000000000,1438,1584,1532,1520,2012,1536,1521,1260,1701,988,1500,1500,1500,1500,1500,1500,1500,1500,1500,1500,1500,1500,1500,1500,1500,1500,1500,1500,1500,1500,1500,1500,7.4
2026-08-08,12:49:18.190,255.8,-1.2,-82,-92,100,6,0,8,100,-85,100,9,12.2,0.0,0,0,-311,-570,-1012,332,29,-1024,-3,-916,-32,-1,-1,-1,-1,-1,1,0,-1,0x0000000000000000,1428,1604,1621,1574,2012,1634,1579,1260,1701,988,1500,1500,1500,1500,1500,1500,1500,1500,1500,1500,1500,1500,1500,1500,1500,1500,1500,1500,1500,1500,1500,1500,7.4
2026-08-08,12:49:18.690,254.6,-2.3,-83,-100,97,7,0,8,25,-82,100,9,12.2,0.0,0,0,-442,-541,-1012,3,30,-1024,-3,-916,-31,-1,-1,-1,-1,-1,1,0,-1,0x0000000000000000,1389,1594,1533,1520,2012,1536,1521,1260,1701,988,1500,1500,1500,1500,1500,1500,1500,1500,1500,1500,1500,1500,1500,1500,1500,1500,1500,1500,1500,1500,1500,1500,7.4
2026-08-08,12:49:19.190,255.3,1.2,-85,-95,97,9,0,8,100,-85,100,8,12.2,0.0,0,0,-506,-568,-1012,-377,30,-1024,-3,-916,-31,-1,-1,-1,-1,-1,1,0,-1,0x0000000000000000,1369,1604,1440,1462,2012,1423,1455,1260,1701,988,1500,1500,1500,1500,1500,1500,1500,1500,1500,1500,1500,1500,1500,1500,1500,1500,1500,1500,1500,1500,1500,1500,7.4
2026-08-08,12:49:19.690,257.2,3.2,-83,-95,100,7,0,8,50,-84,100,10,12.2,0.0,0,0,-524,-611,-1012,315,29,-1024,-3,-916,-31,-1,-1,-1,-1,-1,1,0,-1,0x0000000000000000,1363,1619,1617,1571,2012,1629,1576,1260,1701,988,1500,1500,1500,1500,1500,1500,1500,1500,1500,1500,1500,1500,1500,1500,1500,1500,1500,1500,1500,1500,1500,1500,7.4
2026-08-08,12:49:20.190,259.5,4.1,-81,-95,100,0,0,8,100,-84,100,8,12.2,0.0,0,0,-526,-536,-1013,284,29,-1024,-3,-916,-31,-1,-1,-1,-1,-1,1,0,-1,0x0000000000000000,1362,1592,1608,1566,2012,1620,1571,1260,1701,988,1500,1500,1500,1500,1500,1500,1500,1500,1500,1500,1500,1500,1500,1500,1500,1500,1500,1500,1500,1500,1500,1500,7.4
2026-08-08,12:49:20.690,260.3,2.1,-81,-93,99,8,0,8,50,-84,100,8,12.2,0.0,0,0,-524,-611,-1013,374,29,-1024,-3,-916,-31,-1,-1,-1,-1,-1,1,0,-1,0x0000000000000000,1363,1619,1632,1581,2012,1647,1586,1260,1701,988,1500,1500,1500,1500,1500,1500,1500,1500,1500,1500,1500,1500,1500,1500,1500,1500,1500,1500,1500,1500,1500,1500,7.4
2026-08-08,12:49:21.190,260.7,0.9,-82,-87,99,8,0,8,25,-83,100,11,12.2,0.0,0,0,-503,-610,-1013,172,30,-1024,-3,-916,-32,-1,-1,-1,-1,-1,1,0,-1,0x0000000000000000,1369,1619,1578,1547,2012,1586,1551,1260,1701,988,1500,1500,1500,1500,1500,1500,1500,1500,1500,1500,1500,1500,1500,1500,1500,1500,1500,1500,1500,1500,1500,1500,7.4
2026-08-08,12:49:21.690,260.8,0.5,-85,-92,97,10,0,8,10,-84,100,9,12.2,0.0,0,0,-475,-588,-1013,179,30,-1024,-3,-916,-31,-1,-1,-1,-1,-1,1,0,-1,0x0000000000000000,1379,1610,1580,1549,2012,1589,1552,1260,1701,988,1500,1500,1500,1500,1500,1500,1500,1500,1500,1500,1500,1500,1500,1500,1500,1500,1500,1500,1500,1500,1500,1500,7.4
2026-08-08,12:49:22.190,260.6,0.0,-80,-89,97,11,0,8,100,-87,96,6,12.2,0.0,0,0,-423,-600,-1013,176,29,-1024,-3,-916,-31,-1,-1,-1,-1,-1,1,0,-1,0x0000000000000000,1395,1615,1579,1548,2012,1588,1552,1260,1701,988,1500,1500,1500,1500,1500,1500,1500,1500,1500,1500,1500,1500,1500,1500,1500,1500,1500,1500,1500,1500,1500,1500,7.4
2026-08-08,12:49:22.690,260.9,0.6,-75,-77,99,11,0,8,25,-86,96,8,12.2,0.0,0,0,-412,-635,-1013,3,30,-1024,-3,-916,-31,-1,-1,-1,-1,-1,1,0,-1,0x0000000000000000,1398,1628,1533,1520,2012,1536,1521,1260,1701,988,1500,1500,1500,1500,1500,1500,1500,1500,1500,1500,1500,1500,1500,1500,1500,1500,1500,1500,1500,1500,1500,1500,7.4
2026-08-08,12:49:23.190,262.4,2.8,-80,-91,96,10,0,8,10,-89,80,6,12.2,0.0,0,0,-406,-678,-1012,-149,30,-1024,-3,-916,-31,-1,-1,-1,-1,-1,1,0,-1,0x0000000000000000,1400,1645,1494,1496,2012,1492,1495,1260,1701,988,1500,1500,1500,1500,1500,1500,1500,1500,1500,1500,1500,1500,1500,1500,1500,1500,1500,1500,1500,1500,1500,1500,7.4
2026-08-08,12:49:23.690,263.9,2.6,-78,-92,92,10,0,8,250,-93,72,3,12.2,0.0,0,0,-403,-671,-1013,-101,30,-1024,-3,-916,-31,-1,-1,-1,-1,-1,1,0,-1,0x0000000000000000,1401,1643,1505,1503,2012,1505,1503,1260,1701,988,1500,1500,1500,1500,1500,1500,1500,1500,1500,1500,1500,1500,1500,1500,1500,1500,1500,1500,1500,1500,1500,1500,7.4
2026-08-08,12:49:24.190,264.8,1.4,-78,-91,98,8,1,8,250,-97,96,1,12.2,0.0,0,0,-580,-701,-1014,393,29,-1024,-3,-916,-32,-1,-1,-1,-1,-1,1,0,-1,0x0000000000000000,1344,1655,1637,1584,2012,1652,1590,1260,1701,988,1500,1500,1500,1500,1500,1500,1500,1500,1500,1500,1500,1500,1500,1500,1500,1500,1500,1500,1500,1500,1500,1500,7.4
2026-08-08,12:49:24.690,264.0,-1.2,-91,-86,99,8,1,8,100,-91,100,6,12.2,0.0,0,0,-496,-677,-1013,200,29,-1024,-3,-916,-31,-1,-1,-1,-1,-1,1,0,-1,0x0000000000000000,1372,1645,1586,1552,2012,1595,1556,1260,1701,988,1500,1500,1500,1500,1500,1500,1500,1500,1500,1500,1500,1500,1500,1500,1500,1500,1500,1500,1500,1500,1500,1500,7.4
2026-08-08,12:49:25.190,262.9,-1.7,-91,-86,100,4,1,8,250,-91,100,6,12.2,0.0,0,0,-457,-635,-1012,-162,30,-1024,-3,-916,-31,-1,-1,-1,-1,-1,1,0,-1,0x0000000000000000,1384,1628,1491,1494,2012,1488,1493,1260,1701,988,1500,1500,1500,1500,1500,1500,1500,1500,1500,1500,1500,1500,1500,1500,1500,1500,1500,1500,1500,1500,1500,1500,7.4
2026-08-08,12:49:25.690,262.3,-1.2,-91,-86,100,6,1,8,50,-91,100,5,12.2,0.0,0,0,-468,-708,-1013,1,30,-1024,-3,-916,-31,-1,-1,-1,-1,-1,1,0,-1,0x0000000000000000,1381,1658,1532,1520,2012,1536,1521,1260,1701,988,1500,1500,1500,1500,1500,1500,1500,1500,1500,1500,1500,1500,1500,1500,1500,1500,1500,1500,1500,1500,1500,1500,7.4
2026-08-08,12:49:26.190,263.2,2.0,-80,-87,99,3,0,8,250,-86,100,10,12.2,0.0,0,0,-472,-704,-1013,96,30,-1024,-3,-916,-32,-1,-1,-1,-1,-1,1,0,-1,0x0000000000000000,1380,1656,1558,1535,2012,1564,1538,1260,1701,988,1500,1500,1500,1500,1500,1500,1500,1500,1500,1500,1500,1500,1500,1500,1500,1500,1500,1500,1500,1500,1500,1500,7.4
2026-08-08,12:49:26.690,265.3,3.5,-84,-93,99,7,0,8,25,-83,100,10,12.2,0.0,0,0,-491,-629,-1012,237,29,-1024,-3,-916,-32,-1,-1,-1,-1,-1,1,0,-1,0x0000000000000000,1374,1626,1595,1558,2012,1606,1562,1260,1701,988,1500,1500,1500,1500,1500,1500,1500,1500,1500,1500,1500,1500,1500,1500,1500,1500,1500,1500,1500,1500,1500,1500,7.4
2026-08-08,12:49:27.190,266.7,2.6,-82,-85,99,9,1,8,100,-93,100,2,12.2,0.0,0,0,-501,-642,-1013,231,30,-1024,-3,-916,-32,-1,-1,-1,-1,-1,1,0,-1,0x0000000000000000,1370,1632,1594,1557,2012,1604,1561,1260,1701,988,1500,1500,1500,1500,1500,1500,1500,1500,1500,1500,1500,1500,1500,1500,1500,1500,1500,1500,1500,1500,1500,1500,7.4
2026-08-08,12:49:27.690,266.7,0.2,-87,-88,100,0,0,8,250,-89,92,8,12.2,0.0,0,0,-475,-682,-1013,100,30,-1024,-3,-916,-31,-1,-1,-1,-1,-1,1,0,-1,0x0000000000000000,1379,1647,1559,1536,2012,1565,1538,1260,1701,988,1500,1500,1500,1500,1500,1500,1500,1500,1500,1500,1500,1500,1500,1500,1500,1500,1500,1500,1500,1500,1500,1500,7.4
2026-08-08,12:49:28.190,265.6,-1.7,-83,-88,100,4,0,8,50,-85,100,8,12.2,0.0,0,0,-478,-701,-1013,124,30,-1024,-3,-916,-31,-1,-1,-1,-1,-1,1,0,-1,0x0000000000000000,1377,1655,1565,1540,2012,1572,1543,1260,1701,988,1500,1500,1500,1500,1500,1500,1500,1500,1500,1500,1500,1500,1500,1500,1500,1500,1500,1500,1500,1500,1500,1500,7.4
2026-08-08,12:49:28.690,265.1,-0.6,-78,-88,97,10,0,8,25,-83,88,8,12.2,0.0,0,0,-473,-710,-1013,25,30,-1024,-3,-916,-31,-1,-1,-1,-1,-1,1,0,-1,0x0000000000000000,1379,1659,1539,1524,2012,1543,1525,1260,1701,988,1500,1500,1500,1500,1500,1500,1500,1500,1500,1500,1500,1500,1500,1500,1500,1500,1500,1500,1500,1500,1500,1500,7.4
2026-08-08,12:49:29.190,266.5,2.3,-84,-92,100,8,0,8,250,-89,100,7,12.2,0.0,0,0,-482,-768,-1013,-60,30,-1024,-3,-916,-31,-1,-1,-1,-1,-1,1,0,-1,0x0000000000000000,1376,1683,1516,1510,2012,1518,1510,1260,1701,988,1500,1500,1500,1500,1500,1500,1500,1500,1500,1500,1500,1500,1500,1500,1500,1500,1500,1500,1500,1500,1500,1500,7.4
2026-08-08,12:49:29.690,268.4,3.3,-83,-92,100,4,0,8,100,-85,100,8,12.2,0.0,0,0,-534,-626,-1013,190,30,-1024,-3,-916,-31,-1,-1,-1,-1,-1,1,0,-1,0x0000000000000000,1359,1625,1583,1550,2012,1592,1554,1260,1701,988,1500,1500,1500,1500,1500,1500,1500,1500,1500,1500,1500,1500,1500,1500,1500,1500,1500,1500,1500,1500,1500,1500,7.4
2026-08-08,12:49:30.190,269.8,3.0,-82,-92,100,5,0,8,10,-82,100,9,12.2,0.0,0,0,-556,-585,-1013,560,29,-1024,-3,-916,-32,-1,-1,-1,-1,-1,1,0,-1,0x0000000000000000,1352,1609,1682,1611,2012,1702,1619,1260,1701,988,1500,1500,1500,1500,1500,1500,1500,1500,1500,1500,1500,1500,1500,1500,1500,1500,1500,1500,1500,1500,1500,1500,7.4
2026-08-08,12:49:30.690,270.3,1.1,-81,-92,98,3,1,8,250,-92,100,6,12.2,0.0,0,0,-537,-659,-1013,351,29,-1024,-3,-916,-31,-1,-1,-1,-1,-1,1,0,-1,0x0000000000000000,1358,1638,1626,1577,2012,1640,1582,1260,1701,988,1500,1500,1500,1500,1500,1500,1500,1500,1500,1500,1500,1500,1500,1500,1500,1500,1500,1500,1500,1500,1500,1500,7.4
2026-08-08,12:49:31.190,270.8,0.9,-80,-91,97,5,0,8,250,-90,88,4,12.2,0.0,0,0,-495,-604,-1013,327,29,-1024,-3,-916,-31,-1,-1,-1,-1,-1,1,0,-1,0x0000000000000000,1372,1617,1620,1573,2012,1633,1578,1260,1701,988,1500,1500,1500,1500,1500,1500,1500,1500,1500,1500,1500,1500,1500,1500,1500,1500,1500,1500,1500,1500,1500,1500,7.4
2026-08-08,12:49:31.690,270.8,0.0,-82,-91,99,8,0,8,100,-82,100,8,12.2,0.0,0,0,-490,-619,-1013,214,29,-1024,-3,-916,-31,-1,-1,-1,-1,-1,1,0,-1,0x0000000000000000,1374,1623,1589,1554,2012,1599,1558,1260,1701,988,1500,1500,1500,1500,1500,1500,1500,1500,1500,1500,1500,1500,1500,1500,1500,1500,1500,1500,1500,1500,1500,1500,7.4
2026-08-08,12:49:32.190,271.3,0.7,-83,-91,100,10,0,8,100,-91,100,5,12.2,0.0,0,0,-446,-652,-1013,-104,30,-1024,-3,-916,-31,-1,-1,-1,-1,-1,1,0,-1,0x0000000000000000,1388,1635,1504,1502,2012,1504,1503,1260,1701,988,1500,1500,1500,1500,1500,1500,1500,1500,1500,1500,1500,1500,1500,1500,1500,1500,1500,1500,1500,1500,1500,1500,7.4
2026-08-08,12:49:32.690,272.1,1.4,-83,-85,99,6,0,8,50,-89,96,6,12.2,0.0,0,0,-491,-694,-1013,-42,30,-1024,-3,-916,-31,-1,-1,-1,-1,-1,1,0,-1,0x0000000000000000,1374,1652,1521,1513,2012,1523,1514,1260,1701,988,1500,1500,1500,1500,1500,1500,1500,1500,1500,1500,1500,1500,1500,1500,1500,1500,1500,1500,1500,1500,1500,1500,7.4
2026-08-08,12:49:33.190,273.0,1.5,-83,-85,100,8,0,8,25,-85,100,7,12.2,0.0,0,0,-496,-676,-1013,118,30,-1024,-3,-916,-31,-1,-1,-1,-1,-1,1,0,-1,0x0000000000000000,1372,1645,1564,1539,2012,1571,1542,1260,1701,988,1500,1500,1500,1500,1500,1500,1500,1500,1500,1500,1500,1500,1500,1500,1500,1500,1500,1500,1500,1500,1500,1500,7.4
2026-08-08,12:49:33.690,273.8,1.6,-82,-99,92,9,0,8,250,-90,100,6,12.2,0.0,0,0,-457,-681,-1013,155,29,-1024,-3,-916,-31,-1,-1,-1,-1,-1,1,0,-1,0x0000000000000000,1384,1647,1574,1545,2012,1582,1548,1260,1701,988,1500,1500,1500,1500,1500,1500,1500,1500,1500,1500,1500,1500,1500,1500,1500,1500,1500,1500,1500,1500,1500,1500,7.4
2026-08-08,12:49:34.190,274.1,0.6,-79,-99,100,11,0,8,50,-89,100,7,12.2,0.0,0,0,-444,-582,-1012,333,30,-1024,-3,-916,-31,-1,-1,-1,-1,-1,1,0,-1,0x0000000000000000,1388,1609,1621,1574,2012,1634,1579,1260,1701,988,1500,1500,1500,1500,1500,1500,1500,1500,1500,1500,1500,1500,1500,1500,1500,1500,1500,1500,1500,1500,1500,1500,7.4
2026-08-08,12:49:34.690,273.7,-0.4,-74,-86,100,9,0,8,100,-97,100,0,12.2,0.0,0,0,-518,-554,-1011,243,30,-1024,-3,-916,-31,-1,-1,-1,-1,-1,1,0,-1,0x0000000000000000,1365,1598,1597,1559,2012,1608,1563,1260,1701,988,1500,1500,1500,1500,1500,1500,1500,1500,1500,1500,1500,1500,1500,1500,1500,1500,1500,1500,1500,1500,1500,1500,7.4
2026-08-08,12:49:35.190,273.5,-0.4,-81,-90,94,9,0,8,250,-88,96,6,12.2,0.0,0,0,-546,-657,-1014,-178,30,-1024,-3,-916,-31,-1,-1,-1,-1,-1,1,0,-1,0x0000000000000000,1355,1637,1487,1491,2012,1483,1490,1260,1701,988,1500,1500,1500,1500,1500,1500,1500,1500,1500,1500,1500,1500,1500,1500,1500,1500,1500,1500,1500,1500,1500,1500,7.4
2026-08-08,12:49:35.690,274.1,1.2,-82,-95,99,3,0,8,50,-86,100,9,12.2,0.0,0,0,-529,-724,-1013,27,30,-1024,-3,-916,-31,-1,-1,-1,-1,-1,1,0,-1,0x0000000000000000,1361,1664,1539,1524,2012,1544,1526,1260,1701,988,1500,1500,1500,1500,1500,1500,1500,1500,1500,1500,1500,1500,1500,1500,1500,1500,1500,1500,1500,1500,1500,1500,7.4
2026-08-08,12:49:36.190,275.4,2.7,-83,-95,97,0,0,8,250,-86,100,8,12.2,0.0,0,0,-543,-742,-1013,76,29,-1024,-3,-916,-31,-1,-1,-1,-1,-1,1,0,-1,0x0000000000000000,1356,1672,1552,1532,2012,1558,1534,1260,1701,988,1500,1500,1500,1500,1500,1500,1500,1500,1500,1500,1500,1500,1500,1500,1500,1500,1500,1500,1500,1500,1500,1500,7.4
2026-08-08,12:49:36.690,276.7,2.5,-86,-90,96,5,0,8,250,-96,100,0,12.2,0.0,0,0,-438,-660,-1012,4,30,-1024,-3,-916,-31,-1,-1,-1,-1,-1,1,0,-1,0x0000000000000000,1390,1639,1533,1520,2012,1537,1522,1260,1701,988,1500,1500,1500,1500,1500,1500,1500,1500,1500,1500,1500,1500,1500,1500,1500,1500,1500,1500,1500,1500,1500,1500,7.4
2026-08-08,12:49:37.190,277.2,0.9,-81,-93,97,10,0,8,10,-85,100,8,12.2,0.0,0,0,-453,-670,-1012,-1,30,-1024,-3,-916,-31,-1,-1,-1,-1,-1,1,0,-1,0x0000000000000000,1386,1642,1532,1519,2012,1535,1521,1260,1701,988,1500,1500,1500,1500,1500,1500,1500,1500,1500,1500,1500,1500,1500,1500,1500,1500,1500,1500,1500,1500,1500,1500,7.4
2026-08-08,12:49:37.690,276.5,-1.2,-79,-92,98,4,0,8,100,-94,92,3,12.2,0.0,0,0,-478,-684,-1012,52,30,-1024,-3,-916,-31,-1,-1,-1,-1,-1,1,0,-1,0x0000000000000000,1377,1648,1546,1528,2012,1551,1530,1260,1701,988,1500,1500,1500,1500,1500,1500,1500,1500,1500,1500,1500,1500,1500,1500,1500,1500,1500,1500,1500,1500,1500,1500,7.4
2026-08-08,12:49:38.190,274.7,-2.8,-86,-92,97,2,0,8,250,-94,76,4,12.2,0.0,0,0,-310,-593,-1013,295,29,-1024,-3,-916,-31,-1,-1,-1,-1,-1,1,0,-1,0x0000000000000000,1428,1612,1611,1568,2012,1623,1573,1260,1701,988,1500,1500,1500,1500,1500,1500,1500,1500,1500,1500,1500,1500,1500,1500,1500,1500,1500,1500,1500,1500,1500,1500,7.4
2026-08-08,12:49:38.690,274.1,-1.2,-92,-92,97,10,0,8,50,-85,88,8,12.2,0.0,0,0,147,-676,-1012,-230,30,-1024,-3,-916,-31,-1,-1,-1,-1,-1,1,0,-1,0x0000000000000000,1551,1645,1474,1484,2012,1467,1481,1260,1701,988,1500,1500,1500,1500,1500,1500,1500,1500,1500,1500,1500,1500,1500,1500,1500,1500,1500,1500,1500,1500,1500,1500,7.4
2026-08-08,12:49:39.190,275.9,3.4,-81,-92,91,9,0,8,250,-81,100,8,12.2,0.0,0,0,18,-173,-1011,-337,30,-1024,-3,-916,-31,-1,-1,-1,-1,-1,1,0,-1,0x0000000000000000,1517,1477,1449,1468,2012,1435,1462,1260,1701,988,1500,1500,1500,1500,1500,1500,1500,1500,1500,1500,1500,1500,1500,1500,1500,1500,1500,1500,1500,1500,1500,1500,7.4
2026-08-08,12:49:39.690,278.4,4.5,-81,-92,97,9,0,8,250,-93,100,7,12.2,0.0,0,0,3,-29,-1011,-521,30,-1024,-3,-916,-31,-1,-1,-1,-1,-1,1,0,-1,0x0000000000000000,1512,1440,1406,1440,2012,1379,1430,1260,1701,988,1500,1500,1500,1500,1500,1500,1500,1500,1500,1500,1500,1500,1500,1500,1500,1500,1500,1500,1500,1500,1500,1500,7.4
2026-08-08,12:49:40.190,279.4,1.5,-86,-90,94,6,1,8,250,-99,84,-3,12.2,0.0,0,0,-334,-463,-1012,-149,30,-1024,-3,-916,-31,-1,-1,-1,-1,-1,1,0,-1,0x0000000000000000,1422,1570,1496,1497,2012,1495,1497,1260,1701,988,1500,1500,1500,1500,1500,1500,1500,1500,1500,1500,1500,1500,1500,1500,1500,1500,1500,1500,1500,1500,1500,1500,7.4
2026-08-08,12:49:40.690,278.1,-2.1,-90,-86,98,10,1,8,100,-95,100,0,12.2,0.0,0,0,-552,-602,-1013,316,29,-1024,-3,-916,-31,-1,-1,-1,-1,-1,1,0,-1,0x0000000000000000,1353,1616,1617,1571,2012,1629,1576,1260,1701,988,1500,1500,1500,1500,1500,1500,1500,1500,1500,1500,1500,1500,1500,1500,1500,1500,1500,1500,1500,1500,1500,1500,7.4
2026-08-08,12:49:41.190,276.4,-3.2,-83,-90,98,4,1,8,250,-90,100,7,12.2,0.0,0,0,-486,-622,-1013,-150,30,-1024,-3,-916,-31,-1,-1,-1,-1,-1,1,0,-1,0x0000000000000000,1375,1624,1493,1496,2012,1491,1495,1260,1701,988,1500,1500,1500,1500,1500,1500,1500,1500,1500,1500,1500,1500,1500,1500,1500,1500,1500,1500,1500,1500,1500,1500,7.4
2026-08-08,12:49:41.690,276.7,0.7,-81,-87,95,9,0,8,100,-89,100,6,12.2,0.0,0,0,-436,-424,-1012,0,30,-1024,-3,-916,-31,-1,-1,-1,-1,-1,1,0,-1,0x0000000000000000,1391,1553,1532,1519,2012,1535,1521,1260,1701,988,1500,1500,1500,1500,1500,1500,1500,1500,1500,1500,1500,1500,1500,1500,1500,1500,1500,1500,1500,1500,1500,1500,7.4
2026-08-08,12:49:42.190,278.9,4.2,-82,-100,97,8,0,8,25,-83,100,10,12.2,0.0,0,0,-610,-509,-1013,250,30,-1024,-3,-916,-31,-1,-1,-1,-1,-1,1,0,-1,0x0000000000000000,1333,1582,1599,1560,2012,1610,1565,1260,1701,988,1500,1500,1500,1500,1500,1500,1500,1500,1500,1500,1500,1500,1500,1500,1500,1500,1500,1500,1500,1500,1500,1500,7.4
2026-08-08,12:49:42.690,281.4,4.8,-83,-86,99,6,0,8,50,-91,100,4,12.2,0.0,0,0,-575,-331,-1013,250,29,-1024,-3,-916,-31,-1,-1,-1,-1,-1,1,0,-1,0x0000000000000000,1345,1524,1599,1560,2012,1610,1565,1260,1701,988,1500,1500,1500,1500,1500,1500,1500,1500,1500,1500,1500,1500,1500,1500,1500,1500,1500,1500,1500,1500,1500,1500,7.4
2026-08-08,12:49:43.190,282.9,2.8,-83,-86,100,5,0,8,100,-88,100,7,12.2,0.0,0,0,-580,-386,-1013,264,30,-1024,-3,-916,-32,-1,-1,-1,-1,-1,1,0,-1,0x0000000000000000,1344,1541,1603,1563,2012,1614,1567,1260,1701,988,1500,1500,1500,1500,1500,1500,1500,1500,1500,1500,1500,1500,1500,1500,1500,1500,1500,1500,1500,1500,1500,1500,7.4
2026-08-08,12:49:43.690,283.5,1.3,-81,-88,97,7,0,8,100,-89,100,4,12.2,0.0,0,0,-529,-422,-1013,-28,30,-1024,-3,-916,-31,-1,-1,-1,-1,-1,1,0,-1,0x0000000000000000,1361,1553,1524,1515,2012,1527,1516,1260,1701,988,1500,1500,1500,1500,1500,1500,1500,1500,1500,1500,1500,1500,1500,1500,1500,1500,1500,1500,1500,1500,1500,1500,7.4
2026-08-08,12:49:44.190,284.1,1.1,-84,-93,100,7,0,8,50,-87,100,8,12.2,0.0,0,0,-552,-500,-1013,65,30,-1024,-3,-916,-31,-1,-1,-1,-1,-1,1,0,-1,0x0000000000000000,1353,1579,1553,1532,2012,1559,1535,1260,1701,988,1500,1500,1500,1500,1500,1500,1500,1500,1500,1500,1500,1500,1500,1500,1500,1500,1500,1500,1500,1500,1500,1500,7.4
2026-08-08,12:49:44.690,284.0,0.0,-83,-93,100,9,0,8,50,-82,100,8,12.2,0.0,0,0,-580,-502,-1012,0,30,-1024,-3,-916,-31,-1,-1,-1,-1,-1,1,0,-1,0x0000000000000000,1344,1580,1532,1519,2012,1535,1521,1260,1701,988,1500,1500,1500,1500,1500,1500,1500,1500,1500,1500,1500,1500,1500,1500,1500,1500,1500,1500,1500,1500,1500,1500,7.4
2026-08-08,12:49:45.190,284.5,0.7,-94,-93,98,1,0,8,250,-97,80,5,12.2,0.0,0,0,-609,-509,-1013,167,30,-1024,-3,-916,-31,-1,-1,-1,-1,-1,1,0,-1,0x0000000000000000,1333,1582,1577,1547,2012,1585,1550,1260,1701,988,1500,1500,1500,1500,1500,1500,1500,1500,1500,1500,1500,1500,1500,1500,1500,1500,1500,1500,1500,1500,1500,1500,7.4
2026-08-08,12:49:45.690,285.2,1.4,-85,-92,97,8,0,8,10,-96,96,0,12.2,0.0,0,0,-607,-492,-1013,138,30,-1024,-3,-916,-31,-1,-1,-1,-1,-1,1,0,-1,0x0000000000000000,1334,1576,1569,1542,2012,1577,1545,1260,1701,988,1500,1500,1500,1500,1500,1500,1500,1500,1500,1500,1500,1500,1500,1500,1500,1500,1500,1500,1500,1500,1500,1500,7.4
2026-08-08,12:49:46.190,286.3,2.1,-80,-88,92,11,0,8,250,-87,100,8,12.2,0.0,0,0,-557,-466,-1013,-326,30,-1024,-3,-916,-32,-1,-1,-1,-1,-1,1,0,-1,0x0000000000000000,1352,1568,1452,1469,2012,1438,1464,1260,1701,988,1500,1500,1500,1500,1500,1500,1500,1500,1500,1500,1500,1500,1500,1500,1500,1500,1500,1500,1500,1500,1500,1500,7.4
2026-08-08,12:49:46.690,287.5,2.1,-82,-87,97,9,0,8,100,-91,92,7,12.2,0.0,0,0,-603,-523,-1013,-110,30,-1024,-3,-916,-31,-1,-1,-1,-1,-1,1,0,-1,0x0000000000000000,1335,1587,1502,1501,2012,1503,1502,1260,1701,988,1500,1500,1500,1500,1500,1500,1500,1500,1500,1500,1500,1500,1500,1500,1500,1500,1500,1500,1500,1500,1500,1500,7.4
2026-08-08,12:49:47.190,288.1,0.9,-80,-85,98,8,1,8,250,-88,96,8,12.2,0.0,0,0,-625,-532,-1013,150,30,-1024,-3,-916,-31,-1,-1,-1,-1,-1,1,0,-1,0x0000000000000000,1328,1590,1572,1544,2012,1580,1547,1260,1701,988,1500,1500,1500,1500,1500,1500,1500,1500,1500,1500,1500,1500,1500,1500,1500,1500,1500,1500,1500,1500,1500,1500,7.4
2026-08-08,12:49:47.690,288.3,0.8,-84,-85,96,4,0,8,250,-102,84,-3,12.2,0.0,0,0,-610,-511,-1013,162,29,-1024,-3,-916,-31,-1,-1,-1,-1,-1,1,0,-1,0x0000000000000000,1333,1583,1575,1546,2012,1583,1549,1260,1701,988,1500,1500,1500,1500,1500,1500,1500,1500,1500,1500,1500,1500,1500,1500,1500,1500,1500,1500,1500,1500,1500,1500,7.4
2026-08-08,12:49:48.190,288.7,0.8,-83,-87,99,7,0,8,250,-91,100,6,12.2,0.0,0,0,-608,-545,-1013,81,30,-1024,-3,-916,-32,-1,-1,-1,-1,-1,1,0,-1,0x0000000000000000,1334,1595,1554,1533,2012,1560,1535,1260,1701,988,1500,1500,1500,1500,1500,1500,1500,1500,1500,1500,1500,1500,1500,1500,1500,1500,1500,1500,1500,1500,1500,1500,7.4
2026-08-08,12:49:48.690,289.4,1.4,-91,-87,98,3,1,8,250,-91,96,0,12.2,0.0,0,0,-593,-603,-1013,-113,30,-1024,-3,-916,-31,-1,-1,-1,-1,-1,1,0,-1,0x0000000000000000,1339,1617,1502,1501,2012,1502,1501,1260,1701,988,1500,1500,1500,1500,1500,1500,1500,1500,1500,1500,1500,1500,1500,1500,1500,1500,1500,1500,1500,1500,1500,1500,7.4
2026-08-08,12:49:49.190,290.1,1.2,-91,-86,100,11,1,8,100,-95,100,0,12.2,0.0,0,0,-587,-606,-1014,-47,30,-1024,-3,-916,-31,-1,-1,-1,-1,-1,1,0,-1,0x0000000000000000,1341,1618,1519,1512,2012,1521,1513,1260,1701,988,1500,1500,1500,1500,1500,1500,1500,1500,1500,1500,1500,1500,1500,1500,1500,1500,1500,1500,1500,1500,1500,1500,7.4
2026-08-08,12:49:49.690,290.6,0.4,-81,-87,99,8,1,8,50,-96,92,3,12.2,0.0,0,0,-578,-604,-1013,-169,30,-1024,-3,-916,-31,-1,-1,-1,-1,-1,1,0,-1,0x0000000000000000,1344,1617,1489,1493,2012,1486,1492,1260,1701,988,1500,1500,1500,1500,1500,1500,1500,1500,1500,1500,1500,1500,1500,1500,1500,1500,1500,1500,1500,1500,1500,1500,7.4
2026-08-08,12:49:50.190,291.2,0.7,-83,-92,98,10,0,8,50,-88,100,7,12.2,0.0,0,0,-584,-609,-1013,127,30,-1024,-3,-916,-31,-1,-1,-1,-1,-1,1,0,-1,0x0000000000000000,1342,1619,1566,1540,2012,1573,1543,1260,1701,988,1500,1500,1500,1500,1500,1500,1500,1500,1500,1500,1500,1500,1500,1500,1500,1500,1500,1500,1500,1500,1500,1500,7.4
2026-08-08,12:49:50.690,291.2,0.1,-81,-88,95,8,0,8,25,-87,100,8,12.2,0.0,0,0,-579,-576,-1013,4,30,-1024,-3,-916,-31,-1,-1,-1,-1,-1,1,0,-1,0x0000000000000000,1344,1607,1533,1520,2012,1537,1522,1260,1701,988,1500,1500,1500,1500,1500,1500,1500,1500,1500,1500,1500,1500,1500,1500,1500,1500,1500,1500,1500,1500,1500,1500,7.4
2026-08-08,12:49:51.190,291.7,1.0,-80,-93,96,2,0,8,50,-82,100,9,12.2,0.0,0,0,-567,-567,-1013,-205,30,-1024,-3,-916,-31,-1,-1,-1,-1,-1,1,0,-1,0x0000000000000000,1348,1603,1480,1487,2012,1474,1485,1260,1701,988,1500,1500,1500,1500,1500,1500,1500,1500,1500,1500,1500,1500,1500,1500,1500,1500,1500,1500,1500,1500,1500,1500,7.4
2026-08-08,12:49:51.690,292.9,2.2,-82,-96,100,2,0,8,250,-97,84,9,12.2,0.0,0,0,-580,-581,-1013,-221,30,-1024,-3,-916,-31,-1,-1,-1,-1,-1,1,0,-1,0x0000000000000000,1344,1608,1476,1485,2012,1470,1482,1260,1701,988,1500,1500,1500,1500,1500,1500,1500,1500,1500,1500,1500,1500,1500,1500,1500,1500,1500,1500,1500,1500,1500,1500,7.4
2026-08-08,12:49:52.190,294.0,2.2,-81,-85,94,10,0,8,250,-91,100,6,12.2,0.0,0,0,-594,-611,-1013,-27,30,-1024,-3,-916,-32,-1,-1,-1,-1,-1,1,0,-1,0x0000000000000000,1339,1619,1525,1515,2012,1527,1516,1260,1701,988,1500,1500,1500,1500,1500,1500,1500,1500,1500,1500,1500,1500,1500,1500,1500,1500,1500,1500,1500,1500,1500,1500,7.4
2026-08-08,12:49:52.690,294.3,0.8,-82,-84,99,8,0,8,50,-87,100,7,12.2,0.0,0,0,-620,-606,-1013,322,29,-1024,-3,-916,-32,-1,-1,-1,-1,-1,1,0,-1,0x0000000000000000,1330,1618,1618,1572,2012,1631,1577,1260,1701,988,1500,1500,1500,1500,1500,1500,1500,1500,1500,1500,1500,1500,1500,1500,1500,1500,1500,1500,1500,1500,1500,1500,7.4
2026-08-08,12:49:53.190,294.6,0.6,-85,-88,98,1,0,8,250,-95,100,3,12.2,0.0,0,0,-589,-592,-1013,301,29,-1024,-3,-916,-32,-1,-1,-1,-1,-1,1,0,-1,0x0000000000000000,1341,1612,1613,1569,2012,1625,1574,1260,1701,988,1500,1500,1500,1500,1500,1500,1500,1500,1500,1500,1500,1500,1500,1500,1500,1500,1500,1500,1500,1500,1500,1500,7.4
2026-08-08,12:49:53.690,294.9,0.7,-89,-85,94,10,1,8,250,-92,96,6,12.2,0.0,0,0,-557,-585,-1013,1,30,-1024,-3,-916,-32,-1,-1,-1,-1,-1,1,0,-1,0x0000000000000000,1352,1609,1532,1520,2012,1536,1521,1260,1701,988,1500,1500,1500,1500,1500,1500,1500,1500,1500,1500,1500,1500,1500,1500,1500,1500,1500,1500,1500,1500,1500,1500,7.4
2026-08-08,12:49:54.190,296.4,2.6,-79,-95,98,2,0,8,250,-89,96,5,12.2,0.0,0,0,-549,-585,-1013,-152,30,-1024,-3,-916,-31,-1,-1,-1,-1,-1,1,0,-1,0x0000000000000000,1354,1609,1493,1496,2012,1491,1495,1260,1701,988,1500,1500,1500,1500,1500,1500,1500,1500,1500,1500,1500,1500,1500,1500,1500,1500,1500,1500,1500,1500,1500,1500,7.4
2026-08-08,12:49:54.690,298.0,2.8,-84,-92,99,5,0,8,100,-86,100,6,12.2,0.0,0,0,-554,-572,-1013,-76,30,-1024,-3,-916,-31,-1,-1,-1,-1,-1,1,0,-1,0x0000000000000000,1353,1605,1512,1507,2012,1513,1508,1260,1701,988,1500,1500,1500,1500,1500,1500,1500,1500,1500,1500,1500,1500,1500,1500,1500,1500,1500,1500,1500,1500,1500,1500,7.4
2026-08-08,12:49:55.190,299.0,1.9,-82,-89,98,10,0,8,25,-85,100,10,12.2,0.0,0,0,-546,-562,-1013,3,30,-1024,-3,-916,-32,-1,-1,-1,-1,-1,1,0,-1,0x0000000000000000,1355,1601,1533,1520,2012,1536,1521,1260,1701,988,1500,1500,1500,1500,1500,1500,1500,1500,1500,1500,1500,1500,1500,1500,1500,1500,1500,1500,1500,1500,1500,1500,7.4
2026-08-08,12:49:55.690,299.0,0.1,-83,-89,100,9,0,8,25,-87,100,6,12.2,0.0,0,0,-549,-599,-1013,45,30,-1024,-3,-916,-31,-1,-1,-1,-1,-1,1,0,-1,0x0000000000000000,1354,1615,1544,1527,2012,1549,1529,1260,1701,988,1500,1500,1500,1500,1500,1500,1500,1500,1500,1500,1500,1500,1500,1500,1500,1500,1500,1500,1500,1500,1500,1500,7.4
2026-08-08,12:49:56.190,298.5,-0.7,-81,-98,91,11,0,8,250,-86,92,9,12.2,0.0,0,0,-530,-600,-1013,-28,30,-1024,-3,-916,-31,-1,-1,-1,-1,-1,1,0,-1,0x0000000000000000,1361,1615,1524,1515,2012,1527,1516,1260,1701,988,1500,1500,1500,1500,1500,1500,1500,1500,1500,1500,1500,1500,1500,1500,1500,1500,1500,1500,1500,1500,1500,1500,7.4
2026-08-08,12:49:56.690,298.2,-0.3,-91,-98,98,11,0,8,100,-81,100,9,12.2,0.0,0,0,-574,-622,-1013,-164,30,-1024,-3,-916,-32,-1,-1,-1,-1,-1,1,0,-1,0x0000000000000000,1346,1624,1490,1494,2012,1487,1492,1260,1701,988,1500,1500,1500,1500,1500,1500,1500,1500,1500,1500,1500,1500,1500,1500,1500,1500,1500,1500,1500,1500,1500,1500,7.4
2026-08-08,12:49:57.190,299.3,2.0,-85,-98,98,7,0,8,100,-88,92,8,12.2,0.0,0,0,-581,-611,-1013,-298,30,-1024,-3,-916,-32,-1,-1,-1,-1,-1,1,0,-1,0x0000000000000000,1343,1619,1458,1473,2012,1446,1469,1260,1701,988,1500,1500,1500,1500,1500,1500,1500,1500,1500,1500,1500,1500,1500,1500,1500,1500,1500,1500,1500,1500,1500,1500,7.4
2026-08-08,12:49:57.690,301.1,3.8,-77,-88,98,11,0,8,50,-86,92,7,12.2,0.0,0,0,-576,-561,-1013,-79,30,-1024,-3,-916,-31,-1,-1,-1,-1,-1,1,0,-1,0x0000000000000000,1345,1601,1511,1507,2012,1512,1507,1260,1701,988,1500,1500,1500,1500,1500,1500,1500,1500,1500,1500,1500,1500,1500,1500,1500,1500,1500,1500,1500,1500,1500,1500,7.4
2026-08-08,12:49:58.190,303.3,3.8,-87,-97,98,3,0,8,250,-91,92,2,12.2,0.0,0,0,-584,-646,-1013,11,30,-1024,-3,-916,-31,-1,-1,-1,-1,-1,1,0,-1,0x0000000000000000,1342,1633,1535,1521,2012,1539,1523,1260,1701,988,1500,1500,1500,1500,1500,1500,1500,1500,1500,1500,1500,1500,1500,1500,1500,1500,1500,1500,1500,1500,1500,1500,7.4
2026-08-08,12:49:58.690,304.1,1.8,-78,-92,92,11,0,8,250,-85,100,7,12.2,0.0,0,0,-444,25,-1013,197,30,-1024,-3,-916,-31,-1,-1,-1,-1,-1,1,0,-1,0x0000000000000000,1388,1427,1585,1552,2012,1594,1555,1260,1701,988,1500,1500,1500,1500,1500,1500,1500,1500,1500,1500,1500,1500,1500,1500,1500,1500,1500,1500,1500,1500,1500,1500,7.4
2026-08-08,12:49:59.190,303.3,-1.5,-81,-92,100,4,0,8,100,-87,100,5,12.2,0.0,0,0,-222,-218,-1013,-1,30,-1024,-3,-916,-31,-1,-1,-1,-1,-1,1,0,-1,0x0000000000000000,1453,1490,1532,1519,2012,1535,1521,1260,1701,988,1500,1500,1500,1500,1500,1500,1500,1500,1500,1500,1500,1500,1500,1500,1500,1500,1500,1500,1500,1500,1500,1500,7.4
2026-08-08,12:49:59.690,301.2,-3.6,-81,-92,100,9,0,8,25,-82,100,10,12.2,0.0,0,0,-2,-354,-1012,2,30,-1024,-3,-916,-31,-1,-1,-1,-1,-1,1,0,-1,0x0000000000000000,1511,1531,1532,1520,2012,1536,1521,1260,1701,988,1500,1500,1500,1500,1500,1500,1500,1500,1500,1500,1500,1500,1500,1500,1500,1500,1500,1500,1500,1500,1500,1500,7.4
2026-08-08,12:50:00.190,298.5,-4.5,-82,-93,100,0,1,8,250,-94,100,0,12.2,0.0,0,0,-2,58,-1011,406,29,-1024,-3,-916,-31,-1,-1,-1,-1,-1,1,0,-1,0x0000000000000000,1511,1418,1641,1586,2012,1656,1592,1260,1701,988,1500,1500,1500,1500,1500,1500,1500,1500,1500,1500,1500,1500,1500,1500,1500,1500,1500,1500,1500,1500,1500,1500,7.4
2026-08-08,12:50:00.690,297.0,-2.7,-79,-88,94,6,0,8,100,-91,100,1,12.2,0.0,0,0,-2,103,-1012,408,30,-1024,-3,-916,-31,-1,-1,-1,-1,-1,1,0,-1,0x0000000000000000,1511,1407,1641,1586,2012,1657,1592,1260,1701,988,1500,1500,1500,1500,1500,1500,1500,1500,1500,1500,1500,1500,1500,1500,1500,1500,1500,1500,1500,1500,1500,1500,7.4
2026-08-08,12:50:01.190,293.6,-6.0,-81,-94,96,4,0,8,250,-92,92,1,12.2,0.0,0,0,-2,5,-1011,506,29,-1024,-3,-916,-31,-1,-1,-1,-1,-1,1,0,-1,0x0000000000000000,1511,1431,1667,1602,2012,1686,1609,1260,1701,988,1500,1500,1500,1500,1500,1500,1500,1500,1500,1500,1500,1500,1500,1500,1500,1500,1500,1500,1500,1500,1500,1500,7.4
2026-08-08,12:50:01.690,291.5,-5.5,-81,-86,97,5,1,8,100,-92,88,1,12.2,0.0,0,0,-3,8,-1012,643,29,-1024,-3,-916,-31,-1,-1,-1,-1,-1,1,0,-1,0x0000000000000000,1511,1431,1704,1624,2012,1727,1633,1260,1701,988,1500,1500,1500,1500,1500,1500,1500,1500,1500,1500,1500,1500,1500,1500,1500,1500,1500,1500,1500,1500,1500,1500,7.4
2026-08-08,12:50:02.190,289.3,-4.3,-81,-86,100,4,1,8,250,-91,100,3,12.2,0.0,0,0,-1,100,-1011,792,29,-1024,-3,-916,-31,-1,-1,-1,-1,-1,1,0,-1,0x0000000000000000,1511,1408,1744,1649,2012,1771,1659,1260,1701,988,1500,1500,1500,1500,1500,1500,1500,1500,1500,1500,1500,1500,1500,1500,1500,1500,1500,1500,1500,1500,1500,1500,7.4
2026-08-08,12:50:02.690,287.8,-3.8,-81,-87,100,1,0,8,250,-87,100,7,12.1,0.0,0,0,0,8,-1012,416,29,-1024,-3,-916,-31,-1,-1,-1,-1,-1,1,0,-1,0x0000000000000000,1512,1431,1643,1587,2012,1659,1594,1260,1701,988,1500,1500,1500,1500,1500,1500,1500,1500,1500,1500,1500,1500,1500,1500,1500,1500,1500,1500,1500,1500,1500,1500,7.4
2026-08-08,12:50:03.190,289.3,1.5,-82,-86,99,6,1,8,250,-93,92,6,12.1,0.0,0,0,-2,5,-1011,877,29,-1024,-3,-916,-32,-1,-1,-1,-1,-1,1,0,-1,0x0000000000000000,1511,1431,1767,1663,2012,1796,1674,1260,1701,988,1500,1500,1500,1500,1500,1500,1500,1500,1500,1500,1500,1500,1500,1500,1500,1500,1500,1500,1500,1500,1500,1500,7.4
2026-08-08,12:50:03.690,290.5,2.5,-81,-87,100,9,0,8,100,-84,100,8,12.2,0.0,0,0,-1,64,-1011,767,29,-1024,-3,-916,-31,-1,-1,-1,-1,-1,1,0,-1,0x0000000000000000,1511,1417,1737,1645,2012,1764,1655,1260,1701,988,1500,1500,1500,1500,1500,1500,1500,1500,1500,1500,1500,1500,1500,1500,1500,1500,1500,1500,1500,1500,1500,1500,7.4
2026-08-08,12:50:04.190,293.1,4.6,-82,-87,100,2,0,8,50,-79,100,10,12.2,0.0,0,0,-1,-176,-1011,32,30,-1024,-3,-916,-31,-1,-1,-1,-1,-1,1,0,-1,0x0000000000000000,1511,1478,1540,1524,2012,1545,1526,1260,1701,988,1500,1500,1500,1500,1500,1500,1500,1500,1500,1500,1500,1500,1500,1500,1500,1500,1500,1500,1500,1500,1500,1500,7.4
2026-08-08,12:50:04.690,295.1,4.4,-83,-87,100,9,0,8,10,-79,100,10,12.1,0.0,0,0,-1,-8,-1011,-28,30,-1024,-3,-916,-31,-1,-1,-1,-1,-1,1,0,-1,0x0000000000000000,1511,1435,1524,1515,2012,1527,1516,1260,1701,988,1500,1500,1500,1500,1500,1500,1500,1500,1500,1500,1500,1500,1500,1500,1500,1500,1500,1500,1500,1500,1500,1500,7.4
2026-08-08,12:50:05.190,298.0,5.4,-81,-93,99,12,0,8,10,-79,100,10,12.1,0.0,0,0,-1,-4,-1011,-383,30,-1024,-3,-916,-31,-1,-1,-1,-1,-1,1,0,-1,0x0000000000000000,1511,1434,1439,1461,2012,1421,1454,1260,1701,988,1500,1500,1500,1500,1500,1500,1500,1500,1500,1500,1500,1500,1500,1500,1500,1500,1500,1500,1500,1500,1500,1500,7.4
2026-08-08,12:50:05.690,300.3,4.0,-76,-95,99,5,0,8,10,-80,100,9,12.2,0.0,0,0,-1,116,-1012,-412,30,-1024,-3,-916,-31,-1,-1,-1,-1,-1,1,0,-1,0x0000000000000000,1511,1404,1432,1457,2012,1412,1449,1260,1701,988,1500,1500,1500,1500,1500,1500,1500,1500,1500,1500,1500,1500,1500,1500,1500,1500,1500,1500,1500,1500,1500,1500,7.4
2026-08-08,12:50:06.190,301.3,2.8,-81,-89,98,4,0,8,100,-88,96,4,12.2,0.0,0,0,-1,87,-1011,-171,30,-1024,-3,-916,-31,-1,-1,-1,-1,-1,1,0,-1,0x0000000000000000,1511,1411,1488,1493,2012,1485,1491,1260,1701,988,1500,1500,1500,1500,1500,1500,1500,1500,1500,1500,1500,1500,1500,1500,1500,1500,1500,1500,1500,1500,1500,1500,7.4
2026-08-08,12:50:06.690,301.8,1.2,-82,-89,100,0,0,8,250,-86,100,7,12.2,0.0,0,0,-1,-71,-1011,-410,30,-1024,-3,-916,-32,-1,-1,-1,-1,-1,1,0,-1,0x0000000000000000,1511,1450,1432,1457,2012,1413,1449,1260,1701,988,1500,1500,1500,1500,1500,1500,1500,1500,1500,1500,1500,1500,1500,1500,1500,1500,1500,1500,1500,1500,1500,1500,7.4
2026-08-08,12:50:07.190,301.9,0.3,-82,-89,100,8,0,8,250,-91,100,5,12.2,0.0,0,0,-4,-59,-1012,-804,30,-1024,-3,-916,-31,-1,-1,-1,-1,-1,1,0,-1,0x0000000000000000,1511,1447,1340,1397,2012,1294,1380,1260,1701,988,1500,1500,1500,1500,1500,1500,1500,1500,1500,1500,1500,1500,1500,1500,1500,1500,1500,1500,1500,1500,1500,1500,7.4
2026-08-08,12:50:07.690,301.1,-1.2,-89,-89,97,3,0,8,50,-94,100,0,12.2,0.0,0,0,-294,-6,-1014,-455,30,-1024,-3,-916,-32,-1,-1,-1,-1,-1,1,0,-1,0x0000000000000000,1433,1435,1422,1450,2012,1399,1441,1260,1701,988,1500,1500,1500,1500,1500,1500,1500,1500,1500,1500,1500,1500,1500,1500,1500,1500,1500,1500,1500,1500,1500,1500,7.4
2026-08-08,12:50:08.190,300.3,-1.3,-73,-90,94,12,0,8,250,-82,100,9,12.2,0.0,0,0,-1,9,-1012,1,30,-1024,-3,-916,-31,-1,-1,-1,-1,-1,1,0,-1,0x0000000000000000,1511,1430,1532,1520,2012,1536,1521,1260,1701,988,1500,1500,1500,1500,1500,1500,1500,1500,1500,1500,1500,1500,1500,1500,1500,1500,1500,1500,1500,1500,1500,1500,7.4
2026-08-08,12:50:08.690,300.0,-0.6,-80,-91,100,8,0,8,50,-82,100,11,12.2,0.0,0,0,-1,0,-1012,0,30,-1024,-3,-916,-31,-1,-1,-1,-1,-1,1,0,-1,0x0000000000000000,1511,1433,1532,1519,2012,1535,1521,1260,1701,988,1500,1500,1500,1500,1500,1500,1500,1500,1500,1500,1500,1500,1500,1500,1500,1500,1500,1500,1500,1500,1500,1500,7.4
2026-08-08,12:50:09.190,299.4,-1.1,-82,-91,100,8,0,8,100,-84,100,9,12.2,0.0,0,0,-1,0,-1012,1,29,-1024,-3,-916,-31,-1,-1,-1,-1,-1,1,0,-1,0x0000000000000000,1511,1433,1532,1520,2012,1536,1521,1260,1701,988,1500,1500,1500,1500,1500,1500,1500,1500,1500,1500,1500,1500,1500,1500,1500,1500,1500,1500,1500,1500,1500,1500,7.4
2026-08-08,12:50:09.690,298.7,-0.8,-88,-93,97,2,0,8,250,-86,88,8,12.2,0.0,0,0,-1,0,-1012,1,30,-1024,-3,-916,-31,-1,-1,-1,-1,-1,1,0,-1,0x0000000000000000,1511,1433,1532,1520,2012,1536,1521,1260,1701,988,1500,1500,1500,1500,1500,1500,1500,1500,1500,1500,1500,1500,1500,1500,1500,1500,1500,1500,1500,1500,1500,1500,7.4
2026-08-08,12:50:10.190,298.8,-0.1,-83,-93,100,4,0,8,50,-85,100,8,12.2,0.0,0,0,-2,0,-1012,1,30,-1024,-3,-916,-31,-1,-1,-1,-1,-1,1,0,-1,0x0000000000000000,1511,1431,1532,1520,2012,1536,1521,1260,1701,988,1500,1500,1500,1500,1500,1500,1500,1500,1500,1500,1500,1500,1500,1500,1500,1500,1500,1500,1500,1500,1500,1500,7.4
2026-08-08,12:50:10.690,298.7,-0.4,-81,-93,100,5,0,8,50,-85,100,8,12.2,0.0,0,0,-1,0,-1012,1,30,-1024,-3,-916,-31,-1,-1,-1,-1,-1,1,0,-1,0x0000000000000000,1511,1427,1532,1520,2012,1536,1521,1260,1701,988,1500,1500,1500,1500,1500,1500,1500,1500,1500,1500,1500,1500,1500,1500,1500,1500,1500,1500,1500,1500,1500,1500,7.4
2026-08-08,12:50:11.190,299.3,0.8,-81,-93,100,10,0,8,50,-86,100,8,12.2,0.0,0,0,-1,-1,-1011,1,30,-1024,-3,-916,-32,-1,-1,-1,-1,-1,1,0,-1,0x0000000000000000,1511,1426,1532,1520,2012,1536,1521,1260,1701,988,1500,1500,1500,1500,1500,1500,1500,1500,1500,1500,1500,1500,1500,1500,1500,1500,1500,1500,1500,1500,1500,1500,7.4
2026-08-08,12:50:11.690,300.5,2.3,-86,-96,99,9,0,8,50,-86,100,7,12.2,0.0,0,0,-1,233,-1011,2,29,-1024,-3,-916,-31,-1,-1,-1,-1,-1,1,0,-1,0x0000000000000000,1511,1367,1532,1520,2012,1536,1521,1260,1701,988,1500,1500,1500,1500,1500,1500,1500,1500,1500,1500,1500,1500,1500,1500,1500,1500,1500,1500,1500,1500,1500,1500,7.4
2026-08-08,12:50:12.190,303.7,5.5,-83,-90,97,5,0,8,250,-88,100,8,12.2,0.0,0,0,-1,187,-1012,1,30,-1024,-3,-916,-32,-1,-1,-1,-1,-1,1,0,-1,0x0000000000000000,1511,1379,1532,1520,2012,1536,1521,1260,1701,988,1500,1500,1500,1500,1500,1500,1500,1500,1500,1500,1500,1500,1500,1500,1500,1500,1500,1500,1500,1500,1500,1500,7.4
2026-08-08,12:50:12.690,305.3,3.4,-82,-87,99,1,0,8,250,-90,88,6,12.2,0.0,0,0,-1,389,-1012,2,30,-1024,-3,-916,-31,-1,-1,-1,-1,-1,1,0,-1,0x0000000000000000,1511,1326,1532,1520,2012,1536,1521,1260,1701,988,1500,1500,1500,1500,1500,1500,1500,1500,1500,1500,1500,1500,1500,1500,1500,1500,1500,1500,1500,1500,1500,1500,7.4
2026-08-08,12:50:13.190,305.0,-0.3,-85,-87,97,2,1,8,250,-93,96,0,12.2,0.0,0,0,-1,269,-1012,1,30,-1024,-3,-916,-31,-1,-1,-1,-1,-1,1,0,-1,0x0000000000000000,1511,1358,1532,1520,2012,1536,1521,1260,1701,988,1500,1500,1500,1500,1500,1500,1500,1500,1500,1500,1500,1500,1500,1500,1500,1500,1500,1500,1500,1500,1500,1500,7.4
2026-08-08,12:50:13.690,304.4,-1.6,-83,-88,100,7,0,8,250,-89,92,5,12.2,0.0,0,0,-1,75,-1012,-20,30,-1024,-3,-916,-31,-1,-1,-1,-1,-1,1,0,-1,0x0000000000000000,1511,1407,1527,1516,2012,1529,1517,1260,1701,988,1500,1500,1500,1500,1500,1500,1500,1500,1500,1500,1500,1500,1500,1500,1500,1500,1500,1500,1500,1500,1500,1500,7.4
2026-08-08,12:50:14.190,302.2,-2.8,-82,-88,100,8,0,8,250,-89,96,8,12.2,0.0,0,0,-1,191,-1011,2,30,-1024,-3,-916,-31,-1,-1,-1,-1,-1,1,0,-1,0x0000000000000000,1511,1378,1532,1520,2012,1536,1521,1260,1701,988,1500,1500,1500,1500,1500,1500,1500,1500,1500,1500,1500,1500,1500,1500,1500,1500,1500,1500,1500,1500,1500,1500,7.4
2026-08-08,12:50:14.690,299.4,-5.5,-81,-88,100,8,0,8,50,-84,100,7,12.2,0.0,0,0,-1,17,-1011,2,30,-1024,-3,-916,-31,-1,-1,-1,-1,-1,1,0,-1,0x0000000000000000,1511,1421,1532,1520,2012,1536,1521,1260,1701,988,1500,1500,1500,1500,1500,1500,1500,1500,1500,1500,1500,1500,1500,1500,1500,1500,1500,1500,1500,1500,1500,1500,7.4
2026-08-08,12:50:15.190,295.5,-8.0,-81,-87,99,5,1,8,250,-95,96,2,12.2,0.0,0,0,-1,-132,-1012,-10,30,-1024,-3,-916,-31,-1,-1,-1,-1,-1,1,0,-1,0x0000000000000000,1511,1458,1529,1518,2012,1532,1519,1260,1701,988,1500,1500,1500,1500,1500,1500,1500,1500,1500,1500,1500,1500,1500,1500,1500,1500,1500,1500,1500,1500,1500,1500,7.4
2026-08-08,12:50:15.690,292.5,-5.5,-81,-93,98,7,0,8,25,-85,96,9,12.2,0.0,0,0,-1,12,-1012,289,30,-1024,-3,-916,-31,-1,-1,-1,-1,-1,1,0,-1,0x0000000000000000,1511,1423,1609,1567,2012,1621,1571,1260,1701,988,1500,1500,1500,1500,1500,1500,1500,1500,1500,1500,1500,1500,1500,1500,1500,1500,1500,1500,1500,1500,1500,1500,7.4
2026-08-08,12:50:16.190,289.1,-6.7,-83,-93,100,10,0,8,25,-85,100,8,12.2,0.0,0,0,-1,7,-1012,543,30,-1024,-3,-916,-31,-1,-1,-1,-1,-1,1,0,-1,0x0000000000000000,1511,1423,1677,1608,2012,1697,1616,1260,1701,988,1500,1500,1500,1500,1500,1500,1500,1500,1500,1500,1500,1500,1500,1500,1500,1500,1500,1500,1500,1500,1500,1500,7.4
2026-08-08,12:50:16.690,287.7,-3.4,-83,-93,100,8,0,8,100,-84,100,8,12.2,0.0,0,0,-1,1,-1012,202,30,-1024,-3,-916,-31,-1,-1,-1,-1,-1,1,0,-1,0x0000000000000000,1511,1425,1586,1552,2012,1595,1556,1260,1701,988,1500,1500,1500,1500,1500,1500,1500,1500,1500,1500,1500,1500,1500,1500,1500,1500,1500,1500,1500,1500,1500,1500,7.4
2026-08-08,12:50:17.190,285.9,-3.6,-84,-93,100,7,0,8,25,-88,96,8,12.2,0.0,0,0,-1,0,-1012,310,30,-1024,-3,-916,-31,-1,-1,-1,-1,-1,1,0,-1,0x0000000000000000,1511,1425,1615,1570,2012,1628,1575,1260,1701,988,1500,1500,1500,1500,1500,1500,1500,1500,1500,1500,1500,1500,1500,1500,1500,1500,1500,1500,1500,1500,1500,1500,7.4
2026-08-08,12:50:17.690,285.0,-2.6,-83,-93,100,10,0,8,25,-82,100,10,12.2,0.0,0,0,2,-8,-1012,-563,30,-1024,-3,-916,-31,-1,-1,-1,-1,-1,1,0,-1,0x0000000000000000,1512,1427,1396,1434,2012,1367,1423,1260,1701,988,1500,1500,1500,1500,1500,1500,1500,1500,1500,1500,1500,1500,1500,1500,1500,1500,1500,1500,1500,1500,1500,1500,7.4
2026-08-08,12:50:18.190,283.2,-3.9,-83,-93,100,7,0,8,25,-84,96,8,12.2,0.0,0,0,-1,-5,-1012,-1,30,-1024,-3,-916,-31,-1,-1,-1,-1,-1,1,0,-1,0x0000000000000000,1511,1427,1532,1519,2012,1535,1521,1260,1701,988,1500,1500,1500,1500,1500,1500,1500,1500,1500,1500,1500,1500,1500,1500,1500,1500,1500,1500,1500,1500,1500,1500,7.4
2026-08-08,12:50:18.690,279.6,-7.0,-84,-93,100,6,0,8,50,-87,100,7,12.2,0.0,0,0,-2,5,-1012,774,29,-1024,-3,-916,-31,-1,-1,-1,-1,-1,1,0,-1,0x0000000000000000,1511,1424,1739,1646,2012,1766,1656,1260,1701,988,1500,1500,1500,1500,1500,1500,1500,1500,1500,1500,1500,1500,1500,1500,1500,1500,1500,1500,1500,1500,1500,1500,7.4
2026-08-08,12:50:19.190,275.2,-8.1,-83,-87,99,5,1,8,100,-92,96,2,12.2,0.0,0,0,-1,3,-1012,895,29,-1024,-3,-916,-31,-1,-1,-1,-1,-1,1,0,-1,0x0000000000000000,1511,1425,1772,1666,2012,1802,1678,1260,1701,988,1500,1500,1500,1500,1500,1500,1500,1500,1500,1500,1500,1500,1500,1500,1500,1500,1500,1500,1500,1500,1500,1500,7.4
2026-08-08,12:50:19.690,269.8,-9.8,-83,-82,97,7,1,8,250,-93,100,1,12.1,0.0,0,0,-1,-149,-1012,396,29,-1024,-3,-916,-32,-1,-1,-1,-1,-1,1,0,-1,0x0000000000000000,1511,1462,1638,1584,2012,1653,1590,1260,1701,988,1500,1500,1500,1500,1500,1500,1500,1500,1500,1500,1500,1500,1500,1500,1500,1500,1500,1500,1500,1500,1500,1500,7.4
2026-08-08,12:50:20.190,260.3,-18.2,-83,-86,99,10,1,8,100,-92,96,3,12.1,0.0,0,0,-1,-664,-1013,177,30,-1024,-3,-916,-31,-1,-1,-1,-1,-1,1,0,-1,0x0000000000000000,1511,1632,1579,1548,2012,1588,1552,1260,1701,988,1500,1500,1500,1500,1500,1500,1500,1500,1500,1500,1500,1500,1500,1500,1500,1500,1500,1500,1500,1500,1500,1500,7.3
2026-08-08,12:50:20.690,253.3,-13.7,-82,-85,99,7,0,8,25,-79,100,11,12.2,0.0,0,0,0,-543,-1012,467,29,-1024,-3,-916,-31,-1,-1,-1,-1,-1,1,0,-1,0x0000000000000000,1512,1586,1657,1596,2012,1674,1603,1260,1701,988,1500,1500,1500,1500,1500,1500,1500,1500,1500,1500,1500,1500,1500,1500,1500,1500,1500,1500,1500,1500,1500,1500,7.3
2026-08-08,12:50:21.190,254.3,0.8,-89,-97,96,9,0,8,50,-87,100,-3,12.2,0.0,0,0,-1,-5,-1012,0,30,-1024,-3,-916,-31,-1,-1,-1,-1,-1,1,0,-1,0x0000000000000000,1511,1427,1532,1519,2012,1535,1521,1260,1701,988,1500,1500,1500,1500,1500,1500,1500,1500,1500,1500,1500,1500,1500,1500,1500,1500,1500,1500,1500,1500,1500,1500,7.3
2026-08-08,12:50:21.690,251.7,-5.0,-83,-97,98,8,0,8,25,-80,100,10,12.2,0.0,0,0,-1,-145,-1012,578,29,-1024,-3,-916,-31,-1,-1,-1,-1,-1,1,0,-1,0x0000000000000000,1511,1461,1687,1614,2012,1707,1622,1260,1701,988,1500,1500,1500,1500,1500,1500,1500,1500,1500,1500,1500,1500,1500,1500,1500,1500,1500,1500,1500,1500,1500,1500,7.3
2026-08-08,12:50:22.190,247.7,-8.5,-82,-97,100,10,0,8,100,-82,100,9,12.2,0.0,0,0,-1,-3,-1012,965,29,-1024,-3,-916,-32,-1,-1,-1,-1,-1,1,0,-1,0x0000000000000000,1511,1426,1791,1677,2012,1823,1690,1260,1701,988,1500,1500,1500,1500,1500,1500,1500,1500,1500,1500,1500,1500,1500,1500,1500,1500,1500,1500,1500,1500,1500,1500,7.3
2026-08-08,12:50:22.690,238.0,-19.7,-83,-97,100,8,0,8,50,-84,100,9,12.2,0.0,0,0,-1,-579,-1012,25,30,-1024,-3,-916,-32,-1,-1,-1,-1,-1,1,0,-1,0x0000000000000000,1511,1599,1539,1524,2012,1543,1525,1260,1701,988,1500,1500,1500,1500,1500,1500,1500,1500,1500,1500,1500,1500,1500,1500,1500,1500,1500,1500,1500,1500,1500,1500,7.3
2026-08-08,12:50:23.190,227.9,-19.3,-83,-97,100,9,0,8,25,-85,100,8,12.2,0.0,0,0,-1,-192,-1012,-342,30,-1024,-3,-916,-31,-1,-1,-1,-1,-1,1,0,-1,0x0000000000000000,1511,1474,1448,1467,2012,1434,1461,1260,1701,988,1500,1500,1500,1500,1500,1500,1500,1500,1500,1500,1500,1500,1500,1500,1500,1500,1500,1500,1500,1500,1500,1500,7.3
2026-08-08,12:50:23.690,219.1,-18.6,-83,-97,100,5,0,8,50,-82,92,9,12.1,0.0,0,0,-1,-363,-1012,-454,30,-1024,-3,-916,-31,-1,-1,-1,-1,-1,1,0,-1,0x0000000000000000,1511,1525,1422,1450,2012,1400,1442,1260,1701,988,1500,1500,1500,1500,1500,1500,1500,1500,1500,1500,1500,1500,1500,1500,1500,1500,1500,1500,1500,1500,1500,1500,7.3
2026-08-08,12:50:24.190,224.6,6.8,-81,-97,100,7,0,8,10,-77,100,5,12.1,0.0,0,0,-1,-145,-1012,-609,30,-1024,-3,-916,-31,-1,-1,-1,-1,-1,1,0,-1,0x0000000000000000,1511,1461,1386,1427,2012,1353,1415,1260,1701,988,1500,1500,1500,1500,1500,1500,1500,1500,1500,1500,1500,1500,1500,1500,1500,1500,1500,1500,1500,1500,1500,1500,7.3
2026-08-08,12:50:24.690,228.5,7.9,-76,-92,99,11,0,8,10,-77,100,10,12.1,0.0,0,0,-1,-218,-1012,-578,30,-1024,-3,-916,-32,-1,-1,-1,-1,-1,1,0,-1,0x0000000000000000,1511,1481,1393,1432,2012,1362,1420,1260,1701,988,1500,1500,1500,1500,1500,1500,1500,1500,1500,1500,1500,1500,1500,1500,1500,1500,1500,1500,1500,1500,1500,1500,7.3
2026-08-08,12:50:25.190,235.5,13.3,-79,-95,99,10,0,8,50,-85,96,9,12.2,0.0,0,0,-1,0,-1012,1,30,-1024,-3,-916,-31,-1,-1,-1,-1,-1,1,0,-1,0x0000000000000000,1511,1425,1532,1520,2012,1536,1521,1260,1701,988,1500,1500,1500,1500,1500,1500,1500,1500,1500,1500,1500,1500,1500,1500,1500,1500,1500,1500,1500,1500,1500,1500,7.3
2026-08-08,12:50:25.690,240.7,9.9,-85,-97,99,7,0,8,50,-81,100,10,12.2,0.0,0,0,-1,-9,-1012,-293,30,-1024,-3,-916,-31,-1,-1,-1,-1,-1,1,0,-1,0x0000000000000000,1511,1428,1460,1474,2012,1448,1470,1260,1701,988,1500,1500,1500,1500,1500,1500,1500,1500,1500,1500,1500,1500,1500,1500,1500,1500,1500,1500,1500,1500,1500,1500,7.3
2026-08-08,12:50:26.190,244.1,6.8,-90,-97,97,6,0,8,25,-96,100,3,12.2,0.0,0,0,-1,-5,-1012,-23,30,-1024,-3,-916,-31,-1,-1,-1,-1,-1,1,0,-1,0x0000000000000000,1511,1427,1526,1516,2012,1529,1517,1260,1701,988,1500,1500,1500,1500,1500,1500,1500,1500,1500,1500,1500,1500,1500,1500,1500,1500,1500,1500,1500,1500,1500,1500,7.3
2026-08-08,12:50:26.690,245.8,3.6,-97,-87,98,4,1,8,250,-97,76,3,12.2,0.0,0,0,-1,-3,-1012,0,30,-1024,-3,-916,-31,0,-1,-1,-1,-1,1,0,-1,0x0000000000000000,1511,1395,1532,1567,2012,1535,1470,1380,1600,988,1500,1500,1500,1500,1500,1500,1500,1500,1500,1500,1500,1500,1500,1500,1500,1500,1500,1500,1500,1500,1500,1500,7.3
2026-08-08,12:50:27.190,245.8,0.2,-82,-87,99,6,0,8,10,-79,100,10,12.2,0.0,0,0,0,-2,-1011,0,30,-1024,-3,-916,-31,0,-1,-1,-1,-1,1,0,-1,0x0000000000000000,1512,1395,1532,1567,2012,1535,1470,1380,1600,988,1500,1500,1500,1500,1500,1500,1500,1500,1500,1500,1500,1500,1500,1500,1500,1500,1500,1500,1500,1500,1500,1500,7.3
2026-08-08,12:50:27.690,244.2,-2.6,-82,-93,99,5,0,8,10,-77,100,10,12.2,0.0,0,0,0,-2,-1011,0,30,-1024,-3,-916,-31,0,-1,-1,-1,-1,1,0,-1,0x0000000000000000,1512,1395,1532,1567,2012,1535,1470,1380,1600,988,1500,1500,1500,1500,1500,1500,1500,1500,1500,1500,1500,1500,1500,1500,1500,1500,1500,1500,1500,1500,1500,1500,7.3
2026-08-08,12:50:28.190,241.3,-5.2,-81,-93,100,6,0,8,10,-81,100,10,12.2,0.0,0,0,-1,-313,-1012,2,30,-1024,-3,-916,-31,0,-1,-1,-1,-1,1,0,-1,0x0000000000000000,1511,1475,1532,1567,2012,1536,1470,1380,1600,988,1500,1500,1500,1500,1500,1500,1500,1500,1500,1500,1500,1500,1500,1500,1500,1500,1500,1500,1500,1500,1500,1500,7.3
2026-08-08,12:50:28.690,237.7,-7.1,-74,-97,98,10,0,8,50,-78,92,9,12.2,0.0,0,0,0,0,-1012,-350,30,-1024,-3,-916,-32,0,-1,-1,-1,-1,1,0,-1,0x0000000000000000,1512,1395,1446,1510,2012,1431,1409,1380,1600,988,1500,1500,1500,1500,1500,1500,1500,1500,1500,1500,1500,1500,1500,1500,1500,1500,1500,1500,1500,1500,1500,1500,7.3
2026-08-08,12:50:29.190,236.4,-3.9,-75,-99,99,3,0,8,50,-87,100,9,12.1,0.0,0,0,-2,-137,-1012,-725,30,-1024,-3,-916,-31,0,-1,-1,-1,-1,1,0,-1,0x0000000000000000,1511,1428,1358,1453,2012,1318,1343,1380,1600,988,1500,1500,1500,1500,1500,1500,1500,1500,1500,1500,1500,1500,1500,1500,1500,1500,1500,1500,1500,1500,1500,1500,7.3
2026-08-08,12:50:29.690,234.5,-3.9,-78,-99,99,10,0,8,50,-84,100,8,12.1,0.0,0,0,-1,-119,-1012,-506,30,-1024,-3,-916,-31,0,-1,-1,-1,-1,1,0,-1,0x0000000000000000,1511,1424,1410,1486,2012,1384,1382,1380,1600,988,1500,1500,1500,1500,1500,1500,1500,1500,1500,1500,1500,1500,1500,1500,1500,1500,1500,1500,1500,1500,1500,1500,7.3
2026-08-08,12:50:30.190,233.4,-2.6,-81,-82,99,9,0,8,50,-86,100,8,12.2,0.0,0,0,0,-6,-1011,-96,30,-1024,-3,-916,-31,0,-1,-1,-1,-1,1,0,-1,0x0000000000000000,1512,1397,1506,1552,2012,1507,1453,1380,1600,988,1500,1500,1500,1500,1500,1500,1500,1500,1500,1500,1500,1500,1500,1500,1500,1500,1500,1500,1500,1500,1500,1500,7.3
2026-08-08,12:50:30.690,230.9,-4.7,-85,-94,97,0,0,8,250,-83,100,9,12.2,0.0,0,0,-1,-67,-1012,-215,30,-1024,-3,-916,-31,0,-1,-1,-1,-1,1,0,-1,0x0000000000000000,1511,1411,1478,1532,2012,1471,1432,1380,1600,988,1500,1500,1500,1500,1500,1500,1500,1500,1500,1500,1500,1500,1500,1500,1500,1500,1500,1500,1500,1500,1500,1500,7.3
2026-08-08,12:50:31.190,227.2,-7.3,-73,-94,97,7,0,8,25,-82,88,9,12.2,0.0,0,0,-1,-9,-1013,347,29,-1024,-3,-916,-31,0,-1,-1,-1,-1,1,0,-1,0x0000000000000000,1511,1397,1625,1624,2012,1639,1530,1380,1600,988,1500,1500,1500,1500,1500,1500,1500,1500,1500,1500,1500,1500,1500,1500,1500,1500,1500,1500,1500,1500,1500,1500,7.3
2026-08-08,12:50:31.690,223.5,-7.2,-85,-95,99,8,0,8,50,-87,100,7,12.2,0.0,0,0,-1,8,-1012,478,29,-1024,-3,-916,-31,0,-1,-1,-1,-1,1,0,-1,0x0000000000000000,1511,1393,1660,1645,2012,1678,1553,1380,1600,988,1500,1500,1500,1500,1500,1500,1500,1500,1500,1500,1500,1500,1500,1500,1500,1500,1500,1500,1500,1500,1500,1500,7.3
2026-08-08,12:50:32.190,219.5,-7.1,-78,-90,97,10,0,8,50,-86,100,8,12.1,0.0,0,0,-1,65,-1012,755,29,-1024,-3,-916,-32,0,-1,-1,-1,-1,1,0,-1,0x0000000000000000,1511,1379,1734,1691,2012,1760,1602,1380,1600,988,1500,1500,1500,1500,1500,1500,1500,1500,1500,1500,1500,1500,1500,1500,1500,1500,1500,1500,1500,1500,1500,1500,7.3
2026-08-08,12:50:32.690,215.8,-8.2,-76,-86,99,8,0,8,100,-91,100,4,12.1,0.0,0,0,-1,71,-1013,911,29,-1024,-3,-916,-31,0,-1,-1,-1,-1,1,0,-1,0x0000000000000000,1511,1378,1776,1716,2012,1806,1629,1380,1600,988,1500,1500,1500,1500,1500,1500,1500,1500,1500,1500,1500,1500,1500,1500,1500,1500,1500,1500,1500,1500,1500,1500,7.3
2026-08-08,12:50:33.190,211.7,-7.9,-83,-94,99,8,0,8,25,-87,100,4,12.2,0.0,0,0,-1,77,-1012,982,29,-1024,-3,-916,-31,0,-1,-1,-1,-1,1,0,-1,0x0000000000000000,1511,1376,1795,1727,2012,1827,1641,1380,1600,988,1500,1500,1500,1500,1500,1500,1500,1500,1500,1500,1500,1500,1500,1500,1500,1500,1500,1500,1500,1500,1500,1500,7.3
2026-08-08,12:50:33.690,207.8,-7.4,-83,-94,100,2,0,8,250,-86,100,7,12.2,0.0,0,0,0,41,-1012,1015,29,-1024,-3,-916,-32,0,-1,-1,-1,-1,1,0,-1,0x0000000000000000,1512,1385,1804,1733,2012,1837,1647,1380,1600,988,1500,1500,1500,1500,1500,1500,1500,1500,1500,1500,1500,1500,1500,1500,1500,1500,1500,1500,1500,1500,1500,1500,7.3
2026-08-08,12:50:34.190,203.5,-8.3,-78,-79,97,11,0,8,50,-80,100,10,12.2,0.0,0,0,-1,3,-1012,884,29,-1024,-3,-916,-31,0,-1,-1,-1,-1,1,0,-1,0x0000000000000000,1511,1394,1769,1712,2012,1798,1624,1380,1600,988,1500,1500,1500,1500,1500,1500,1500,1500,1500,1500,1500,1500,1500,1500,1500,1500,1500,1500,1500,1500,1500,1500,7.3
2026-08-08,12:50:34.690,199.0,-8.6,-81,-79,100,9,0,8,50,-86,100,8,12.2,0.0,0,0,-1,-25,-1012,1021,29,-1024,-3,-916,-31,0,-1,-1,-1,-1,1,0,-1,0x0000000000000000,1511,1401,1806,1734,2012,1839,1648,1380,1600,988,1500,1500,1500,1500,1500,1500,1500,1500,1500,1500,1500,1500,1500,1500,1500,1500,1500,1500,1500,1500,1500,1500,7.3
2026-08-08,12:50:35.190,194.9,-8.3,-76,-90,99,8,0,8,100,-86,96,9,12.2,0.0,0,0,-1,-1,-1012,1023,29,-1024,-3,-916,-31,0,-1,-1,-1,-1,1,0,-1,0x0000000000000000,1511,1395,1806,1734,2012,1840,1649,1380,1600,988,1500,1500,1500,1500,1500,1500,1500,1500,1500,1500,1500,1500,1500,1500,1500,1500,1500,1500,1500,1500,1500,1500,7.3
2026-08-08,12:50:35.690,192.4,-5.4,-84,-90,97,7,0,8,25,-83,100,9,12.2,0.0,0,0,-1,8,-1012,1019,29,-1024,-3,-916,-31,0,-1,-1,-1,-1,1,0,-1,0x0000000000000000,1511,1393,1805,1734,2012,1838,1648,1380,1600,988,1500,1500,1500,1500,1500,1500,1500,1500,1500,1500,1500,1500,1500,1500,1500,1500,1500,1500,1500,1500,1500,1500,7.3
2026-08-08,12:50:36.190,190.7,-2.8,-82,-90,98,9,0,8,10,-81,100,11,12.2,0.0,0,0,0,1,-1012,1020,29,-1024,-3,-916,-32,0,-1,-1,-1,-1,1,0,-1,0x0000000000000000,1512,1394,1805,1734,2012,1839,1648,1380,1600,988,1500,1500,1500,1500,1500,1500,1500,1500,1500,1500,1500,1500,1500,1500,1500,1500,1500,1500,1500,1500,1500,1500,7.3
2026-08-08,12:50:36.690,190.2,-1.2,-83,-90,100,9,0,8,10,-83,100,8,12.2,0.0,0,0,0,-12,-1012,1024,29,-1024,-3,-916,-31,0,-1,-1,-1,-1,1,0,-1,0x0000000000000000,1512,1398,1806,1735,2012,1840,1649,1380,1600,988,1500,1500,1500,1500,1500,1500,1500,1500,1500,1500,1500,1500,1500,1500,1500,1500,1500,1500,1500,1500,1500,1500,7.3
2026-08-08,12:50:37.190,190.8,0.7,-84,-90,100,6,0,8,10,-81,100,9,12.2,0.0,0,0,0,0,-1012,1023,29,-1024,-3,-916,-31,0,-1,-1,-1,-1,1,0,-1,0x0000000000000000,1512,1395,1806,1734,2012,1840,1649,1380,1600,988,1500,1500,1500,1500,1500,1500,1500,1500,1500,1500,1500,1500,1500,1500,1500,1500,1500,1500,1500,1500,1500,1500,7.3
2026-08-08,12:50:37.690,191.6,2.1,-84,-90,100,9,0,8,10,-78,100,10,12.2,0.0,0,0,-1,0,-1012,188,29,-1024,-3,-916,-31,0,-1,-1,-1,-1,1,0,-1,0x0000000000000000,1511,1395,1582,1598,2012,1592,1503,1380,1600,988,1500,1500,1500,1500,1500,1500,1500,1500,1500,1500,1500,1500,1500,1500,1500,1500,1500,1500,1500,1500,1500,1500,7.3
2026-08-08,12:50:38.190,193.2,2.8,-80,-90,100,10,0,8,50,-78,100,10,12.2,0.0,0,0,-1,-3,-1012,1023,29,-1024,-3,-916,-31,0,-1,-1,-1,-1,1,0,-1,0x0000000000000000,1511,1395,1806,1734,2012,1840,1649,1380,1600,988,1500,1500,1500,1500,1500,1500,1500,1500,1500,1500,1500,1500,1500,1500,1500,1500,1500,1500,1500,1500,1500,1500,7.3
2026-08-08,12:50:38.690,196.0,4.9,-83,-94,99,6,0,8,25,-85,100,8,12.2,0.0,0,0,0,7,-1012,1020,29,-1024,-3,-916,-32,0,-1,-1,-1,-1,1,0,-1,0x0000000000000000,1512,1393,1805,1734,2012,1839,1648,1380,1600,988,1500,1500,1500,1500,1500,1500,1500,1500,1500,1500,1500,1500,1500,1500,1500,1500,1500,1500,1500,1500,1500,1500,7.3
2026-08-08,12:50:39.190,198.8,5.6,-84,-94,100,10,0,8,50,-81,100,9,12.2,0.0,0,0,2,-3,-1011,1023,29,-1024,-3,-916,-31,0,-1,-1,-1,-1,1,0,-1,0x0000000000000000,1512,1395,1806,1734,2012,1840,1649,1380,1600,988,1500,1500,1500,1500,1500,1500,1500,1500,1500,1500,1500,1500,1500,1500,1500,1500,1500,1500,1500,1500,1500,1500,7.3
2026-08-08,12:50:39.690,200.2,2.9,-83,-94,100,6,0,8,50,-88,96,8,12.2,0.0,0,0,1,-94,-1012,885,29,-1024,-3,-916,-31,0,-1,-1,-1,-1,1,0,-1,0x0000000000000000,1512,1418,1769,1712,2012,1799,1625,1380,1600,988,1500,1500,1500,1500,1500,1500,1500,1500,1500,1500,1500,1500,1500,1500,1500,1500,1500,1500,1500,1500,1500,1500,7.3
2026-08-08,12:50:40.190,200.2,0.4,-79,-93,93,9,0,8,100,-79,100,10,12.1,0.0,0,0,0,-228,-1012,569,29,-1024,-3,-916,-31,0,-1,-1,-1,-1,1,0,-1,0x0000000000000000,1512,1452,1684,1660,2012,1705,1569,1380,1600,988,1500,1500,1500,1500,1500,1500,1500,1500,1500,1500,1500,1500,1500,1500,1500,1500,1500,1500,1500,1500,1500,1500,7.3
2026-08-08,12:50:40.690,198.8,-2.2,-74,-93,100,10,0,8,10,-78,100,9,12.1,0.0,0,0,0,-3,-1012,-334,30,-1024,-3,-916,-31,0,-1,-1,-1,-1,1,0,-1,0x0000000000000000,1512,1395,1450,1513,2012,1436,1412,1380,1600,988,1500,1500,1500,1500,1500,1500,1500,1500,1500,1500,1500,1500,1500,1500,1500,1500,1500,1500,1500,1500,1500,1500,7.3
2026-08-08,12:50:41.190,196.5,-4.0,-82,-95,99,5,0,8,10,-78,100,11,12.2,0.0,0,0,0,4,-1012,289,30,-1024,-3,-916,-31,0,-1,-1,-1,-1,1,0,-1,0x0000000000000000,1512,1394,1609,1614,2012,1621,1520,1380,1600,988,1500,1500,1500,1500,1500,1500,1500,1500,1500,1500,1500,1500,1500,1500,1500,1500,1500,1500,1500,1500,1500,1500,7.3
2026-08-08,12:50:41.690,193.3,-6.4,-83,-95,100,7,0,8,25,-82,100,10,12.2,0.0,0,0,1,4,-1011,251,30,-1024,-3,-916,-31,0,-1,-1,-1,-1,1,0,-1,0x0000000000000000,1512,1394,1599,1608,2012,1610,1514,1380,1600,988,1500,1500,1500,1500,1500,1500,1500,1500,1500,1500,1500,1500,1500,1500,1500,1500,1500,1500,1500,1500,1500,1500,7.3
2026-08-08,12:50:42.190,190.4,-5.8,-80,-95,100,12,0,8,10,-72,100,10,12.1,0.0,0,0,1,121,-1012,377,29,-1024,-3,-916,-31,0,-1,-1,-1,-1,1,0,-1,0x0000000000000000,1512,1365,1633,1629,2012,1648,1536,1380,1600,988,1500,1500,1500,1500,1500,1500,1500,1500,1500,1500,1500,1500,1500,1500,1500,1500,1500,1500,1500,1500,1500,1500,7.3
2026-08-08,12:50:42.690,186.8,-8.0,-81,-95,100,10,0,8,10,-72,100,10,12.1,0.0,0,0,1,8,-1012,510,30,-1024,-3,-916,-31,0,-1,-1,-1,-1,1,0,-1,0x0000000000000000,1512,1393,1669,1650,2012,1687,1559,1380,1600,988,1500,1500,1500,1500,1500,1500,1500,1500,1500,1500,1500,1500,1500,1500,1500,1500,1500,1500,1500,1500,1500,1500,7.3
2026-08-08,12:50:43.190,182.5,-7.8,-81,-95,100,9,0,8,250,-75,100,10,12.2,0.0,0,0,3,2,-1011,753,29,-1024,-3,-916,-32,0,-1,-1,-1,-1,1,0,-1,0x0000000000000000,1512,1394,1734,1690,2012,1759,1601,1380,1600,988,1500,1500,1500,1500,1500,1500,1500,1500,1500,1500,1500,1500,1500,1500,1500,1500,1500,1500,1500,1500,1500,1500,7.3
2026-08-08,12:50:43.690,177.7,-8.8,-75,-91,96,5,0,8,10,-84,100,8,12.2,0.0,0,0,2,5,-1010,1018,29,-1024,-3,-916,-31,0,-1,-1,-1,-1,1,0,-1,0x0000000000000000,1512,1393,1805,1734,2012,1838,1648,1380,1600,988,1500,1500,1500,1500,1500,1500,1500,1500,1500,1500,1500,1500,1500,1500,1500,1500,1500,1500,1500,1500,1500,1500,7.3
2026-08-08,12:50:44.190,174.7,-6.3,-76,-93,94,12,0,8,100,-87,100,8,12.2,0.0,0,0,0,5,-1012,984,29,-1024,-3,-916,-31,0,-1,-1,-1,-1,1,0,-1,0x0000000000000000,1512,1393,1796,1728,2012,1828,1642,1380,1600,988,1500,1500,1500,1500,1500,1500,1500,1500,1500,1500,1500,1500,1500,1500,1500,1500,1500,1500,1500,1500,1500,1500,7.3
2026-08-08,12:50:44.690,173.3,-2.9,-83,-88,95,10,0,8,50,-86,92,5,12.2,0.0,0,0,367,-1,-1011,702,29,-1024,-3,-916,-32,0,-1,-1,-1,-1,1,0,-1,0x0000000000000000,1612,1395,1720,1682,2012,1744,1592,1380,1600,988,1500,1500,1500,1500,1500,1500,1500,1500,1500,1500,1500,1500,1500,1500,1500,1500,1500,1500,1500,1500,1500,1500,7.3
2026-08-08,12:50:45.190,173.1,-0.8,-83,-97,96,5,0,8,25,-93,92,5,12.2,0.0,0,0,566,-4,-1012,77,30,-1024,-3,-916,-31,0,-1,-1,-1,-1,1,0,-1,0x0000000000000000,1676,1396,1553,1580,2012,1558,1484,1380,1600,988,1500,1500,1500,1500,1500,1500,1500,1500,1500,1500,1500,1500,1500,1500,1500,1500,1500,1500,1500,1500,1500,1500,7.3
2026-08-08,12:50:45.690,173.4,0.7,-85,-94,97,3,0,8,100,-84,100,10,12.2,0.0,0,0,697,-1,-1012,44,30,-1024,-3,-916,-31,0,-1,-1,-1,-1,1,0,-1,0x0000000000000000,1723,1395,1544,1574,2012,1549,1478,1380,1600,988,1500,1500,1500,1500,1500,1500,1500,1500,1500,1500,1500,1500,1500,1500,1500,1500,1500,1500,1500,1500,1500,1500,7.3
2026-08-08,12:50:46.190,174.6,2.4,-80,-94,97,7,0,8,25,-84,100,10,12.1,0.0,0,0,-881,1,-1015,21,30,-1024,-3,-916,-31,0,-1,-1,-1,-1,1,0,-1,0x0000000000000000,1224,1395,1538,1571,2012,1542,1474,1380,1600,988,1500,1500,1500,1500,1500,1500,1500,1500,1500,1500,1500,1500,1500,1500,1500,1500,1500,1500,1500,1500,1500,1500,7.3
2026-08-08,12:50:46.690,175.4,2.2,-82,-94,100,10,0,8,50,-79,100,10,12.1,0.0,0,0,633,-2,-999,12,30,-1024,-3,-916,-31,0,-1,-1,-1,-1,1,0,-1,0x0000000000000000,1699,1395,1535,1569,2012,1539,1472,1380,1600,988,1500,1500,1500,1500,1500,1500,1500,1500,1500,1500,1500,1500,1500,1500,1500,1500,1500,1500,1500,1500,1500,1500,7.3
2026-08-08,12:50:47.190,176.7,2.8,-83,-94,100,10,0,8,10,-83,96,9,12.1,0.0,0,0,712,7,-1005,398,29,-1024,-3,-916,-31,0,-1,-1,-1,-1,1,0,-1,0x0000000000000000,1729,1393,1639,1632,2012,1654,1539,1380,1600,988,1500,1500,1500,1500,1500,1500,1500,1500,1500,1500,1500,1500,1500,1500,1500,1500,1500,1500,1500,1500,1500,1500,7.3
2026-08-08,12:50:47.690,178.5,3.6,-86,-100,92,8,0,8,25,-81,76,9,12.1,0.0,0,0,500,386,-1005,807,29,-1024,-3,-916,-31,0,-1,-1,-1,-1,1,0,-1,0x0000000000000000,1654,1296,1748,1699,2012,1775,1611,1380,1600,988,1500,1500,1500,1500,1500,1500,1500,1500,1500,1500,1500,1500,1500,1500,1500,1500,1500,1500,1500,1500,1500,1500,7.3
2026-08-08,12:50:48.190,180.9,3.7,-77,-100,93,9,0,8,250,-87,100,8,12.2,0.0,0,0,524,324,-1003,958,29,-1024,-3,-916,-31,0,-1,-1,-1,-1,1,0,-1,0x0000000000000000,1661,1313,1789,1724,2012,1820,1637,1380,1600,988,1500,1500,1500,1500,1500,1500,1500,1500,1500,1500,1500,1500,1500,1500,1500,1500,1500,1500,1500,1500,1500,1500,7.3
2026-08-08,12:50:48.690,181.5,0.7,-85,-100,94,11,0,8,250,-88,100,6,12.2,0.0,0,0,519,274,-1002,973,29,-1024,-3,-916,-31,0,-1,-1,-1,-1,1,0,-1,0x0000000000000000,1660,1326,1793,1726,2012,1825,1640,1380,1600,988,1500,1500,1500,1500,1500,1500,1500,1500,1500,1500,1500,1500,1500,1500,1500,1500,1500,1500,1500,1500,1500,1500,7.3
2026-08-08,12:50:49.190,182.0,0.3,-82,-80,99,9,1,8,50,-87,100,8,12.2,0.0,0,0,94,9,-1004,843,29,-1024,-3,-916,-31,0,-1,-1,-1,-1,1,0,-1,0x0000000000000000,1537,1392,1758,1705,2012,1786,1617,1380,1600,988,1500,1500,1500,1500,1500,1500,1500,1500,1500,1500,1500,1500,1500,1500,1500,1500,1500,1500,1500,1500,1500,1500,7.3
2026-08-08,12:50:49.690,180.9,-1.9,-80,-82,100,10,0,8,100,-80,100,11,12.2,0.0,0,0,-1,-114,-1006,584,29,-1024,-3,-916,-31,0,-1,-1,-1,-1,1,0,-1,0x0000000000000000,1511,1423,1688,1663,2012,1709,1572,1380,1600,988,1500,1500,1500,1500,1500,1500,1500,1500,1500,1500,1500,1500,1500,1500,1500,1500,1500,1500,1500,1500,1500,1500,7.3
2026-08-08,12:50:50.190,178.8,-3.6,-84,-82,100,3,0,8,25,-88,100,9,12.2,0.0,0,0,0,149,-1006,162,30,-1024,-3,-916,-31,0,-1,-1,-1,-1,1,0,-1,0x0000000000000000,1512,1358,1575,1594,2012,1583,1498,1380,1600,988,1500,1500,1500,1500,1500,1500,1500,1500,1500,1500,1500,1500,1500,1500,1500,1500,1500,1500,1500,1500,1500,1500,7.3
2026-08-08,12:50:50.690,178.2,-2.1,-82,-82,100,4,0,8,50,-75,100,10,12.2,0.0,0,0,2,378,-1005,214,29,-1024,-3,-916,-31,0,-1,-1,-1,-1,1,0,-1,0x0000000000000000,1512,1298,1589,1602,2012,1599,1507,1380,1600,988,1500,1500,1500,1500,1500,1500,1500,1500,1500,1500,1500,1500,1500,1500,1500,1500,1500,1500,1500,1500,1500,1500,7.3
2026-08-08,12:50:51.190,175.2,-5.2,-80,-82,100,10,0,8,10,-73,100,12,12.2,0.0,0,0,0,260,-1006,275,29,-1024,-3,-916,-31,0,-1,-1,-1,-1,1,0,-1,0x0000000000000000,1512,1330,1606,1612,2012,1617,1518,1380,1600,988,1500,1500,1500,1500,1500,1500,1500,1500,1500,1500,1500,1500,1500,1500,1500,1500,1500,1500,1500,1500,1500,1500,7.3
2026-08-08,12:50:51.690,170.3,-9.4,-82,-82,100,7,0,8,10,-77,100,10,12.2,0.0,0,0,1,6,-1005,222,30,-1024,-3,-916,-31,0,-1,-1,-1,-1,1,0,-1,0x0000000000000000,1512,1393,1591,1603,2012,1601,1508,1380,1600,988,1500,1500,1500,1500,1500,1500,1500,1500,1500,1500,1500,1500,1500,1500,1500,1500,1500,1500,1500,1500,1500,1500,7.3
2026-08-08,12:50:52.190,162.4,-14.7,-80,-82,100,5,0,8,10,-73,100,10,12.2,0.0,0,0,0,-265,-1007,183,30,-1024,-3,-916,-32,0,-1,-1,-1,-1,1,0,-1,0x0000000000000000,1512,1461,1581,1597,2012,1589,1501,1380,1600,988,1500,1500,1500,1500,1500,1500,1500,1500,1500,1500,1500,1500,1500,1500,1500,1500,1500,1500,1500,1500,1500,1500,7.4
2026-08-08,12:50:52.690,158.9,-8.4,-84,-92,99,11,0,8,100,-88,100,8,12.2,0.0,0,0,0,54,-1005,172,30,-1024,-3,-916,-32,0,-1,-1,-1,-1,1,0,-1,0x0000000000000000,1512,1381,1578,1595,2012,1586,1500,1380,1600,988,1500,1500,1500,1500,1500,1500,1500,1500,1500,1500,1500,1500,1500,1500,1500,1500,1500,1500,1500,1500,1500,1500,7.4
2026-08-08,12:50:53.190,155.1,-8.8,-75,-88,97,6,0,8,10,-83,92,10,12.1,0.0,0,0,1,-366,-1005,119,30,-1024,-3,-916,-31,0,-1,-1,-1,-1,1,0,-1,0x0000000000000000,1512,1491,1564,1587,2012,1571,1491,1380,1600,988,1500,1500,1500,1500,1500,1500,1500,1500,1500,1500,1500,1500,1500,1500,1500,1500,1500,1500,1500,1500,1500,1500,7.4
2026-08-08,12:50:53.690,151.0,-7.3,-79,-90,98,10,0,8,10,-76,100,10,12.1,0.0,0,0,1,2,-1004,583,30,-1024,-3,-916,-32,0,-1,-1,-1,-1,1,0,-1,0x0000000000000000,1512,1394,1688,1662,2012,1709,1572,1380,1600,988,1500,1500,1500,1500,1500,1500,1500,1500,1500,1500,1500,1500,1500,1500,1500,1500,1500,1500,1500,1500,1500,1500,7.4
2026-08-08,12:50:54.190,148.3,-5.9,-80,-88,99,9,0,8,10,-72,100,10,12.1,0.0,0,0,2,84,-1004,1017,29,-1024,-3,-916,-31,0,-1,-1,-1,-1,1,0,-1,0x0000000000000000,1512,1374,1804,1733,2012,1838,1648,1380,1600,988,1500,1500,1500,1500,1500,1500,1500,1500,1500,1500,1500,1500,1500,1500,1500,1500,1500,1500,1500,1500,1500,1500,7.4
2026-08-08,12:50:54.690,144.6,-6.9,-80,-88,100,9,0,8,10,-74,100,10,12.1,0.0,0,0,3,244,-1004,984,29,-1024,-3,-916,-31,0,-1,-1,-1,-1,1,0,-1,0x0000000000000000,1512,1334,1796,1728,2012,1828,1642,1380,1600,988,1500,1500,1500,1500,1500,1500,1500,1500,1500,1500,1500,1500,1500,1500,1500,1500,1500,1500,1500,1500,1500,1500,7.4
2026-08-08,12:50:55.190,139.7,-9.3,-77,-88,100,11,0,8,10,-69,100,2,12.2,0.0,0,0,9,169,-1005,959,29,-1024,-3,-916,-31,-1,-1,-1,-1,-1,1,0,-1,0x0000000000000000,1514,1383,1789,1676,2012,1820,1689,1260,1701,988,1500,1500,1500,1500,1500,1500,1500,1500,1500,1500,1500,1500,1500,1500,1500,1500,1500,1500,1500,1500,1500,1500,7.4
2026-08-08,12:50:55.690,135.1,-9.4,-79,-88,100,7,0,8,10,-76,100,10,12.2,0.0,0,0,345,6,-1010,879,29,-1024,-3,-916,-31,-1,-1,-1,-1,-1,1,0,-1,0x0000000000000000,1606,1423,1767,1663,2012,1797,1675,1260,1701,988,1500,1500,1500,1500,1500,1500,1500,1500,1500,1500,1500,1500,1500,1500,1500,1500,1500,1500,1500,1500,1500,1500,7.4
2026-08-08,12:50:56.190,128.7,-11.4,-81,-88,100,10,0,8,10,-74,100,11,12.1,0.0,0,0,259,-4,-1007,887,29,-1024,-3,-916,-31,-1,-1,-1,-1,-1,1,0,-1,0x0000000000000000,1573,1426,1770,1664,2012,1799,1676,1260,1701,988,1500,1500,1500,1500,1500,1500,1500,1500,1500,1500,1500,1500,1500,1500,1500,1500,1500,1500,1500,1500,1500,1500,7.4
2026-08-08,12:50:56.690,119.7,-16.9,-82,-86,100,6,1,8,25,-81,100,11,12.1,0.0,0,0,-809,-3,-1016,773,29,-1024,-3,-916,-31,-1,-1,-1,-1,-1,1,0,-1,0x0000000000000000,1256,1426,1739,1646,2012,1765,1656,1260,1701,988,1500,1500,1500,1500,1500,1500,1500,1500,1500,1500,1500,1500,1500,1500,1500,1500,1500,1500,1500,1500,1500,1500,7.4
2026-08-08,12:50:57.190,111.9,-16.5,-74,-88,100,9,0,8,10,-83,96,8,12.1,0.0,0,0,0,-672,-1006,445,29,-1024,-3,-916,-31,-1,-1,-1,-1,-1,1,0,-1,0x0000000000000000,1512,1634,1651,1592,2012,1668,1599,1260,1701,988,1500,1500,1500,1500,1500,1500,1500,1500,1500,1500,1500,1500,1500,1500,1500,1500,1500,1500,1500,1500,1500,1500,7.4
2026-08-08,12:50:57.690,106.4,-10.4,-81,-93,100,5,1,8,250,-88,100,8,12.1,0.0,0,0,-1,-287,-1008,1022,29,-1024,-3,-916,-31,-1,-1,-1,-1,-1,1,0,-1,0x0000000000000000,1511,1502,1806,1686,2012,1839,1700,1260,1701,988,1500,1500,1500,1500,1500,1500,1500,1500,1500,1500,1500,1500,1500,1500,1500,1500,1500,1500,1500,1500,1500,1500,7.4
2026-08-08,12:50:58.190,101.9,-9.6,-79,-88,97,0,0,8,100,-78,100,10,12.1,0.0,0,0,-1,-115,-1008,1024,29,-1024,-3,-916,-31,-1,-1,-1,-1,-1,1,0,-1,0x0000000000000000,1511,1454,1806,1687,2012,1840,1700,1260,1701,988,1500,1500,1500,1500,1500,1500,1500,1500,1500,1500,1500,1500,1500,1500,1500,1500,1500,1500,1500,1500,1500,1500,7.4
2026-08-08,12:50:58.690,92.3,-24.3,-85,-83,98,8,0,8,25,-84,100,8,12.1,0.0,0,0,-1,-1024,-1008,869,29,-1024,-3,-916,-31,-1,-1,-1,-1,-1,1,0,-1,0x0000000000000000,1511,1802,1765,1661,2012,1794,1673,1260,1701,988,1500,1500,1500,1500,1500,1500,1500,1500,1500,1500,1500,1500,1500,1500,1500,1500,1500,1500,1500,1500,1500,1500,7.4
2026-08-08,12:50:59.190,82.8,-18.5,-80,-83,100,8,0,8,25,-83,100,10,12.2,0.0,0,0,-1,-1024,-1009,528,29,-1024,-3,-916,-32,-1,-1,-1,-1,-1,1,0,-1,0x0000000000000000,1511,1802,1674,1606,2012,1693,1613,1260,1701,988,1500,1500,1500,1500,1500,1500,1500,1500,1500,1500,1500,1500,1500,1500,1500,1500,1500,1500,1500,1500,1500,1500,7.4
2026-08-08,12:50:59.690,82.7,-1.7,-83,-83,100,5,0,8,50,-86,100,8,12.2,0.0,0,0,-3,-1024,-1008,58,29,-1024,-3,-916,-32,1,-1,-1,0,-1,1,0,-1,0x0000000000000000,1511,1723,1548,1625,2012,1553,1429,1500,1500,988,1500,1500,1500,1500,1500,1500,1500,1500,1500,1500,1500,1500,1500,1500,1500,1500,1500,1500,1500,1500,1500,1500,7.4
2026-08-08,12:51:00.190,84.7,3.1,-84,-86,99,8,1,8,25,-90,100,3,12.2,0.0,0,0,-1,-1011,-1008,374,30,-1024,-3,-916,-31,0,-1,-1,0,-1,1,0,-1,0x0000000000000000,1511,1759,1637,1631,2012,1652,1538,1380,1600,988,1500,1500,1500,1500,1500,1500,1500,1500,1500,1500,1500,1500,1500,1500,1500,1500,1500,1500,1500,1500,1500,1500,7.3
2026-08-08,12:51:00.690,80.1,-7.8,-80,-93,95,7,0,8,10,-81,100,9,12.2,0.0,0,0,-1,-1024,-1008,605,29,-1024,-3,-916,-31,0,-1,-1,0,-1,1,0,-1,0x0000000000000000,1511,1767,1694,1666,2012,1716,1576,1380,1600,988,1500,1500,1500,1500,1500,1500,1500,1500,1500,1500,1500,1500,1500,1500,1500,1500,1500,1500,1500,1500,1500,1500,7.3
2026-08-08,12:51:01.190,75.9,-8.9,-83,-93,97,7,1,8,10,-75,100,10,12.1,0.0,0,0,-1,-1023,-1008,715,29,-1024,-3,-916,-31,0,0,-1,0,-1,1,0,-1,0x0000000000000000,1511,1766,1724,1684,2012,1748,1595,1380,1600,988,1500,1500,1500,1500,1500,1500,1500,1500,1500,1500,1500,1500,1500,1500,1500,1500,1500,1500,1500,1500,1500,1500,7.3
2026-08-08,12:51:01.690,80.5,7.7,-87,-90,95,6,0,8,50,-83,100,8,12.1,0.0,0,0,-1,-420,-1008,1024,29,-1024,-3,-916,-31,0,0,-1,0,-1,1,0,-1,0x0000000000000000,1511,1508,1806,1735,2012,1840,1649,1380,1600,988,1500,1500,1500,1500,1500,1500,1500,1500,1500,1500,1500,1500,1500,1500,1500,1500,1500,1500,1500,1500,1500,1500,7.3
2026-08-08,12:51:02.190,85.3,8.5,-82,-90,100,11,0,8,10,-73,100,12,12.1,0.0,0,0,-1,0,-1008,1024,29,-1024,-3,-916,-31,0,0,-1,0,-1,1,0,-1,0x0000000000000000,1511,1395,1806,1735,2012,1840,1649,1380,1600,988,1500,1500,1500,1500,1500,1500,1500,1500,1500,1500,1500,1500,1500,1500,1500,1500,1500,1500,1500,1500,1500,1500,7.3
2026-08-08,12:51:02.690,86.1,3.2,-81,-90,99,8,0,8,25,-83,100,10,12.1,0.0,0,0,-1,-203,-1008,1024,29,-1024,-3,-916,-32,0,0,-1,0,-1,1,0,-1,0x0000000000000000,1511,1445,1806,1735,2012,1840,1649,1380,1600,988,1500,1500,1500,1500,1500,1500,1500,1500,1500,1500,1500,1500,1500,1500,1500,1500,1500,1500,1500,1500,1500,1500,7.3
2026-08-08,12:51:03.190,85.4,-0.7,-94,-87,98,7,1,8,25,-86,100,7,12.2,0.0,0,0,-1,-269,-1008,1024,29,-1024,-3,-916,-32,0,0,-1,0,-1,1,0,-1,0x0000000000000000,1511,1462,1806,1735,2012,1840,1649,1380,1600,988,1500,1500,1500,1500,1500,1500,1500,1500,1500,1500,1500,1500,1500,1500,1500,1500,1500,1500,1500,1500,1500,1500,7.3
2026-08-08,12:51:03.690,84.8,-1.0,-94,-87,100,6,1,8,50,-87,100,8,12.2,0.0,0,0,-1,-198,-1008,867,29,-1024,-3,-916,-31,0,0,-1,0,-1,1,0,-1,0x0000000000000000,1511,1444,1764,1709,2012,1793,1621,1380,1600,988,1500,1500,1500,1500,1500,1500,1500,1500,1500,1500,1500,1500,1500,1500,1500,1500,1500,1500,1500,1500,1500,1500,7.3
2026-08-08,12:51:04.190,84.7,-0.1,-94,-87,100,7,1,8,50,-89,100,7,12.2,0.0,0,0,-1,-3,-1008,895,29,-1024,-3,-916,-32,0,0,-1,0,-1,1,0,-1,0x0000000000000000,1511,1395,1769,1712,2012,1799,1625,1380,1600,988,1500,1500,1500,1500,1500,1500,1500,1500,1500,1500,1500,1500,1500,1500,1500,1500,1500,1500,1500,1500,1500,1500,7.3
2026-08-08,12:51:04.690,84.6,0.0,-94,-86,100,8,1,8,25,-90,100,4,12.2,0.0,0,0,-1,1,-1008,332,29,-1024,-3,-916,-31,0,0,-1,0,-1,1,0,-1,0x0000000000000000,1511,1394,1621,1621,2012,1634,1528,1380,1600,988,1500,1500,1500,1500,1500,1500,1500,1500,1500,1500,1500,1500,1500,1500,1500,1500,1500,1500,1500,1500,1500,1500,7.3
2026-08-08,12:51:05.190,84.7,0.5,-79,-88,99,11,0,8,10,-80,100,10,12.2,0.0,0,0,-1,0,-1008,2,30,-1024,-3,-916,-31,0,0,-1,0,-1,1,0,-1,0x0000000000000000,1511,1395,1532,1567,2012,1536,1470,1380,1600,988,1500,1500,1500,1500,1500,1500,1500,1500,1500,1500,1500,1500,1500,1500,1500,1500,1500,1500,1500,1500,1500,1500,7.3
2026-08-08,12:51:05.690,84.3,-0.6,-84,-92,99,10,0,8,10,-81,100,11,12.2,0.0,0,0,-1,0,-1010,1,30,-1024,-3,-916,-31,0,0,-1,0,-1,1,0,-1,0x0000000000000000,1511,1395,1532,1567,2012,1536,1470,1380,1600,988,1500,1500,1500,1500,1500,1500,1500,1500,1500,1500,1500,1500,1500,1500,1500,1500,1500,1500,1500,1500,1500,1500,7.3
2026-08-08,12:51:06.190,84.9,0.8,-84,-92,100,9,0,8,10,-81,100,9,12.2,0.0,0,0,-1,-2,-1008,2,30,-1024,-3,-916,-32,0,0,-1,0,-1,1,0,-1,0x0000000000000000,1511,1395,1532,1567,2012,1536,1470,1380,1600,988,1500,1500,1500,1500,1500,1500,1500,1500,1500,1500,1500,1500,1500,1500,1500,1500,1500,1500,1500,1500,1500,1500,7.3
2026-08-08,12:51:06.690,85.3,0.6,-86,-92,100,5,0,8,25,-85,100,9,12.2,0.0,0,0,-1,-1,-1008,2,30,-1024,-3,-916,-31,0,0,-1,0,-1,1,0,-1,0x0000000000000000,1511,1395,1532,1567,2012,1536,1470,1380,1600,988,1500,1500,1500,1500,1500,1500,1500,1500,1500,1500,1500,1500,1500,1500,1500,1500,1500,1500,1500,1500,1500,1500,7.3
2026-08-08,12:51:07.190,85.3,0.0,-86,-92,100,8,0,8,10,-81,100,10,12.2,0.0,0,0,-1,103,-1008,-15,30,-1024,-3,-916,-31,0,0,-1,0,-1,1,0,-1,0x0000000000000000,1511,1369,1528,1565,2012,1531,1467,1380,1600,988,1500,1500,1500,1500,1500,1500,1500,1500,1500,1500,1500,1500,1500,1500,1500,1500,1500,1500,1500,1500,1500,1500,7.3
2026-08-08,12:51:07.690,84.8,-1.0,-87,-91,100,11,0,8,10,-84,100,9,12.2,0.0,0,0,0,-92,-1008,-112,30,-1024,-3,-916,-31,0,0,-1,0,-1,1,0,-1,0x0000000000000000,1512,1417,1502,1549,2012,1502,1451,1380,1600,988,1500,1500,1500,1500,1500,1500,1500,1500,1500,1500,1500,1500,1500,1500,1500,1500,1500,1500,1500,1500,1500,1500,7.3
2026-08-08,12:51:08.190,83.7,-2.0,-85,-93,98,8,0,8,10,-84,100,9,12.2,0.0,0,0,0,-81,-1008,-67,30,-1024,-3,-916,-31,0,0,-1,0,-1,1,0,-1,0x0000000000000000,1512,1415,1511,1554,2012,1512,1456,1380,1600,988,1500,1500,1500,1500,1500,1500,1500,1500,1500,1500,1500,1500,1500,1500,1500,1500,1500,1500,1500,1500,1500,1500,7.3
2026-08-08,12:51:08.690,82.7,-2.1,-85,-93,100,6,0,8,10,-87,100,10,12.1,0.0,0,0,-1,-52,-1009,-570,30,-1024,-3,-916,-31,0,0,-1,0,-1,1,0,-1,0x0000000000000000,1511,1407,1395,1477,2012,1365,1370,1380,1600,988,1500,1500,1500,1500,1500,1500,1500,1500,1500,1500,1500,1500,1500,1500,1500,1500,1500,1500,1500,1500,1500,1500,7.3
2026-08-08,12:51:09.190,82.4,-0.5,-84,-93,100,5,0,8,25,-86,100,7,12.1,0.0,0,0,-1,118,-1008,-65,30,-1024,-3,-916,-31,0,0,-1,0,-1,1,0,-1,0x0000000000000000,1511,1363,1519,1559,2012,1521,1461,1380,1600,988,1500,1500,1500,1500,1500,1500,1500,1500,1500,1500,1500,1500,1500,1500,1500,1500,1500,1500,1500,1500,1500,1500,7.3
2026-08-08,12:51:09.690,82.5,-0.4,-83,-93,100,10,0,8,25,-81,100,8,12.1,0.0,0,0,-1,119,-1008,520,29,-1024,-3,-916,-31,0,0,-1,0,-1,1,0,-1,0x0000000000000000,1511,1365,1671,1652,2012,1690,1561,1380,1600,988,1500,1500,1500,1500,1500,1500,1500,1500,1500,1500,1500,1500,1500,1500,1500,1500,1500,1500,1500,1500,1500,1500,7.3
2026-08-08,12:51:10.190,82.0,-0.1,-85,-93,100,9,0,8,10,-80,100,10,12.1,0.0,0,0,0,-3,-1008,3,30,-1024,-3,-916,-31,0,0,-1,0,-1,1,0,-1,0x0000000000000000,1512,1395,1533,1568,2012,1536,1471,1380,1600,988,1500,1500,1500,1500,1500,1500,1500,1500,1500,1500,1500,1500,1500,1500,1500,1500,1500,1500,1500,1500,1500,1500,7.3
2026-08-08,12:51:10.690,82.1,0.4,-84,-93,100,2,0,8,50,-78,96,10,12.1,0.0,0,0,-2,-5,-1014,1,29,-1024,-3,-917,-31,0,0,-1,0,-1,1,0,-1,0x0000000000000000,1511,1396,1532,1567,2012,1536,1470,1380,1600,988,1500,1500,1500,1500,1500,1500,1500,1500,1500,1500,1500,1500,1500,1500,1500,1500,1500,1500,1500,1500,1500,1500,7.3
2026-08-08,12:51:11.190,81.6,-0.1,-84,-93,100,10,0,8,10,-81,100,11,12.1,0.0,0,0,-1,-4,-1008,2,30,-1024,-3,-916,-31,0,0,-1,0,-1,1,0,-1,0x0000000000000000,1511,1396,1532,1567,2012,1536,1470,1380,1600,988,1500,1500,1500,1500,1500,1500,1500,1500,1500,1500,1500,1500,1500,1500,1500,1500,1500,1500,1500,1500,1500,1500,7.3
2026-08-08,12:51:11.690,81.6,0.0,-85,-93,100,8,0,8,25,-86,100,9,12.2,0.0,0,0,-1,-4,-1009,1,30,-1024,-3,-916,-32,0,0,-1,0,-1,1,0,-1,0x0000000000000000,1511,1396,1532,1567,2012,1536,1470,1380,1600,988,1500,1500,1500,1500,1500,1500,1500,1500,1500,1500,1500,1500,1500,1500,1500,1500,1500,1500,1500,1500,1500,1500,7.3
2026-08-08,12:51:12.190,82.1,0.5,-85,-93,100,8,0,8,10,-76,100,10,12.2,0.0,0,0,-1,7,-1008,426,30,-1024,-3,-916,-31,0,0,-1,0,-1,1,0,-1,0x0000000000000000,1511,1393,1646,1637,2012,1662,1544,1380,1600,988,1500,1500,1500,1500,1500,1500,1500,1500,1500,1500,1500,1500,1500,1500,1500,1500,1500,1500,1500,1500,1500,1500,7.3
2026-08-08,12:51:12.690,82.5,0.5,-73,-96,100,11,0,8,10,-85,100,8,12.2,0.0,0,0,-1,5,-1009,520,29,-1024,-3,-916,-31,0,0,-1,0,-1,1,0,-1,0x0000000000000000,1511,1393,1671,1652,2012,1690,1561,1380,1600,988,1500,1500,1500,1500,1500,1500,1500,1500,1500,1500,1500,1500,1500,1500,1500,1500,1500,1500,1500,1500,1500,1500,7.3
2026-08-08,12:51:13.190,82.5,0.0,-83,-92,100,10,0,8,10,-80,96,9,12.2,0.0,0,0,-1,2,-1008,456,30,-1024,-3,-916,-31,0,0,-1,0,-1,1,0,-1,0x0000000000000000,1511,1394,1654,1642,2012,1668,1548,1380,1600,988,1500,1500,1500,1500,1500,1500,1500,1500,1500,1500,1500,1500,1500,1500,1500,1500,1500,1500,1500,1500,1500,1500,7.3
2026-08-08,12:51:13.690,82.9,0.8,-84,-92,100,9,0,8,10,-75,100,11,12.2,0.0,0,0,-1,218,-1009,2,30,-1024,-3,-916,-31,0,0,-1,0,-1,1,0,-1,0x0000000000000000,1511,1341,1532,1567,2012,1536,1470,1380,1600,988,1500,1500,1500,1500,1500,1500,1500,1500,1500,1500,1500,1500,1500,1500,1500,1500,1500,1500,1500,1500,1500,1500,7.3
2026-08-08,12:51:14.190,83.2,0.3,-86,-92,100,10,0,8,10,-80,100,10,12.2,0.0,0,0,-1,3,-1009,-59,30,-1024,-3,-916,-31,0,0,-1,0,-1,1,0,-1,0x0000000000000000,1511,1394,1516,1558,2012,1518,1460,1380,1600,988,1500,1500,1500,1500,1500,1500,1500,1500,1500,1500,1500,1500,1500,1500,1500,1500,1500,1500,1500,1500,1500,1500,7.3
2026-08-08,12:51:14.690,84.3,2.0,-83,-92,100,8,0,8,10,-77,100,10,12.1,0.0,0,0,-1,-1,-1009,-6,30,-1024,-3,-916,-32,0,0,-1,0,-1,1,0,-1,0x0000000000000000,1511,1395,1530,1566,2012,1534,1469,1380,1600,988,1500,1500,1500,1500,1500,1500,1500,1500,1500,1500,1500,1500,1500,1500,1500,1500,1500,1500,1500,1500,1500,1500,7.3
2026-08-08,12:51:15.190,84.5,0.8,-85,-92,100,7,0,8,10,-78,100,5,12.1,0.0,0,0,-1,-2,-1008,0,30,-1024,-3,-916,-31,0,0,-1,0,-1,1,0,-1,0x0000000000000000,1511,1395,1532,1567,2012,1535,1470,1380,1600,988,1500,1500,1500,1500,1500,1500,1500,1500,1500,1500,1500,1500,1500,1500,1500,1500,1500,1500,1500,1500,1500,1500,7.3
2026-08-08,12:51:15.690,85.1,0.6,-83,-92,100,9,0,8,10,-82,100,10,12.2,0.0,0,0,-1,-2,-1009,97,30,-1024,-3,-916,-31,0,0,-1,0,-1,1,0,-1,0x0000000000000000,1511,1395,1558,1583,2012,1564,1487,1380,1600,988,1500,1500,1500,1500,1500,1500,1500,1500,1500,1500,1500,1500,1500,1500,1500,1500,1500,1500,1500,1500,1500,1500,7.3
2026-08-08,12:51:16.190,86.3,1.7,-84,-92,100,10,0,8,10,-82,100,9,12.2,0.0,0,0,-1,266,-1009,439,29,-1024,-3,-916,-31,0,0,-1,0,-1,1,0,-1,0x0000000000000000,1511,1328,1649,1639,2012,1666,1546,1380,1600,988,1500,1500,1500,1500,1500,1500,1500,1500,1500,1500,1500,1500,1500,1500,1500,1500,1500,1500,1500,1500,1500,1500,7.3
2026-08-08,12:51:16.690,87.0,1.5,-85,-92,100,8,0,8,10,-80,100,9,12.2,0.0,0,0,-1,260,-1009,2,30,-1024,-3,-916,-31,0,0,-1,0,-1,1,0,-1,0x0000000000000000,1511,1330,1532,1567,2012,1536,1470,1380,1600,988,1500,1500,1500,1500,1500,1500,1500,1500,1500,1500,1500,1500,1500,1500,1500,1500,1500,1500,1500,1500,1500,1500,7.3
2026-08-08,12:51:17.190,87.3,0.4,-85,-95,100,10,0,8,10,-79,96,11,12.2,0.0,0,0,-1,13,-1009,2,30,-1024,-3,-916,-31,0,0,-1,0,-1,1,0,-1,0x0000000000000000,1511,1392,1532,1567,2012,1536,1470,1380,1600,988,1500,1500,1500,1500,1500,1500,1500,1500,1500,1500,1500,1500,1500,1500,1500,1500,1500,1500,1500,1500,1500,1500,7.3
2026-08-08,12:51:17.690,87.1,-0.1,-85,-95,100,9,0,8,10,-78,100,11,12.1,0.0,0,0,-1,6,-1008,0,30,-1024,-3,-916,-31,0,0,-1,0,-1,1,0,-1,0x0000000000000000,1511,1393,1532,1567,2012,1535,1470,1380,1600,988,1500,1500,1500,1500,1500,1500,1500,1500,1500,1500,1500,1500,1500,1500,1500,1500,1500,1500,1500,1500,1500,1500,7.3
2026-08-08,12:51:18.190,87.4,0.2,-85,-95,100,9,0,8,10,-78,100,4,12.1,0.0,0,0,-1,-5,-1009,482,29,-1024,-3,-916,-32,0,0,-1,0,-1,1,0,-1,0x0000000000000000,1511,1396,1661,1646,2012,1679,1554,1380,1600,988,1500,1500,1500,1500,1500,1500,1500,1500,1500,1500,1500,1500,1500,1500,1500,1500,1500,1500,1500,1500,1500,1500,7.3
2026-08-08,12:51:18.690,87.2,-0.3,-83,-95,100,9,0,8,10,-82,100,10,12.1,0.0,0,0,-1,-2,-1009,188,29,-1024,-3,-916,-31,0,0,-1,0,-1,1,0,-1,0x0000000000000000,1511,1395,1582,1598,2012,1591,1502,1380,1600,988,1500,1500,1500,1500,1500,1500,1500,1500,1500,1500,1500,1500,1500,1500,1500,1500,1500,1500,1500,1500,1500,1500,7.3
2026-08-08,12:51:19.190,88.4,1.5,-82,-95,100,9,0,8,10,-79,100,9,12.1,0.0,0,0,-1,4,-1009,-240,30,-1024,-3,-916,-32,0,0,-1,0,-1,1,0,-1,0x0000000000000000,1511,1394,1472,1528,2012,1464,1428,1380,1600,988,1500,1500,1500,1500,1500,1500,1500,1500,1500,1500,1500,1500,1500,1500,1500,1500,1500,1500,1500,1500,1500,1500,7.3
2026-08-08,12:51:19.690,87.8,-1.1,-81,-95,100,11,0,8,10,-75,100,10,12.1,0.0,0,0,-1,3,-1009,-99,30,-1024,-3,-916,-31,0,0,-1,0,-1,1,0,-1,0x0000000000000000,1511,1394,1505,1551,2012,1506,1453,1380,1600,988,1500,1500,1500,1500,1500,1500,1500,1500,1500,1500,1500,1500,1500,1500,1500,1500,1500,1500,1500,1500,1500,1500,7.3
2026-08-08,12:51:20.190,87.4,-0.8,-82,-95,100,10,0,8,10,-77,100,10,12.1,0.0,0,0,-1,-1,-1009,5,30,-1024,-3,-916,-31,0,0,-1,0,-1,1,0,-1,0x0000000000000000,1511,1395,1533,1568,2012,1537,1471,1380,1600,988,1500,1500,1500,1500,1500,1500,1500,1500,1500,1500,1500,1500,1500,1500,1500,1500,1500,1500,1500,1500,1500,1500,7.3
2026-08-08,12:51:20.690,87.5,0.1,-82,-95,100,10,0,8,10,-78,100,10,12.1,0.0,0,0,-1,-4,-1009,-414,30,-1024,-3,-916,-31,0,0,-1,0,-1,1,0,-1,0x0000000000000000,1511,1396,1431,1500,2012,1412,1398,1380,1600,988,1500,1500,1500,1500,1500,1500,1500,1500,1500,1500,1500,1500,1500,1500,1500,1500,1500,1500,1500,1500,1500,1500,7.3
2026-08-08,12:51:21.190,87.2,-0.3,-85,-95,100,8,0,8,10,-80,100,10,12.1,0.0,0,0,-1,6,-1009,-408,30,-1024,-3,-916,-31,0,0,-1,0,-1,1,0,-1,0x0000000000000000,1511,1393,1436,1503,2012,1418,1401,1380,1600,988,1500,1500,1500,1500,1500,1500,1500,1500,1500,1500,1500,1500,1500,1500,1500,1500,1500,1500,1500,1500,1500,1500,7.3
2026-08-08,12:51:21.690,86.9,-0.9,-80,-92,100,10,0,8,50,-80,100,9,12.1,0.0,0,0,-1,77,-1009,705,29,-1024,-3,-916,-31,0,0,-1,0,-1,1,0,-1,0x0000000000000000,1511,1376,1721,1682,2012,1745,1593,1380,1600,988,1500,1500,1500,1500,1500,1500,1500,1500,1500,1500,1500,1500,1500,1500,1500,1500,1500,1500,1500,1500,1500,1500,7.3
2026-08-08,12:51:22.190,86.4,-0.8,-84,-92,100,10,0,8,10,-85,100,6,12.1,0.0,0,0,-1,220,-1009,724,29,-1024,-3,-916,-32,0,0,-1,0,-1,1,0,-1,0x0000000000000000,1511,1340,1726,1685,2012,1751,1596,1380,1600,988,1500,1500,1500,1500,1500,1500,1500,1500,1500,1500,1500,1500,1500,1500,1500,1500,1500,1500,1500,1500,1500,1500,7.3
2026-08-08,12:51:22.690,85.8,-1.1,-84,-82,100,6,0,8,10,-83,100,9,12.1,0.0,0,0,-1,92,-1009,354,30,-1024,-3,-916,-31,0,0,-1,0,-1,1,0,-1,0x0000000000000000,1511,1372,1627,1625,2012,1641,1532,1380,1600,988,1500,1500,1500,1500,1500,1500,1500,1500,1500,1500,1500,1500,1500,1500,1500,1500,1500,1500,1500,1500,1500,1500,7.3
2026-08-08,12:51:23.190,85.3,-0.9,-86,-82,100,8,0,8,25,-85,100,9,12.1,0.0,0,0,-1,3,-1009,-245,30,-1024,-3,-916,-31,0,0,-1,0,-1,1,0,-1,0x0000000000000000,1511,1394,1471,1527,2012,1462,1427,1380,1600,988,1500,1500,1500,1500,1500,1500,1500,1500,1500,1500,1500,1500,1500,1500,1500,1500,1500,1500,1500,1500,1500,1500,7.3
2026-08-08,12:51:23.690,83.9,-2.7,-86,-82,100,5,0,8,25,-85,100,6,12.1,0.0,0,0,-1,2,-1009,-23,30,-1024,-3,-916,-31,0,0,-1,0,-1,1,0,-1,0x0000000000000000,1511,1394,1526,1563,2012,1529,1466,1380,1600,988,1500,1500,1500,1500,1500,1500,1500,1500,1500,1500,1500,1500,1500,1500,1500,1500,1500,1500,1500,1500,1500,1500,7.3
2026-08-08,12:51:24.190,83.6,-0.7,-84,-82,100,7,0,8,10,-82,100,10,12.1,0.0,0,0,-1,56,-1009,463,29,-1024,-3,-916,-31,0,0,-1,0,-1,1,0,-1,0x0000000000000000,1511,1381,1656,1643,2012,1673,1551,1380,1600,988,1500,1500,1500,1500,1500,1500,1500,1500,1500,1500,1500,1500,1500,1500,1500,1500,1500,1500,1500,1500,1500,1500,7.3
2026-08-08,12:51:24.690,83.4,0.4,-85,-82,100,11,0,8,10,-83,96,9,12.1,0.0,0,0,-1,175,-1009,544,29,-1024,-3,-916,-31,0,0,-1,0,-1,1,0,-1,0x0000000000000000,1511,1351,1678,1656,2012,1697,1565,1380,1600,988,1500,1500,1500,1500,1500,1500,1500,1500,1500,1500,1500,1500,1500,1500,1500,1500,1500,1500,1500,1500,1500,1500,7.3
2026-08-08,12:51:25.190,83.1,-0.3,-84,-82,100,10,0,8,10,-82,100,8,12.1,0.0,0,0,-1,219,-1009,277,30,-1024,-3,-916,-31,0,0,-1,0,-1,1,0,-1,0x0000000000000000,1511,1340,1606,1612,2012,1614,1516,1380,1600,988,1500,1500,1500,1500,1500,1500,1500,1500,1500,1500,1500,1500,1500,1500,1500,1500,1500,1500,1500,1500,1500,1500,7.3
2026-08-08,12:51:25.690,81.8,-2.5,-83,-82,100,9,0,8,10,-78,100,10,12.1,0.0,0,0,-1,20,-1009,-159,30,-1024,-3,-916,-31,0,0,-1,0,-1,1,0,-1,0x0000000000000000,1511,1387,1495,1544,2012,1494,1445,1380,1600,988,1500,1500,1500,1500,1500,1500,1500,1500,1500,1500,1500,1500,1500,1500,1500,1500,1500,1500,1500,1500,1500,1500,7.3
2026-08-08,12:51:26.190,80.0,-3.8,-83,-82,100,10,0,8,10,-78,100,9,12.1,0.0,0,0,-1,3,-1009,14,30,-1024,-3,-916,-32,0,0,-1,0,-1,1,0,-1,0x0000000000000000,1511,1394,1536,1569,2012,1540,1473,1380,1600,988,1500,1500,1500,1500,1500,1500,1500,1500,1500,1500,1500,1500,1500,1500,1500,1500,1500,1500,1500,1500,1500,1500,7.3
2026-08-08,12:51:26.690,77.5,-4.1,-83,-82,100,11,0,8,10,-77,100,5,12.1,0.0,0,0,-1,0,-1009,-344,30,-1024,-3,-916,-32,0,0,-1,0,-1,1,0,-1,0x0000000000000000,1511,1395,1448,1511,2012,1433,1410,1380,1600,988,1500,1500,1500,1500,1500,1500,1500,1500,1500,1500,1500,1500,1500,1500,1500,1500,1500,1500,1500,1500,1500,1500,7.3
2026-08-08,12:51:27.190,76.0,-2.5,-84,-82,100,9,0,8,10,-81,100,9,12.1,0.0,0,0,-1,64,-1009,-166,30,-1024,-3,-916,-31,0,0,-1,0,-1,1,0,-1,0x0000000000000000,1511,1379,1490,1540,2012,1486,1441,1380,1600,988,1500,1500,1500,1500,1500,1500,1500,1500,1500,1500,1500,1500,1500,1500,1500,1500,1500,1500,1500,1500,1500,1500,7.3
2026-08-08,12:51:27.690,75.2,-2.2,-85,-82,100,4,0,8,50,-85,100,6,12.1,0.0,0,0,-1,95,-1009,191,30,-1024,-3,-916,-31,0,0,-1,0,-1,1,0,-1,0x0000000000000000,1511,1371,1583,1598,2012,1592,1503,1380,1600,988,1500,1500,1500,1500,1500,1500,1500,1500,1500,1500,1500,1500,1500,1500,1500,1500,1500,1500,1500,1500,1500,1500,7.3
2026-08-08,12:51:28.190,72.3,-5.2,-84,-82,100,9,0,8,10,-79,100,9,12.1,0.0,0,0,-1,-11,-1009,673,29,-1024,-3,-916,-31,0,0,-1,0,-1,1,0,-1,0x0000000000000000,1511,1398,1712,1677,2012,1736,1587,1380,1600,988,1500,1500,1500,1500,1500,1500,1500,1500,1500,1500,1500,1500,1500,1500,1500,1500,1500,1500,1500,1500,1500,1500,7.3
2026-08-08,12:51:28.690,69.2,-5.2,-83,-82,100,9,0,8,10,-74,100,10,12.1,0.0,0,0,-1,-6,-1009,16,30,-1024,-3,-916,-31,0,0,-1,0,-1,1,0,-1,0x0000000000000000,1511,1397,1536,1570,2012,1540,1473,1380,1600,988,1500,1500,1500,1500,1500,1500,1500,1500,1500,1500,1500,1500,1500,1500,1500,1500,1500,1500,1500,1500,1500,1500,7.3
2026-08-08,12:51:29.190,68.3,-2.6,-82,-82,100,10,0,8,10,-73,100,10,12.1,0.0,0,0,-1,35,-1009,551,30,-1024,-3,-916,-31,0,0,-1,0,-1,1,0,-1,0x0000000000000000,1511,1386,1680,1657,2012,1699,1566,1380,1600,988,1500,1500,1500,1500,1500,1500,1500,1500,1500,1500,1500,1500,1500,1500,1500,1500,1500,1500,1500,1500,1500,1500,7.3
2026-08-08,12:51:29.690,67.7,-1.3,-81,-82,100,11,0,8,10,-74,100,11,12.1,0.0,0,0,-1,69,-1009,471,29,-1024,-3,-916,-32,0,0,-1,0,-1,1,0,-1,0x0000000000000000,1511,1378,1658,1644,2012,1676,1552,1380,1600,988,1500,1500,1500,1500,1500,1500,1500,1500,1500,1500,1500,1500,1500,1500,1500,1500,1500,1500,1500,1500,1500,1500,7.3
2026-08-08,12:51:30.190,67.5,-0.5,-82,-82,100,11,0,8,10,-76,100,9,12.1,0.0,0,0,-1,65,-1009,-190,30,-1024,-3,-916,-31,0,0,-1,0,-1,1,0,-1,0x0000000000000000,1511,1379,1484,1536,2012,1479,1437,1380,1600,988,1500,1500,1500,1500,1500,1500,1500,1500,1500,1500,1500,1500,1500,1500,1500,1500,1500,1500,1500,1500,1500,1500,7.3
2026-08-08,12:51:30.690,67.3,-0.7,-81,-82,100,11,0,8,10,-78,100,9,12.2,0.0,0,0,-1,0,-1009,-243,30,-1024,-3,-916,-31,0,0,-1,0,-1,1,0,-1,0x0000000000000000,1511,1395,1471,1527,2012,1463,1428,1380,1600,988,1500,1500,1500,1500,1500,1500,1500,1500,1500,1500,1500,1500,1500,1500,1500,1500,1500,1500,1500,1500,1500,1500,7.3
2026-08-08,12:51:31.190,66.6,-1.0,-83,-82,100,11,0,8,10,-77,100,10,12.2,0.0,0,0,-1,5,-1009,364,29,-1024,-3,-916,-32,0,0,-1,0,-1,1,0,-1,0x0000000000000000,1511,1393,1630,1627,2012,1644,1533,1380,1600,988,1500,1500,1500,1500,1500,1500,1500,1500,1500,1500,1500,1500,1500,1500,1500,1500,1500,1500,1500,1500,1500,1500,7.3
2026-08-08,12:51:31.690,65.4,-2.1,-80,-82,100,10,0,8,10,-71,100,11,12.2,0.0,0,0,-1,6,-1009,233,29,-1024,-3,-916,-31,0,0,-1,0,-1,1,0,-1,0x0000000000000000,1511,1393,1594,1605,2012,1605,1510,1380,1600,988,1500,1500,1500,1500,1500,1500,1500,1500,1500,1500,1500,1500,1500,1500,1500,1500,1500,1500,1500,1500,1500,1500,7.3
2026-08-08,12:51:32.190,64.9,-1.1,-80,-82,100,10,0,8,10,-73,100,10,12.2,0.0,0,0,-1,8,-1009,629,30,-1024,-3,-917,-31,0,0,-1,0,-1,1,0,-1,0x0000000000000000,1511,1393,1700,1670,2012,1722,1580,1380,1600,988,1500,1500,1500,1500,1500,1500,1500,1500,1500,1500,1500,1500,1500,1500,1500,1500,1500,1500,1500,1500,1500,1500,7.3
2026-08-08,12:51:32.690,64.3,-1.2,-80,-82,100,10,0,8,10,-72,100,10,12.1,0.0,0,0,-1,23,-1010,275,29,-1024,-3,-916,-31,0,0,-1,0,-1,1,0,-1,0x0000000000000000,1511,1389,1606,1612,2012,1617,1518,1380,1600,988,1500,1500,1500,1500,1500,1500,1500,1500,1500,1500,1500,1500,1500,1500,1500,1500,1500,1500,1500,1500,1500,1500,7.3
2026-08-08,12:51:33.190,63.6,-1.4,-80,-82,100,11,0,8,10,-73,100,11,12.1,0.0,0,0,-2,0,-1010,2,30,-1024,-3,-916,-31,0,0,-1,0,-1,1,0,-1,0x0000000000000000,1511,1395,1532,1567,2012,1536,1470,1380,1600,988,1500,1500,1500,1500,1500,1500,1500,1500,1500,1500,1500,1500,1500,1500,1500,1500,1500,1500,1500,1500,1500,1500,7.3
2026-08-08,12:51:33.690,63.1,-1.4,-78,-82,100,11,0,8,10,-72,100,11,12.2,0.0,0,0,-1,0,-1009,1,30,-1024,-3,-916,-31,0,0,-1,0,-1,1,0,-1,0x0000000000000000,1511,1395,1532,1567,2012,1536,1470,1380,1600,988,1500,1500,1500,1500,1500,1500,1500,1500,1500,1500,1500,1500,1500,1500,1500,1500,1500,1500,1500,1500,1500,1500,7.3
2026-08-08,12:51:34.190,62.2,-1.7,-79,-82,100,11,0,8,10,-73,100,10,12.2,0.0,0,0,-1,0,-1009,2,30,-1024,-3,-916,-31,0,0,-1,0,-1,1,0,-1,0x0000000000000000,1511,1395,1532,1567,2012,1536,1470,1380,1600,988,1500,1500,1500,1500,1500,1500,1500,1500,1500,1500,1500,1500,1500,1500,1500,1500,1500,1500,1500,1500,1500,1500,7.3
2026-08-08,12:51:34.690,61.0,-2.1,-78,-82,100,11,0,8,10,-74,100,10,12.1,0.0,0,0,-1,-45,-1009,72,29,-1024,-3,-916,-31,0,0,-1,0,-1,1,0,-1,0x0000000000000000,1511,1408,1551,1579,2012,1557,1483,1380,1600,988,1500,1500,1500,1500,1500,1500,1500,1500,1500,1500,1500,1500,1500,1500,1500,1500,1500,1500,1500,1500,1500,1500,7.3
2026-08-08,12:51:35.190,59.7,-2.5,-78,-82,100,11,0,8,10,-72,100,10,12.1,0.0,0,0,-1,-218,-1011,303,29,-1024,-3,-916,-31,0,0,-1,0,-1,1,0,-1,0x0000000000000000,1511,1449,1613,1617,2012,1625,1523,1380,1600,988,1500,1500,1500,1500,1500,1500,1500,1500,1500,1500,1500,1500,1500,1500,1500,1500,1500,1500,1500,1500,1500,1500,7.3
2026-08-08,12:51:35.690,58.3,-3.1,-76,-82,100,11,0,8,10,-68,100,9,12.1,0.0,0,0,-1,-382,-1010,23,29,-1024,-3,-916,-31,0,0,-1,0,-1,1,0,-1,0x0000000000000000,1511,1497,1538,1571,2012,1542,1474,1380,1600,988,1500,1500,1500,1500,1500,1500,1500,1500,1500,1500,1500,1500,1500,1500,1500,1500,1500,1500,1500,1500,1500,1500,7.3
2026-08-08,12:51:36.190,57.4,-1.6,-76,-82,100,11,0,8,10,-68,100,11,12.1,0.0,0,0,-1,-197,-1010,353,30,-1024,-3,-916,-32,0,0,-1,0,-1,1,0,-1,0x0000000000000000,1511,1444,1626,1625,2012,1640,1531,1380,1600,988,1500,1500,1500,1500,1500,1500,1500,1500,1500,1500,1500,1500,1500,1500,1500,1500,1500,1500,1500,1500,1500,1500,7.3
2026-08-08,12:51:36.690,57.5,0.0,-75,-82,100,12,0,8,10,-71,96,10,12.2,0.0,0,0,-1,-297,-1011,206,29,-1024,-3,-916,-31,0,0,-1,0,-1,1,0,-1,0x0000000000000000,1511,1470,1587,1601,2012,1597,1506,1380,1600,988,1500,1500,1500,1500,1500,1500,1500,1500,1500,1500,1500,1500,1500,1500,1500,1500,1500,1500,1500,1500,1500,1500,7.3
2026-08-08,12:51:37.190,57.5,0.0,-75,-82,100,11,0,8,10,-71,100,10,12.2,0.0,0,0,-1,-360,-1010,-363,30,-1024,-3,-916,-31,0,0,-1,0,-1,1,0,-1,0x0000000000000000,1511,1490,1443,1508,2012,1427,1407,1380,1600,988,1500,1500,1500,1500,1500,1500,1500,1500,1500,1500,1500,1500,1500,1500,1500,1500,1500,1500,1500,1500,1500,1500,7.3
2026-08-08,12:51:37.690,57.1,-0.8,-76,-82,100,10,0,8,10,-73,100,11,12.2,0.0,0,0,-1,-383,-1009,-503,30,-1024,-3,-916,-31,0,0,-1,0,-1,1,0,-1,0x0000000000000000,1511,1497,1410,1487,2012,1385,1382,1380,1600,988,1500,1500,1500,1500,1500,1500,1500,1500,1500,1500,1500,1500,1500,1500,1500,1500,1500,1500,1500,1500,1500,1500,7.3
2026-08-08,12:51:38.190,55.5,-3.2,-81,-88,100,11,0,8,10,-84,100,7,12.2,0.0,0,0,-1,-369,-1009,-180,30,-1024,-3,-916,-31,0,0,-1,0,-1,1,0,-1,0x0000000000000000,1511,1492,1486,1538,2012,1482,1439,1380,1600,988,1500,1500,1500,1500,1500,1500,1500,1500,1500,1500,1500,1500,1500,1500,1500,1500,1500,1500,1500,1500,1500,1500,7.3
2026-08-08,12:51:38.690,53.8,-4.0,-98,-86,99,1,1,8,250,-84,96,8,12.1,0.0,0,0,-1,-100,-1009,209,29,-1024,-3,-916,-32,0,0,-1,0,-1,1,0,-1,0x0000000000000000,1511,1416,1591,1603,2012,1601,1508,1380,1600,988,1500,1500,1500,1500,1500,1500,1500,1500,1500,1500,1500,1500,1500,1500,1500,1500,1500,1500,1500,1500,1500,1500,7.3
2026-08-08,12:51:39.190,52.0,-3.4,-98,-86,100,6,1,8,25,-86,96,9,12.1,0.0,0,0,-1,-285,-1009,315,30,-1024,-3,-916,-31,0,0,-1,0,-1,1,0,-1,0x0000000000000000,1511,1466,1617,1619,2012,1629,1525,1380,1600,988,1500,1500,1500,1500,1500,1500,1500,1500,1500,1500,1500,1500,1500,1500,1500,1500,1500,1500,1500,1500,1500,1500,7.3
2026-08-08,12:51:39.690,50.4,-3.1,-82,-87,99,10,0,8,10,-73,100,9,12.1,0.0,0,0,-1,-275,-1009,66,29,-1024,-3,-916,-32,0,0,-1,0,-1,1,0,-1,0x0000000000000000,1511,1464,1550,1578,2012,1555,1482,1380,1600,988,1500,1500,1500,1500,1500,1500,1500,1500,1500,1500,1500,1500,1500,1500,1500,1500,1500,1500,1500,1500,1500,1500,7.3
2026-08-08,12:51:40.190,49.2,-2.2,-79,-87,99,11,0,8,10,-75,100,10,12.1,0.0,0,0,-1,-364,-1009,251,30,-1024,-3,-916,-31,0,0,-1,0,-1,1,0,-1,0x0000000000000000,1511,1491,1599,1608,2012,1610,1514,1380,1600,988,1500,1500,1500,1500,1500,1500,1500,1500,1500,1500,1500,1500,1500,1500,1500,1500,1500,1500,1500,1500,1500,1500,7.4
2026-08-08,12:51:40.690,48.2,-1.9,-85,-81,100,9,1,8,10,-79,100,11,12.2,0.0,0,0,-1,-410,-1009,125,29,-1024,-3,-916,-31,0,0,-1,0,-1,1,0,-1,0x0000000000000000,1511,1505,1566,1588,2012,1573,1492,1380,1600,988,1500,1500,1500,1500,1500,1500,1500,1500,1500,1500,1500,1500,1500,1500,1500,1500,1500,1500,1500,1500,1500,1500,7.4
2026-08-08,12:51:41.190,47.5,-1.0,-85,-85,100,10,1,8,10,-77,100,10,12.2,0.0,0,0,-1,-247,-1009,-113,30,-1024,-3,-916,-31,0,0,-1,0,-1,1,0,-1,0x0000000000000000,1511,1456,1502,1549,2012,1502,1450,1380,1600,988,1500,1500,1500,1500,1500,1500,1500,1500,1500,1500,1500,1500,1500,1500,1500,1500,1500,1500,1500,1500,1500,1500,7.4
2026-08-08,12:51:41.690,46.5,-1.6,-79,-87,100,11,0,8,10,-73,100,10,12.1,0.0,0,0,-1,-116,-1010,-186,30,-1024,-3,-916,-31,0,0,-1,0,-1,1,0,-1,0x0000000000000000,1511,1423,1485,1537,2012,1480,1438,1380,1600,988,1500,1500,1500,1500,1500,1500,1500,1500,1500,1500,1500,1500,1500,1500,1500,1500,1500,1500,1500,1500,1500,1500,7.4
2026-08-08,12:51:42.190,45.7,-1.6,-79,-87,100,10,0,8,10,-77,100,10,12.1,0.0,0,0,-1,-131,-1010,-229,30,-1024,-3,-916,-31,0,0,-1,0,-1,1,0,-1,0x0000000000000000,1511,1427,1475,1530,2012,1468,1430,1380,1600,988,1500,1500,1500,1500,1500,1500,1500,1500,1500,1500,1500,1500,1500,1500,1500,1500,1500,1500,1500,1500,1500,1500,7.4
2026-08-08,12:51:42.690,44.6,-2.3,-81,-87,100,10,0,8,10,-73,100,10,12.1,0.0,0,0,-1,-1,-1009,-684,30,-1024,-3,-917,-31,0,0,-1,0,-1,1,0,-1,0x0000000000000000,1511,1395,1368,1460,2012,1330,1350,1380,1600,988,1500,1500,1500,1500,1500,1500,1500,1500,1500,1500,1500,1500,1500,1500,1500,1500,1500,1500,1500,1500,1500,1500,7.4
2026-08-08,12:51:43.190,43.5,-2.3,-82,-87,100,11,0,8,10,-77,96,11,12.1,0.0,0,0,-1,1,-1009,-238,30,-1024,-3,-916,-31,0,0,-1,0,-1,1,0,-1,0x0000000000000000,1511,1394,1472,1528,2012,1465,1428,1380,1600,988,1500,1500,1500,1500,1500,1500,1500,1500,1500,1500,1500,1500,1500,1500,1500,1500,1500,1500,1500,1500,1500,1500,7.4
2026-08-08,12:51:43.690,42.6,-1.9,-82,-87,100,11,0,8,10,-79,100,11,12.1,0.0,0,0,-1,0,-1010,1,30,-1024,-3,-916,-31,0,0,-1,0,-1,1,0,-1,0x0000000000000000,1511,1395,1532,1567,2012,1536,1470,1380,1600,988,1500,1500,1500,1500,1500,1500,1500,1500,1500,1500,1500,1500,1500,1500,1500,1500,1500,1500,1500,1500,1500,1500,7.4
2026-08-08,12:51:44.190,41.4,-2.2,-85,-94,100,0,1,8,100,-87,100,8,12.1,0.0,0,0,-1,0,-1009,1,30,-1024,-3,-916,-31,0,0,-1,0,-1,1,0,-1,0x0000000000000000,1511,1395,1532,1567,2012,1536,1470,1380,1600,988,1500,1500,1500,1500,1500,1500,1500,1500,1500,1500,1500,1500,1500,1500,1500,1500,1500,1500,1500,1500,1500,1500,7.4
2026-08-08,12:51:44.690,40.4,-2.1,-85,-88,100,6,0,8,25,-92,96,6,12.1,0.0,0,0,-1,5,-1010,512,29,-1024,-3,-916,-32,0,0,-1,0,-1,1,0,-1,0x0000000000000000,1511,1393,1669,1651,2012,1688,1559,1380,1600,988,1500,1500,1500,1500,1500,1500,1500,1500,1500,1500,1500,1500,1500,1500,1500,1500,1500,1500,1500,1500,1500,1500,7.4
2026-08-08,12:51:45.190,38.8,-3.1,-73,-93,98,11,0,8,10,-74,100,11,12.1,0.0,0,0,-1,0,-1009,390,30,-1024,-3,-916,-31,0,0,-1,0,-1,1,0,-1,0x0000000000000000,1511,1395,1636,1631,2012,1651,1538,1380,1600,988,1500,1500,1500,1500,1500,1500,1500,1500,1500,1500,1500,1500,1500,1500,1500,1500,1500,1500,1500,1500,1500,1500,7.4
2026-08-08,12:51:45.690,37.4,-2.6,-85,-94,99,8,0,8,25,-87,100,9,12.1,0.0,0,0,-1,-4,-1009,2,30,-1024,-3,-916,-31,0,0,-1,0,-1,1,0,-1,0x0000000000000000,1511,1396,1532,1567,2012,1536,1470,1380,1600,988,1500,1500,1500,1500,1500,1500,1500,1500,1500,1500,1500,1500,1500,1500,1500,1500,1500,1500,1500,1500,1500,1500,7.4
2026-08-08,12:51:46.190,36.4,-2.3,-86,-86,99,9,1,8,100,-92,100,7,12.1,0.0,0,0,-1,4,-1009,361,29,-1024,-3,-917,-32,0,0,-1,0,-1,1,0,-1,0x0000000000000000,1511,1394,1629,1626,2012,1643,1533,1380,1600,988,1500,1500,1500,1500,1500,1500,1500,1500,1500,1500,1500,1500,1500,1500,1500,1500,1500,1500,1500,1500,1500,1500,7.4
2026-08-08,12:51:46.690,34.9,-2.9,-84,-92,99,11,0,8,10,-83,100,9,12.2,0.0,0,0,-1,-1,-1009,3,30,-1024,-3,-916,-31,0,0,-1,0,-1,1,0,-1,0x0000000000000000,1511,1395,1533,1568,2012,1536,1471,1380,1600,988,1500,1500,1500,1500,1500,1500,1500,1500,1500,1500,1500,1500,1500,1500,1500,1500,1500,1500,1500,1500,1500,1500,7.4
2026-08-08,12:51:47.190,33.4,-3.0,-79,-92,100,11,0,8,10,-72,100,11,12.2,0.0,0,0,-1,-1,-1009,1,30,-1024,-3,-916,-31,1,0,-1,0,-1,1,0,-1,0x0000000000000000,1511,1357,1532,1615,2012,1536,1419,1500,1500,988,1500,1500,1500,1500,1500,1500,1500,1500,1500,1500,1500,1500,1500,1500,1500,1500,1500,1500,1500,1500,1500,1500,7.4
2026-08-08,12:51:47.690,32.2,-2.8,-81,-92,100,10,0,8,10,-79,100,9,12.1,0.0,0,0,-1,-1,-1009,1,30,-1024,-3,-916,-31,1,0,-1,0,-1,1,0,-1,0x0000000000000000,1511,1357,1532,1615,2012,1536,1419,1500,1500,988,1500,1500,1500,1500,1500,1500,1500,1500,1500,1500,1500,1500,1500,1500,1500,1500,1500,1500,1500,1500,1500,1500,7.4
2026-08-08,12:51:48.190,30.7,-3.0,-84,-89,100,9,0,8,10,-82,100,9,12.1,0.0,0,0,-1,6,-1009,595,29,-1024,-3,-916,-31,1,0,-1,0,-1,1,0,-1,0x0000000000000000,1511,1355,1692,1712,2012,1713,1523,1500,1500,988,1500,1500,1500,1500,1500,1500,1500,1500,1500,1500,1500,1500,1500,1500,1500,1500,1500,1500,1500,1500,1500,1500,7.4
2026-08-08,12:51:48.690,29.0,-3.2,-84,-89,100,7,0,8,10,-76,100,11,12.1,0.0,0,0,-1,-379,-1009,80,30,-1024,-3,-916,-31,1,0,-1,0,-1,1,0,-1,0x0000000000000000,1511,1454,1553,1628,2012,1559,1433,1500,1500,988,1500,1500,1500,1500,1500,1500,1500,1500,1500,1500,1500,1500,1500,1500,1500,1500,1500,1500,1500,1500,1500,1500,7.4
2026-08-08,12:51:49.190,27.7,-2.4,-83,-89,100,10,0,8,10,-78,100,10,12.1,0.0,0,0,-1,-220,-1009,2,30,-1024,-3,-916,-31,1,0,-1,0,-1,1,0,-1,0x0000000000000000,1511,1412,1532,1615,2012,1536,1419,1500,1500,988,1500,1500,1500,1500,1500,1500,1500,1500,1500,1500,1500,1500,1500,1500,1500,1500,1500,1500,1500,1500,1500,1500,7.4
2026-08-08,12:51:49.690,27.6,-0.5,-87,-89,100,8,0,8,10,-88,100,7,12.1,0.0,0,0,-1,1,-1009,37,30,-1024,-3,-916,-31,1,0,-1,0,-1,1,0,-1,0x0000000000000000,1511,1356,1542,1623,2012,1550,1427,1500,1500,988,1500,1500,1500,1500,1500,1500,1500,1500,1500,1500,1500,1500,1500,1500,1500,1500,1500,1500,1500,1500,1500,1500,7.4
2026-08-08,12:51:50.190,27.4,-0.5,-81,-97,100,10,0,8,10,-70,100,11,12.1,0.0,0,0,-1,1,-1009,156,30,-1024,-3,-916,-31,1,0,-1,0,-1,1,0,-1,0x0000000000000000,1511,1356,1574,1640,2012,1582,1446,1500,1500,988,1500,1500,1500,1500,1500,1500,1500,1500,1500,1500,1500,1500,1500,1500,1500,1500,1500,1500,1500,1500,1500,1500,7.4
2026-08-08,12:51:50.690,26.8,-1.1,-81,-97,100,10,0,8,10,-74,100,10,12.1,0.0,0,0,-1,-8,-1009,-475,30,-1024,-3,-916,-31,1,0,-1,0,-1,1,0,-1,0x0000000000000000,1511,1359,1417,1537,2012,1393,1336,1500,1500,988,1500,1500,1500,1500,1500,1500,1500,1500,1500,1500,1500,1500,1500,1500,1500,1500,1500,1500,1500,1500,1500,1500,7.4
2026-08-08,12:51:51.190,26.2,-1.0,-79,-97,100,10,0,8,10,-72,100,10,12.1,0.0,0,0,-1,-5,-1009,-667,30,-1024,-3,-916,-32,1,0,-1,0,-1,1,0,-1,0x0000000000000000,1511,1358,1372,1506,2012,1335,1302,1500,1500,988,1500,1500,1500,1500,1500,1500,1500,1500,1500,1500,1500,1500,1500,1500,1500,1500,1500,1500,1500,1500,1500,1500,7.4
2026-08-08,12:51:51.690,24.4,-3.3,-77,-97,100,11,0,8,10,-72,100,9,12.1,0.0,0,0,-1,-190,-1009,-253,30,-1024,-3,-916,-31,1,0,-1,0,-1,1,0,-1,0x0000000000000000,1511,1404,1473,1576,2012,1465,1377,1500,1500,988,1500,1500,1500,1500,1500,1500,1500,1500,1500,1500,1500,1500,1500,1500,1500,1500,1500,1500,1500,1500,1500,1500,7.4
2026-08-08,12:51:52.190,23.5,-2.4,-74,-97,100,10,0,8,10,-65,100,11,12.1,0.0,0,0,-1,-108,-1009,-220,30,-1024,-3,-917,-31,1,0,-1,0,-1,1,0,-1,0x0000000000000000,1511,1383,1477,1579,2012,1470,1380,1500,1500,988,1500,1500,1500,1500,1500,1500,1500,1500,1500,1500,1500,1500,1500,1500,1500,1500,1500,1500,1500,1500,1500,1500,7.4
2026-08-08,12:51:52.690,23.0,-1.3,-74,-97,100,11,0,8,10,-69,100,10,12.1,0.0,0,0,-1,0,-1009,0,30,-1024,-3,-916,-31,0,0,-1,0,-1,1,0,-1,0x0000000000000000,1511,1395,1532,1567,2012,1535,1470,1380,1600,988,1500,1500,1500,1500,1500,1500,1500,1500,1500,1500,1500,1500,1500,1500,1500,1500,1500,1500,1500,1500,1500,1500,7.4
2026-08-08,12:51:53.190,23.0,0.0,-78,-97,100,11,0,8,10,-74,100,10,12.1,0.0,0,0,-1,4,-1009,679,29,-1024,-3,-916,-31,0,0,-1,0,-1,1,0,-1,0x0000000000000000,1511,1394,1714,1678,2012,1737,1588,1380,1600,988,1500,1500,1500,1500,1500,1500,1500,1500,1500,1500,1500,1500,1500,1500,1500,1500,1500,1500,1500,1500,1500,1500,7.4
2026-08-08,12:51:53.690,23.1,0.4,-80,-82,100,11,0,8,10,-77,100,11,12.1,0.0,0,0,-1,5,-1009,88,30,-1024,-3,-916,-32,0,0,-1,0,-1,1,0,-1,0x0000000000000000,1511,1393,1556,1582,2012,1562,1486,1380,1600,988,1500,1500,1500,1500,1500,1500,1500,1500,1500,1500,1500,1500,1500,1500,1500,1500,1500,1500,1500,1500,1500,1500,7.4
2026-08-08,12:51:54.190,23.5,0.8,-79,-82,100,11,0,8,10,-77,100,10,12.2,0.0,0,0,-1,-4,-1009,-607,30,-1024,-3,-916,-31,0,0,-1,0,-1,1,0,-1,0x0000000000000000,1511,1396,1386,1471,2012,1354,1364,1380,1600,988,1500,1500,1500,1500,1500,1500,1500,1500,1500,1500,1500,1500,1500,1500,1500,1500,1500,1500,1500,1500,1500,1500,7.4
2026-08-08,12:51:54.690,23.9,0.9,-74,-82,100,12,0,8,10,-71,100,10,12.2,0.0,0,0,-1,-1,-1010,-831,30,-1024,-3,-916,-31,0,0,-1,0,-1,1,0,-1,0x0000000000000000,1511,1395,1333,1437,2012,1286,1325,1380,1600,988,1500,1500,1500,1500,1500,1500,1500,1500,1500,1500,1500,1500,1500,1500,1500,1500,1500,1500,1500,1500,1500,1500,7.4
2026-08-08,12:51:55.190,24.7,1.4,-73,-82,100,12,0,8,10,-66,100,11,12.1,0.0,0,0,-1,0,-1009,-873,30,-1024,-3,-916,-31,0,0,-1,0,-1,1,0,-1,0x0000000000000000,1511,1395,1324,1431,2012,1274,1317,1380,1600,988,1500,1500,1500,1500,1500,1500,1500,1500,1500,1500,1500,1500,1500,1500,1500,1500,1500,1500,1500,1500,1500,1500,7.4
2026-08-08,12:51:55.690,25.0,0.5,-75,-82,100,12,0,8,10,-68,100,10,12.1,0.0,0,0,-1,-1,-1009,-811,30,-1024,-3,-916,-31,0,0,-1,0,-1,1,0,-1,0x0000000000000000,1511,1395,1338,1440,2012,1292,1328,1380,1600,988,1500,1500,1500,1500,1500,1500,1500,1500,1500,1500,1500,1500,1500,1500,1500,1500,1500,1500,1500,1500,1500,1500,7.4
2026-08-08,12:51:56.190,24.4,-1.0,-77,-82,100,11,0,8,10,-73,100,10,12.2,0.0,0,0,-1,-8,-1009,-787,30,-1024,-3,-916,-31,0,0,-1,0,-1,1,0,-1,0x0000000000000000,1511,1397,1344,1444,2012,1299,1332,1380,1600,988,1500,1500,1500,1500,1500,1500,1500,1500,1500,1500,1500,1500,1500,1500,1500,1500,1500,1500,1500,1500,1500,1500,7.4
2026-08-08,12:51:56.690,23.6,-1.4,-76,-82,100,11,0,8,10,-72,100,10,12.2,0.0,0,0,-1,-176,-1010,-434,30,-1024,-3,-916,-31,0,0,-1,0,-1,1,0,-1,0x0000000000000000,1511,1441,1429,1499,2012,1409,1396,1380,1600,988,1500,1500,1500,1500,1500,1500,1500,1500,1500,1500,1500,1500,1500,1500,1500,1500,1500,1500,1500,1500,1500,1500,7.4
2026-08-08,12:51:57.190,22.4,-2.3,-83,-89,100,8,0,8,10,-72,100,10,12.2,0.0,0,0,-1,-201,-1009,157,30,-1024,-3,-916,-32,0,0,-1,0,-1,1,0,-1,0x0000000000000000,1511,1445,1574,1593,2012,1582,1498,1380,1600,988,1500,1500,1500,1500,1500,1500,1500,1500,1500,1500,1500,1500,1500,1500,1500,1500,1500,1500,1500,1500,1500,1500,7.4
2026-08-08,12:51:57.690,21.8,-1.0,-74,-89,100,12,0,8,10,-68,100,11,12.2,0.0,0,0,-1,-2,-1009,161,29,-1024,-3,-916,-31,0,0,-1,0,-1,1,0,-1,0x0000000000000000,1511,1395,1575,1594,2012,1583,1498,1380,1600,988,1500,1500,1500,1500,1500,1500,1500,1500,1500,1500,1500,1500,1500,1500,1500,1500,1500,1500,1500,1500,1500,1500,7.4
2026-08-08,12:51:58.190,21.3,-1.0,-70,-89,100,12,0,8,10,-61,100,11,12.1,0.0,0,0,0,-4,-1009,247,30,-1024,-3,-916,-31,-1,0,-1,0,-1,1,0,-1,0x0000000000000000,1512,1426,1598,1560,2012,1609,1564,1260,1701,988,1500,1500,1500,1500,1500,1500,1500,1500,1500,1500,1500,1500,1500,1500,1500,1500,1500,1500,1500,1500,1500,1500,7.4
2026-08-08,12:51:58.690,20.8,-0.9,-71,-89,100,11,0,8,10,-67,100,11,12.1,0.0,0,0,-1,0,-1010,585,30,-1024,-3,-916,-31,-1,0,-1,0,-1,1,0,-1,0x0000000000000000,1511,1425,1689,1615,2012,1710,1623,1260,1701,988,1500,1500,1500,1500,1500,1500,1500,1500,1500,1500,1500,1500,1500,1500,1500,1500,1500,1500,1500,1500,1500,1500,7.4
2026-08-08,12:51:59.190,19.8,-1.8,-82,-79,100,10,1,8,10,-69,100,11,12.1,0.0,0,0,1,-208,-1011,355,30,-1024,-3,-916,-31,-1,0,-1,0,-1,1,0,-1,0x0000000000000000,1512,1479,1627,1577,2012,1641,1583,1260,1701,988,1500,1500,1500,1500,1500,1500,1500,1500,1500,1500,1500,1500,1500,1500,1500,1500,1500,1500,1500,1500,1500,1500,7.4
2026-08-08,12:51:59.690,19.0,-1.6,-82,-81,100,11,1,8,10,-76,100,10,12.1,0.0,0,0,-1,-30,-1009,701,29,-1024,-3,-916,-32,-1,0,-1,0,-1,1,0,-1,0x0000000000000000,1511,1433,1720,1634,2012,1744,1644,1260,1701,988,1500,1500,1500,1500,1500,1500,1500,1500,1500,1500,1500,1500,1500,1500,1500,1500,1500,1500,1500,1500,1500,1500,7.4
2026-08-08,12:52:00.190,18.8,-0.3,-82,-80,100,10,1,8,10,-72,100,10,12.1,0.0,0,0,-1,-192,-1010,12,30,-1024,-3,-916,-32,-1,0,-1,0,-1,1,0,-1,0x0000000000000000,1511,1474,1535,1521,2012,1539,1523,1260,1701,988,1500,1500,1500,1500,1500,1500,1500,1500,1500,1500,1500,1500,1500,1500,1500,1500,1500,1500,1500,1500,1500,1500,7.4
2026-08-08,12:52:00.690,19.3,0.4,-78,-85,100,11,0,8,10,-75,100,10,12.1,0.0,0,0,-1,-87,-1010,36,30,-1024,-3,-916,-31,-1,0,-1,0,-1,1,0,-1,0x0000000000000000,1511,1443,1545,1527,2012,1550,1529,1260,1701,988,1500,1500,1500,1500,1500,1500,1500,1500,1500,1500,1500,1500,1500,1500,1500,1500,1500,1500,1500,1500,1500,1500,7.4
2026-08-08,12:52:01.190,19.5,0.3,-76,-85,100,11,0,8,10,-63,100,12,12.1,0.0,0,0,-1,-58,-1010,396,30,-1024,-3,-916,-31,-1,0,-1,0,-1,1,0,-1,0x0000000000000000,1511,1440,1638,1584,2012,1653,1590,1260,1701,988,1500,1500,1500,1500,1500,1500,1500,1500,1500,1500,1500,1500,1500,1500,1500,1500,1500,1500,1500,1500,1500,1500,7.4
2026-08-08,12:52:01.690,19.4,-0.3,-71,-85,100,11,0,8,10,-67,100,11,12.1,0.0,0,0,-1,-4,-1009,584,29,-1024,-3,-916,-31,-1,0,-1,0,-1,1,0,-1,0x0000000000000000,1511,1426,1688,1615,2012,1709,1623,1260,1701,988,1500,1500,1500,1500,1500,1500,1500,1500,1500,1500,1500,1500,1500,1500,1500,1500,1500,1500,1500,1500,1500,1500,7.4
2026-08-08,12:52:02.190,20.0,0.4,-71,-85,100,10,0,8,10,-65,100,11,12.1,0.0,0,0,-1,-7,-1010,-538,30,-1024,-3,-916,-31,-1,0,-1,0,-1,1,0,-1,0x0000000000000000,1511,1427,1402,1438,2012,1374,1427,1260,1701,988,1500,1500,1500,1500,1500,1500,1500,1500,1500,1500,1500,1500,1500,1500,1500,1500,1500,1500,1500,1500,1500,1500,7.4
2026-08-08,12:52:02.690,19.1,-1.6,-70,-85,100,11,0,8,10,-66,100,11,12.1,0.0,0,0,-1,4,-1010,-343,30,-1024,-3,-916,-31,-1,0,-1,0,-1,1,0,-1,0x0000000000000000,1511,1424,1448,1467,2012,1433,1461,1260,1701,988,1500,1500,1500,1500,1500,1500,1500,1500,1500,1500,1500,1500,1500,1500,1500,1500,1500,1500,1500,1500,1500,1500,7.4
2026-08-08,12:52:03.190,18.3,-1.6,-70,-85,100,11,0,8,10,-69,100,10,12.1,0.0,0,0,-1,3,-1009,139,30,-1024,-3,-916,-32,-1,0,-1,0,-1,1,0,-1,0x0000000000000000,1511,1425,1569,1542,2012,1577,1545,1260,1701,988,1500,1500,1500,1500,1500,1500,1500,1500,1500,1500,1500,1500,1500,1500,1500,1500,1500,1500,1500,1500,1500,1500,7.4
2026-08-08,12:52:03.690,18.1,-0.1,-81,-90,100,11,0,8,10,-73,100,10,12.1,0.0,0,0,-1,4,-1009,174,30,-1024,-3,-916,-31,-1,0,-1,0,-1,1,0,-1,0x0000000000000000,1511,1424,1579,1548,2012,1587,1551,1260,1701,988,1500,1500,1500,1500,1500,1500,1500,1500,1500,1500,1500,1500,1500,1500,1500,1500,1500,1500,1500,1500,1500,1500,7.4
2026-08-08,12:52:04.190,18.9,1.5,-75,-90,100,12,0,8,10,-73,100,11,12.1,0.0,0,0,0,4,-1009,290,30,-1024,-3,-916,-31,0,0,-1,0,-1,1,0,-1,0x0000000000000000,1512,1394,1610,1615,2012,1622,1520,1380,1600,988,1500,1500,1500,1500,1500,1500,1500,1500,1500,1500,1500,1500,1500,1500,1500,1500,1500,1500,1500,1500,1500,1500,7.4
2026-08-08,12:52:04.690,19.0,0.3,-77,-85,98,10,0,8,10,-69,100,10,12.1,0.0,0,0,-1,4,-1009,260,30,-1024,-3,-916,-31,1,0,-1,0,-1,1,0,-1,0x0000000000000000,1511,1356,1605,1659,2012,1616,1466,1500,1500,988,1500,1500,1500,1500,1500,1500,1500,1500,1500,1500,1500,1500,1500,1500,1500,1500,1500,1500,1500,1500,1500,1500,7.4
2026-08-08,12:52:05.190,19.9,1.4,-79,-85,99,12,0,8,10,-75,100,10,12.1,0.0,0,0,-1,6,-1010,666,29,-1024,-3,-916,-31,1,0,-1,0,-1,1,0,-1,0x0000000000000000,1511,1355,1710,1724,2012,1733,1535,1500,1500,988,1500,1500,1500,1500,1500,1500,1500,1500,1500,1500,1500,1500,1500,1500,1500,1500,1500,1500,1500,1500,1500,1500,7.4
2026-08-08,12:52:05.690,20.1,0.4,-72,-86,99,10,0,8,10,-64,100,11,12.1,0.0,0,0,-1,-2,-1010,692,29,-1024,-3,-916,-32,1,0,-1,0,-1,1,0,-1,0x0000000000000000,1511,1357,1717,1728,2012,1741,1539,1500,1500,988,1500,1500,1500,1500,1500,1500,1500,1500,1500,1500,1500,1500,1500,1500,1500,1500,1500,1500,1500,1500,1500,1500,7.4
2026-08-08,12:52:06.190,19.8,-0.4,-72,-86,100,10,0,8,10,-70,100,11,12.2,0.0,0,0,-1,-218,-1009,401,29,-1024,-3,-916,-31,1,0,-1,0,-1,1,0,-1,0x0000000000000000,1511,1411,1639,1681,2012,1655,1489,1500,1500,988,1500,1500,1500,1500,1500,1500,1500,1500,1500,1500,1500,1500,1500,1500,1500,1500,1500,1500,1500,1500,1500,1500,7.4
2026-08-08,12:52:06.690,19.1,-1.3,-69,-86,100,10,0,8,10,-64,100,10,12.2,0.0,0,0,-1,-249,-1009,377,30,-1024,-3,-916,-31,1,0,-1,0,-1,1,0,-1,0x0000000000000000,1511,1422,1630,1675,2012,1644,1483,1500,1500,988,1500,1500,1500,1500,1500,1500,1500,1500,1500,1500,1500,1500,1500,1500,1500,1500,1500,1500,1500,1500,1500,1500,7.4
2026-08-08,12:52:07.190,18.1,-2.1,-73,-86,100,10,0,8,10,-67,100,11,12.1,0.0,0,0,-1,-309,-1010,1,30,-1024,-3,-916,-31,1,0,-1,0,-1,1,0,-1,0x0000000000000000,1511,1435,1532,1615,2012,1536,1419,1500,1500,988,1500,1500,1500,1500,1500,1500,1500,1500,1500,1500,1500,1500,1500,1500,1500,1500,1500,1500,1500,1500,1500,1500,7.4
2026-08-08,12:52:07.690,17.6,-1.0,-74,-82,100,10,0,8,10,-62,100,10,12.1,0.0,0,0,-1,-174,-1009,576,29,-1024,-3,-916,-31,1,0,-1,0,-1,1,0,-1,0x0000000000000000,1511,1400,1686,1709,2012,1707,1519,1500,1500,988,1500,1500,1500,1500,1500,1500,1500,1500,1500,1500,1500,1500,1500,1500,1500,1500,1500,1500,1500,1500,1500,1500,7.4
2026-08-08,12:52:08.190,17.5,-0.9,-66,-82,100,11,0,8,10,-62,100,11,12.1,0.0,0,0,-1,-345,-1009,445,30,-1024,-3,-916,-31,1,0,-1,0,-1,1,0,-1,0x0000000000000000,1511,1444,1651,1688,2012,1668,1497,1500,1500,988,1500,1500,1500,1500,1500,1500,1500,1500,1500,1500,1500,1500,1500,1500,1500,1500,1500,1500,1500,1500,1500,1500,7.4
2026-08-08,12:52:08.690,18.3,1.1,-64,-82,100,10,0,8,10,-55,100,10,12.1,0.0,0,0,-1,-229,-1010,596,29,-1024,-3,-916,-31,1,0,-1,0,-1,1,0,-1,0x0000000000000000,1511,1414,1692,1712,2012,1713,1523,1500,1500,988,1500,1500,1500,1500,1500,1500,1500,1500,1500,1500,1500,1500,1500,1500,1500,1500,1500,1500,1500,1500,1500,1500,7.4
2026-08-08,12:52:09.190,18.6,0.1,-66,-82,100,10,0,8,10,-60,100,11,12.1,0.0,0,0,0,-308,-1010,-429,30,-1024,-3,-916,-31,1,0,-1,0,-1,1,0,-1,0x0000000000000000,1512,1435,1428,1545,2012,1407,1344,1500,1500,988,1500,1500,1500,1500,1500,1500,1500,1500,1500,1500,1500,1500,1500,1500,1500,1500,1500,1500,1500,1500,1500,1500,7.4
2026-08-08,12:52:09.690,18.3,-0.7,-75,-79,100,10,0,8,10,-79,100,10,12.1,0.0,0,0,-1,-321,-1009,-378,30,-1024,-3,-916,-32,1,0,-1,0,-1,1,0,-1,0x0000000000000000,1511,1438,1440,1553,2012,1422,1353,1500,1500,988,1500,1500,1500,1500,1500,1500,1500,1500,1500,1500,1500,1500,1500,1500,1500,1500,1500,1500,1500,1500,1500,1500,7.4
2026-08-08,12:52:10.190,17.0,-2.1,-75,-79,100,10,0,8,10,-66,100,11,12.1,0.0,0,0,0,-178,-1008,253,29,-1024,-3,-916,-32,1,0,-1,0,-1,1,0,-1,0x0000000000000000,1512,1401,1600,1656,2012,1611,1463,1500,1500,988,1500,1500,1500,1500,1500,1500,1500,1500,1500,1500,1500,1500,1500,1500,1500,1500,1500,1500,1500,1500,1500,1500,7.4
2026-08-08,12:52:10.690,16.3,-0.9,-76,-79,100,10,0,8,10,-69,100,10,12.1,0.0,0,0,0,-63,-1009,554,29,-1024,-3,-916,-31,1,0,-1,0,-1,1,0,-1,0x0000000000000000,1512,1372,1680,1706,2012,1700,1515,1500,1500,988,1500,1500,1500,1500,1500,1500,1500,1500,1500,1500,1500,1500,1500,1500,1500,1500,1500,1500,1500,1500,1500,1500,7.4
2026-08-08,12:52:11.190,16.5,0.4,-76,-79,100,12,0,8,10,-71,100,11,12.1,0.0,0,0,-1,-6,-1009,615,29,-1024,-3,-916,-31,0,0,-1,0,-1,1,0,-1,0x0000000000000000,1511,1397,1700,1669,2012,1721,1579,1380,1600,988,1500,1500,1500,1500,1500,1500,1500,1500,1500,1500,1500,1500,1500,1500,1500,1500,1500,1500,1500,1500,1500,1500,7.4
2026-08-08,12:52:11.690,16.9,0.8,-78,-79,100,11,0,8,10,-77,100,5,12.1,0.0,0,0,-1,-131,-1009,238,30,-1024,-3,-916,-31,0,0,-1,0,-1,1,0,-1,0x0000000000000000,1511,1427,1596,1606,2012,1606,1511,1380,1600,988,1500,1500,1500,1500,1500,1500,1500,1500,1500,1500,1500,1500,1500,1500,1500,1500,1500,1500,1500,1500,1500,1500,7.4
2026-08-08,12:52:12.190,16.5,-0.4,-75,-79,100,11,0,8,10,-65,100,10,12.1,0.0,0,0,-1,-71,-1009,-334,30,-1024,-3,-916,-32,0,0,-1,0,-1,1,0,-1,0x0000000000000000,1511,1412,1450,1513,2012,1436,1412,1380,1600,988,1500,1500,1500,1500,1500,1500,1500,1500,1500,1500,1500,1500,1500,1500,1500,1500,1500,1500,1500,1500,1500,1500,7.4
2026-08-08,12:52:12.690,15.5,-1.6,-73,-79,100,11,0,8,10,-61,100,11,12.1,0.0,0,0,-1,-125,-1009,-300,30,-1024,-3,-916,-31,0,0,-1,0,-1,1,0,-1,0x0000000000000000,1511,1426,1460,1520,2012,1449,1419,1380,1600,988,1500,1500,1500,1500,1500,1500,1500,1500,1500,1500,1500,1500,1500,1500,1500,1500,1500,1500,1500,1500,1500,1500,7.4
2026-08-08,12:52:13.190,14.4,-1.4,-69,-79,100,11,0,8,10,-61,100,11,12.1,0.0,0,0,0,-6,-1009,-2,30,-1024,-3,-916,-31,0,0,-1,0,-1,1,0,-1,0x0000000000000000,1512,1397,1532,1567,2012,1535,1470,1380,1600,988,1500,1500,1500,1500,1500,1500,1500,1500,1500,1500,1500,1500,1500,1500,1500,1500,1500,1500,1500,1500,1500,1500,7.4
2026-08-08,12:52:13.690,14.1,-1.0,-72,-79,100,11,0,8,10,-65,100,11,12.1,0.0,0,0,-1,0,-1014,1,30,-1024,-3,-916,-32,0,0,-1,0,-1,1,0,-1,0x0000000000000000,1511,1395,1532,1567,2012,1536,1470,1380,1600,988,1500,1500,1500,1500,1500,1500,1500,1500,1500,1500,1500,1500,1500,1500,1500,1500,1500,1500,1500,1500,1500,1500,7.4
2026-08-08,12:52:14.190,13.8,-0.1,-68,-79,100,9,0,8,10,-66,100,11,12.1,0.0,0,0,-1,5,-1009,386,29,-1024,-3,-916,-31,0,0,-1,0,-1,1,0,-1,0x0000000000000000,1511,1393,1635,1630,2012,1650,1537,1380,1600,988,1500,1500,1500,1500,1500,1500,1500,1500,1500,1500,1500,1500,1500,1500,1500,1500,1500,1500,1500,1500,1500,1500,7.4
2026-08-08,12:52:14.690,13.7,0.6,-69,-79,100,12,0,8,10,-67,100,9,12.1,0.0,0,0,-1,5,-1009,474,29,-1024,-3,-916,-31,0,0,-1,0,-1,1,0,-1,0x0000000000000000,1511,1393,1659,1644,2012,1676,1552,1380,1600,988,1500,1500,1500,1500,1500,1500,1500,1500,1500,1500,1500,1500,1500,1500,1500,1500,1500,1500,1500,1500,1500,1500,7.4
2026-08-08,12:52:15.190,14.2,0.7,-73,-76,100,12,0,8,10,-72,100,11,12.1,0.0,0,0,-1,4,-1009,308,30,-1024,-3,-916,-31,0,0,-1,0,-1,1,0,-1,0x0000000000000000,1511,1394,1615,1618,2012,1627,1524,1380,1600,988,1500,1500,1500,1500,1500,1500,1500,1500,1500,1500,1500,1500,1500,1500,1500,1500,1500,1500,1500,1500,1500,1500,7.4
2026-08-08,12:52:15.690,14.7,0.5,-79,-77,100,10,1,8,10,-73,100,11,12.1,0.0,0,0,-1,1,-1009,1,30,-1024,-3,-916,-31,0,0,-1,0,-1,1,0,-1,0x0000000000000000,1511,1394,1532,1567,2012,1536,1470,1380,1600,988,1500,1500,1500,1500,1500,1500,1500,1500,1500,1500,1500,1500,1500,1500,1500,1500,1500,1500,1500,1500,1500,1500,7.4
2026-08-08,12:52:16.190,15.4,0.8,-79,-78,100,11,1,8,10,-73,100,10,12.1,0.0,0,0,-1,21,-1009,-321,30,-1024,-3,-916,-31,1,0,-1,0,-1,1,0,-1,0x0000000000000000,1511,1352,1453,1562,2012,1440,1363,1500,1500,988,1500,1500,1500,1500,1500,1500,1500,1500,1500,1500,1500,1500,1500,1500,1500,1500,1500,1500,1500,1500,1500,1500,7.4
2026-08-08,12:52:16.690,15.7,0.2,-79,-80,100,10,1,8,10,-75,100,10,12.1,0.0,0,0,-1,3,-1010,-379,30,-1024,-3,-916,-31,1,0,-1,0,-1,1,0,-1,0x0000000000000000,1511,1356,1440,1553,2012,1422,1353,1500,1500,988,1500,1500,1500,1500,1500,1500,1500,1500,1500,1500,1500,1500,1500,1500,1500,1500,1500,1500,1500,1500,1500,1500,7.4
2026-08-08,12:52:17.190,15.6,-0.2,-79,-80,100,11,1,8,25,-77,100,9,12.1,0.0,0,0,-1,-2,-1010,-537,30,-1024,-3,-916,-31,1,0,-1,0,-1,1,0,-1,0x0000000000000000,1511,1357,1402,1527,2012,1375,1325,1500,1500,988,1500,1500,1500,1500,1500,1500,1500,1500,1500,1500,1500,1500,1500,1500,1500,1500,1500,1500,1500,1500,1500,1500,7.4
2026-08-08,12:52:17.690,14.8,-0.9,-83,-82,100,9,0,8,10,-80,100,11,12.1,0.0,0,0,-1,-34,-1009,2,30,-1024,-3,-916,-31,1,0,-1,0,-1,1,0,-1,0x0000000000000000,1511,1365,1532,1615,2012,1536,1419,1500,1500,988,1500,1500,1500,1500,1500,1500,1500,1500,1500,1500,1500,1500,1500,1500,1500,1500,1500,1500,1500,1500,1500,1500,7.4
2026-08-08,12:52:18.190,14.6,-0.6,-83,-82,100,10,0,8,10,-75,100,10,12.1,0.0,0,0,-1,3,-1010,78,30,-1024,-3,-916,-31,1,0,-1,0,-1,1,0,-1,0x0000000000000000,1511,1356,1553,1628,2012,1559,1433,1500,1500,988,1500,1500,1500,1500,1500,1500,1500,1500,1500,1500,1500,1500,1500,1500,1500,1500,1500,1500,1500,1500,1500,1500,7.4
2026-08-08,12:52:18.690,14.6,0.0,-84,-82,100,9,0,8,10,-82,100,9,12.1,0.0,0,0,-1,-2,-1012,3,30,-1024,-3,-916,-31,1,0,-1,0,-1,1,0,-1,0x0000000000000000,1511,1357,1533,1615,2012,1536,1419,1500,1500,988,1500,1500,1500,1500,1500,1500,1500,1500,1500,1500,1500,1500,1500,1500,1500,1500,1500,1500,1500,1500,1500,1500,7.4
2026-08-08,12:52:19.190,14.0,-1.0,-85,-81,100,10,1,8,10,-78,100,10,12.1,0.0,0,0,-1,1,-1009,1,30,-1024,-3,-916,-31,1,0,-1,0,-1,1,0,-1,0x0000000000000000,1511,1356,1532,1615,2012,1536,1419,1500,1500,988,1500,1500,1500,1500,1500,1500,1500,1500,1500,1500,1500,1500,1500,1500,1500,1500,1500,1500,1500,1500,1500,1500,7.4
2026-08-08,12:52:19.690,14.0,0.2,-85,-81,100,9,1,8,10,-76,100,11,12.1,0.0,0,0,82,-1,-1011,2,30,-1024,-3,-916,-32,1,0,-1,0,-1,1,0,-1,0x0000000000000000,1533,1357,1532,1615,2012,1536,1419,1500,1500,988,1500,1500,1500,1500,1500,1500,1500,1500,1500,1500,1500,1500,1500,1500,1500,1500,1500,1500,1500,1500,1500,1500,7.4
2026-08-08,12:52:20.190,13.3,-0.9,-85,-83,100,11,1,8,25,-77,100,9,12.1,0.0,0,0,397,-1,-1012,1,30,-1024,-3,-916,-31,1,0,-1,0,-1,1,0,-1,0x0000000000000000,1621,1357,1532,1615,2012,1536,1419,1500,1500,988,1500,1500,1500,1500,1500,1500,1500,1500,1500,1500,1500,1500,1500,1500,1500,1500,1500,1500,1500,1500,1500,1500,7.4
2026-08-08,12:52:20.690,12.8,-1.1,-85,-84,100,9,1,8,10,-76,100,11,12.1,0.0,0,0,581,-1,-1014,244,30,-1024,-3,-916,-31,1,0,-1,0,-1,1,0,-1,0x0000000000000000,1681,1357,1597,1655,2012,1608,1462,1500,1500,988,1500,1500,1500,1500,1500,1500,1500,1500,1500,1500,1500,1500,1500,1500,1500,1500,1500,1500,1500,1500,1500,1500,7.4
2026-08-08,12:52:21.190,12.0,-1.4,-85,-82,100,9,1,8,10,-82,100,8,12.2,0.0,0,0,390,-290,-1013,490,29,-1024,-3,-916,-31,1,0,-1,0,-1,1,0,-1,0x0000000000000000,1619,1430,1663,1695,2012,1681,1504,1500,1500,988,1500,1500,1500,1500,1500,1500,1500,1500,1500,1500,1500,1500,1500,1500,1500,1500,1500,1500,1500,1500,1500,1500,7.4
2026-08-08,12:52:21.690,10.9,-1.9,-73,-83,99,10,0,8,10,-66,100,11,12.2,0.0,0,0,320,-581,-1014,93,30,-1024,-3,-916,-31,1,0,-1,0,-1,1,0,-1,0x0000000000000000,1596,1525,1553,1628,2012,1559,1433,1500,1500,988,1500,1500,1500,1500,1500,1500,1500,1500,1500,1500,1500,1500,1500,1500,1500,1500,1500,1500,1500,1500,1500,1500,7.4
2026-08-08,12:52:22.190,10.4,-0.8,-77,-83,99,9,0,8,10,-79,100,10,12.1,0.0,0,0,0,-243,-1009,-338,30,-1024,-3,-916,-32,1,0,-1,0,-1,1,0,-1,0x0000000000000000,1512,1417,1449,1560,2012,1434,1360,1500,1500,988,1500,1500,1500,1500,1500,1500,1500,1500,1500,1500,1500,1500,1500,1500,1500,1500,1500,1500,1500,1500,1500,1500,7.4
2026-08-08,12:52:22.690,10.8,0.1,-75,-93,98,10,0,8,10,-80,100,9,12.1,0.0,0,0,0,0,-1010,-720,30,-1024,-3,-916,-31,1,0,-1,0,-1,1,0,-1,0x0000000000000000,1512,1357,1360,1498,2012,1320,1293,1500,1500,988,1500,1500,1500,1500,1500,1500,1500,1500,1500,1500,1500,1500,1500,1500,1500,1500,1500,1500,1500,1500,1500,1500,7.4
2026-08-08,12:52:23.190,10.9,0.2,-73,-93,100,10,0,8,10,-71,100,11,12.1,0.0,0,0,0,0,-1009,-273,30,-1024,-3,-916,-32,1,0,-1,0,-1,1,0,-1,0x0000000000000000,1512,1357,1464,1570,2012,1454,1371,1500,1500,988,1500,1500,1500,1500,1500,1500,1500,1500,1500,1500,1500,1500,1500,1500,1500,1500,1500,1500,1500,1500,1500,1500,7.4
2026-08-08,12:52:23.690,10.9,0.0,-71,-93,100,10,0,8,10,-64,100,11,12.1,0.0,0,0,105,-2,-1008,113,30,-1024,-3,-916,-31,1,0,-1,0,-1,1,0,-1,0x0000000000000000,1539,1357,1562,1633,2012,1569,1439,1500,1500,988,1500,1500,1500,1500,1500,1500,1500,1500,1500,1500,1500,1500,1500,1500,1500,1500,1500,1500,1500,1500,1500,1500,7.4
2026-08-08,12:52:24.190,10.7,-0.4,-69,-93,100,10,0,8,10,-67,100,10,12.1,0.0,0,0,0,-3,-1011,0,30,-1024,-3,-916,-32,1,0,-1,0,-1,1,0,-1,0x0000000000000000,1512,1357,1532,1615,2012,1535,1419,1500,1500,988,1500,1500,1500,1500,1500,1500,1500,1500,1500,1500,1500,1500,1500,1500,1500,1500,1500,1500,1500,1500,1500,1500,7.4
2026-08-08,12:52:24.690,10.8,0.0,-69,-93,100,11,0,8,10,-58,100,11,12.1,0.0,0,0,-225,0,-1013,-122,30,-1024,-3,-916,-31,1,0,-1,0,-1,1,0,-1,0x0000000000000000,1452,1357,1500,1595,2012,1500,1398,1500,1500,988,1500,1500,1500,1500,1500,1500,1500,1500,1500,1500,1500,1500,1500,1500,1500,1500,1500,1500,1500,1500,1500,1500,7.4
2026-08-08,12:52:25.190,10.3,-0.9,-67,-93,100,10,0,8,10,-62,100,10,12.2,0.0,0,0,-662,-7,-1010,-228,30,-1024,-3,-916,-32,1,0,-1,0,-1,1,0,-1,0x0000000000000000,1314,1359,1475,1578,2012,1468,1379,1500,1500,988,1500,1500,1500,1500,1500,1500,1500,1500,1500,1500,1500,1500,1500,1500,1500,1500,1500,1500,1500,1500,1500,1500,7.4
2026-08-08,12:52:25.690,9.7,-1.5,-67,-93,100,11,0,8,10,-62,100,11,12.2,0.0,0,0,-182,-123,-1013,-75,30,-1024,-3,-916,-32,1,0,-1,0,-1,1,0,-1,0x0000000000000000,1464,1391,1512,1603,2012,1513,1406,1500,1500,988,1500,1500,1500,1500,1500,1500,1500,1500,1500,1500,1500,1500,1500,1500,1500,1500,1500,1500,1500,1500,1500,1500,7.4
2026-08-08,12:52:26.190,8.6,-2.1,-67,-93,100,11,0,8,10,-64,100,11,12.1,0.0,0,0,82,-501,-1014,-3,30,-1024,-3,-916,-31,1,0,-1,0,-1,1,0,-1,0x0000000000000000,1533,1493,1531,1614,2012,1535,1418,1500,1500,988,1500,1500,1500,1500,1500,1500,1500,1500,1500,1500,1500,1500,1500,1500,1500,1500,1500,1500,1500,1500,1500,1500,7.4
2026-08-08,12:52:26.690,7.2,-2.1,-74,-83,100,10,0,8,10,-70,100,10,12.1,0.0,0,0,-271,-135,-1011,-436,30,-1024,-3,-916,-31,1,0,-1,0,-1,1,0,-1,0x0000000000000000,1439,1390,1426,1544,2012,1405,1343,1500,1500,988,1500,1500,1500,1500,1500,1500,1500,1500,1500,1500,1500,1500,1500,1500,1500,1500,1500,1500,1500,1500,1500,1500,7.4
2026-08-08,12:52:27.190,7.9,1.1,-70,-83,100,10,0,8,10,-64,100,11,12.1,0.0,0,0,740,79,-1015,206,30,-1024,-3,-916,-31,1,0,-1,0,-1,1,0,-1,0x0000000000000000,1740,1338,1587,1649,2012,1597,1455,1500,1500,988,1500,1500,1500,1500,1500,1500,1500,1500,1500,1500,1500,1500,1500,1500,1500,1500,1500,1500,1500,1500,1500,1500,7.4
2026-08-08,12:52:27.690,8.7,1.2,-74,-83,100,10,0,8,10,-71,100,10,12.1,0.0,0,0,650,8,-1014,432,29,-1024,-3,-916,-31,1,0,-1,0,-1,1,0,-1,0x0000000000000000,1705,1355,1648,1685,2012,1664,1494,1500,1500,988,1500,1500,1500,1500,1500,1500,1500,1500,1500,1500,1500,1500,1500,1500,1500,1500,1500,1500,1500,1500,1500,1500,7.4
2026-08-08,12:52:28.190,8.6,0.2,-79,-83,100,10,0,8,10,-69,100,10,12.1,0.0,0,0,1003,-1,-1015,272,30,-1024,-3,-916,-31,1,0,-1,0,-1,1,0,-1,0x0000000000000000,1859,1358,1605,1659,2012,1616,1466,1500,1500,988,1500,1500,1500,1500,1500,1500,1500,1500,1500,1500,1500,1500,1500,1500,1500,1500,1500,1500,1500,1500,1500,1500,7.4
2026-08-08,12:52:28.690,8.5,-0.3,-67,-83,100,11,0,8,10,-54,100,11,12.2,0.0,0,0,924,-161,-1015,-102,30,-1024,-3,-916,-32,1,0,-1,0,-1,1,0,-1,0x0000000000000000,1820,1397,1505,1598,2012,1505,1401,1500,1500,988,1500,1500,1500,1500,1500,1500,1500,1500,1500,1500,1500,1500,1500,1500,1500,1500,1500,1500,1500,1500,1500,1500,7.4
2026-08-08,12:52:29.190,8.0,-0.7,-65,-83,100,10,0,8,10,-57,100,10,12.2,0.0,0,0,983,-157,-1015,-220,30,-1024,-3,-916,-31,1,0,-1,0,-1,1,0,-1,0x0000000000000000,1849,1396,1477,1579,2012,1470,1380,1500,1500,988,1500,1500,1500,1500,1500,1500,1500,1500,1500,1500,1500,1500,1500,1500,1500,1500,1500,1500,1500,1500,1500,1500,7.4
2026-08-08,12:52:29.690,7.2,-1.2,-66,-83,100,10,0,8,10,-61,100,9,12.1,0.0,0,0,-189,-119,-1014,-368,30,-1024,-3,-916,-31,1,0,-1,0,-1,1,0,-1,0x0000000000000000,1462,1386,1442,1555,2012,1426,1355,1500,1500,988,1500,1500,1500,1500,1500,1500,1500,1500,1500,1500,1500,1500,1500,1500,1500,1500,1500,1500,1500,1500,1500,1500,7.4
2026-08-08,12:52:30.190,7.4,0.1,-67,-83,100,10,0,8,10,-63,100,10,12.1,0.0,0,0,0,73,-1009,0,30,-1024,-3,-916,-31,1,0,-1,0,-1,1,0,-1,0x0000000000000000,1512,1339,1532,1615,2012,1535,1419,1500,1500,988,1500,1500,1500,1500,1500,1500,1500,1500,1500,1500,1500,1500,1500,1500,1500,1500,1500,1500,1500,1500,1500,1500,7.4
2026-08-08,12:52:30.690,7.4,0.1,-67,-87,100,11,0,8,10,-58,100,10,12.1,0.0,0,0,-62,-7,-1010,-189,30,-1024,-3,-916,-32,1,0,-1,0,-1,1,0,-1,0x0000000000000000,1496,1359,1484,1584,2012,1480,1386,1500,1500,988,1500,1500,1500,1500,1500,1500,1500,1500,1500,1500,1500,1500,1500,1500,1500,1500,1500,1500,1500,1500,1500,1500,7.4
2026-08-08,12:52:31.190,7.6,0.4,-69,-87,100,10,0,8,10,-62,100,10,12.1,0.0,0,0,1,-17,-1010,53,30,-1024,-3,-916,-31,1,0,-1,0,-1,1,0,-1,0x0000000000000000,1512,1361,1546,1624,2012,1551,1428,1500,1500,988,1500,1500,1500,1500,1500,1500,1500,1500,1500,1500,1500,1500,1500,1500,1500,1500,1500,1500,1500,1500,1500,1500,7.4
2026-08-08,12:52:31.690,7.5,0.3,-66,-87,100,11,0,8,10,-52,100,11,12.1,0.0,0,0,0,-10,-1010,2,30,-1024,-3,-916,-31,1,0,-1,0,-1,1,0,-1,0x0000000000000000,1512,1360,1532,1615,2012,1536,1419,1500,1500,988,1500,1500,1500,1500,1500,1500,1500,1500,1500,1500,1500,1500,1500,1500,1500,1500,1500,1500,1500,1500,1500,1500,7.4
2026-08-08,12:52:32.190,7.6,0.0,-66,-87,100,10,0,8,10,-57,100,10,12.1,0.0,0,0,0,-3,-1008,90,30,-1024,-3,-916,-31,1,0,-1,0,-1,1,0,-1,0x0000000000000000,1512,1357,1556,1630,2012,1562,1435,1500,1500,988,1500,1500,1500,1500,1500,1500,1500,1500,1500,1500,1500,1500,1500,1500,1500,1500,1500,1500,1500,1500,1500,1500,7.4
2026-08-08,12:52:32.690,8.0,0.6,-64,-87,100,10,0,8,10,-61,100,11,12.1,0.0,0,0,0,-1,-1010,1,30,-1024,-3,-916,-31,1,0,-1,0,-1,1,0,-1,0x0000000000000000,1512,1357,1532,1615,2012,1536,1419,1500,1500,988,1500,1500,1500,1500,1500,1500,1500,1500,1500,1500,1500,1500,1500,1500,1500,1500,1500,1500,1500,1500,1500,1500,7.4
2026-08-08,12:52:33.190,7.4,-1.0,-60,-87,100,10,0,8,10,-51,100,10,12.1,0.0,0,0,-1,-540,-1010,2,30,-1024,-3,-916,-31,1,0,-1,0,-1,1,0,-1,0x0000000000000000,1511,1506,1532,1615,2012,1536,1419,1500,1500,988,1500,1500,1500,1500,1500,1500,1500,1500,1500,1500,1500,1500,1500,1500,1500,1500,1500,1500,1500,1500,1500,1500,7.4
2026-08-08,12:52:33.690,5.7,-2.5,-49,-87,100,11,0,8,10,-42,100,10,12.1,0.0,0,0,-1,-219,-1013,486,29,-1024,-3,-916,-31,1,0,-1,0,-1,1,0,-1,0x0000000000000000,1511,1411,1662,1694,2012,1680,1503,1500,1500,988,1500,1500,1500,1500,1500,1500,1500,1500,1500,1500,1500,1500,1500,1500,1500,1500,1500,1500,1500,1500,1500,1500,7.4
2026-08-08,12:52:34.190,6.1,0.0,-56,-65,100,10,0,8,10,-48,100,11,12.1,0.0,0,0,-239,-22,-1014,560,29,-1024,-3,-916,-31,1,0,-1,0,-1,1,0,-1,0x0000000000000000,1448,1363,1682,1706,2012,1702,1516,1500,1500,988,1500,1500,1500,1500,1500,1500,1500,1500,1500,1500,1500,1500,1500,1500,1500,1500,1500,1500,1500,1500,1500,1500,7.4
2026-08-08,12:52:34.690,5.5,-0.3,-64,-71,100,10,0,8,10,-51,100,10,12.1,0.0,0,0,-314,-95,-1012,517,29,-1024,-3,-916,-31,1,0,-1,0,-1,1,0,-1,0x0000000000000000,1427,1380,1670,1699,2012,1689,1509,1500,1500,988,1500,1500,1500,1500,1500,1500,1500,1500,1500,1500,1500,1500,1500,1500,1500,1500,1500,1500,1500,1500,1500,1500,7.4
2026-08-08,12:52:35.190,6.0,0.6,-63,-71,100,10,0,8,10,-62,100,11,12.1,0.0,0,0,-1,-32,-1009,104,30,-1024,-3,-916,-31,1,0,-1,0,-1,1,0,-1,0x0000000000000000,1511,1365,1560,1632,2012,1566,1437,1500,1500,988,1500,1500,1500,1500,1500,1500,1500,1500,1500,1500,1500,1500,1500,1500,1500,1500,1500,1500,1500,1500,1500,1500,7.4
2026-08-08,12:52:35.690,6.3,0.5,-64,-71,100,10,0,8,10,-61,100,12,12.2,0.0,0,0,0,-97,-1009,269,29,-1024,-3,-916,-31,1,0,-1,0,-1,1,0,-1,0x0000000000000000,1512,1381,1604,1659,2012,1615,1466,1500,1500,988,1500,1500,1500,1500,1500,1500,1500,1500,1500,1500,1500,1500,1500,1500,1500,1500,1500,1500,1500,1500,1500,1500,7.4
2026-08-08,12:52:36.190,6.4,0.3,-69,-77,100,11,0,8,10,-68,100,12,12.2,0.0,0,0,-350,-215,-1015,-600,30,-1024,-3,-916,-31,1,0,-1,0,-1,1,0,-1,0x0000000000000000,1417,1411,1388,1517,2012,1356,1314,1500,1500,988,1500,1500,1500,1500,1500,1500,1500,1500,1500,1500,1500,1500,1500,1500,1500,1500,1500,1500,1500,1500,1500,1500,7.4
2026-08-08,12:52:36.690,6.3,-0.1,-69,-77,100,11,0,8,10,-66,100,11,12.1,0.0,0,0,-402,-228,-1008,-700,30,-1024,-3,-916,-31,1,0,-1,0,-1,1,0,-1,0x0000000000000000,1401,1414,1364,1501,2012,1326,1296,1500,1500,988,1500,1500,1500,1500,1500,1500,1500,1500,1500,1500,1500,1500,1500,1500,1500,1500,1500,1500,1500,1500,1500,1500,7.4
2026-08-08,12:52:37.190,5.6,-1.2,-72,-79,100,12,0,8,10,-63,100,11,12.1,0.0,0,0,-554,-230,-1008,-350,30,-1024,-3,-916,-31,1,0,-1,0,-1,1,0,-1,0x0000000000000000,1353,1414,1446,1558,2012,1431,1358,1500,1500,988,1500,1500,1500,1500,1500,1500,1500,1500,1500,1500,1500,1500,1500,1500,1500,1500,1500,1500,1500,1500,1500,1500,7.4
2026-08-08,12:52:37.690,5.1,-0.7,-71,-99,100,10,0,8,10,-66,100,11,12.1,0.0,0,0,-526,-45,-1010,-92,30,-1024,-3,-916,-31,1,0,-1,0,-1,1,0,-1,0x0000000000000000,1362,1368,1507,1600,2012,1508,1403,1500,1500,988,1500,1500,1500,1500,1500,1500,1500,1500,1500,1500,1500,1500,1500,1500,1500,1500,1500,1500,1500,1500,1500,1500,7.4
2026-08-08,12:52:38.190,5.2,0.1,-71,-77,100,10,0,8,10,-60,100,11,12.1,0.0,0,0,-245,-301,-1009,393,30,-1024,-3,-916,-32,1,0,-1,0,-1,1,0,-1,0x0000000000000000,1447,1432,1637,1679,2012,1652,1488,1500,1500,988,1500,1500,1500,1500,1500,1500,1500,1500,1500,1500,1500,1500,1500,1500,1500,1500,1500,1500,1500,1500,1500,1500,7.4
2026-08-08,12:52:38.690,5.2,-0.3,-70,-77,100,10,0,8,10,-70,100,11,12.1,0.0,0,0,0,-465,-1012,481,29,-1024,-3,-916,-31,1,0,-1,0,-1,1,0,-1,0x0000000000000000,1512,1480,1661,1694,2012,1679,1503,1500,1500,988,1500,1500,1500,1500,1500,1500,1500,1500,1500,1500,1500,1500,1500,1500,1500,1500,1500,1500,1500,1500,1500,1500,7.4
2026-08-08,12:52:39.190,5.0,-0.1,-79,-78,99,9,0,8,10,-76,100,10,12.1,0.0,0,0,-329,-427,-1015,482,29,-1024,-3,-916,-32,1,0,-1,0,-1,1,0,-1,0x0000000000000000,1423,1468,1661,1694,2012,1679,1503,1500,1500,988,1500,1500,1500,1500,1500,1500,1500,1500,1500,1500,1500,1500,1500,1500,1500,1500,1500,1500,1500,1500,1500,1500,7.4
2026-08-08,12:52:39.690,4.5,-0.7,-80,-78,99,9,1,8,10,-73,100,10,12.1,0.0,0,0,-309,-535,-1012,163,30,-1024,-3,-916,-32,1,0,-1,0,-1,1,0,-1,0x0000000000000000,1429,1505,1576,1642,2012,1584,1447,1500,1500,988,1500,1500,1500,1500,1500,1500,1500,1500,1500,1500,1500,1500,1500,1500,1500,1500,1500,1500,1500,1500,1500,1500,7.4
2026-08-08,12:52:40.190,4.2,-0.6,-80,-74,100,10,1,8,10,-65,100,11,12.1,0.0,0,0,-322,-533,-1011,1,30,-1024,-3,-916,-31,1,0,-1,0,-1,1,0,-1,0x0000000000000000,1425,1503,1532,1615,2012,1536,1419,1500,1500,988,1500,1500,1500,1500,1500,1500,1500,1500,1500,1500,1500,1500,1500,1500,1500,1500,1500,1500,1500,1500,1500,1500,7.4
2026-08-08,12:52:40.690,5.0,1.4,-80,-76,100,10,1,8,10,-78,100,9,12.1,0.0,0,0,15,595,-1008,1,30,-1024,-3,-916,-32,1,0,-1,0,-1,1,0,-1,0x0000000000000000,1516,1195,1532,1615,2012,1536,1419,1500,1500,988,1500,1500,1500,1500,1500,1500,1500,1500,1500,1500,1500,1500,1500,1500,1500,1500,1500,1500,1500,1500,1500,1500,7.4
2026-08-08,12:52:41.190,5.8,1.6,-74,-79,100,11,0,8,10,-65,100,11,12.1,0.0,0,0,41,365,-1012,504,30,-1024,-3,-916,-32,1,0,-1,0,-1,1,0,-1,0x0000000000000000,1523,1264,1667,1697,2012,1685,1507,1500,1500,988,1500,1500,1500,1500,1500,1500,1500,1500,1500,1500,1500,1500,1500,1500,1500,1500,1500,1500,1500,1500,1500,1500,7.4
2026-08-08,12:52:41.690,5.8,0.1,-68,-79,100,10,0,8,10,-62,100,12,12.1,0.0,0,0,-155,-419,-1012,61,30,-1024,-3,-916,-31,1,0,-1,0,-1,1,0,-1,0x0000000000000000,1471,1465,1548,1625,2012,1554,1430,1500,1500,988,1500,1500,1500,1500,1500,1500,1500,1500,1500,1500,1500,1500,1500,1500,1500,1500,1500,1500,1500,1500,1500,1500,7.4
2026-08-08,12:52:42.190,5.0,-1.1,-80,-84,100,11,0,8,10,-71,100,11,12.1,0.0,0,0,-400,-646,-1013,-89,30,-1024,-3,-916,-31,1,0,-1,0,-1,1,0,-1,0x0000000000000000,1402,1546,1508,1600,2012,1509,1403,1500,1500,988,1500,1500,1500,1500,1500,1500,1500,1500,1500,1500,1500,1500,1500,1500,1500,1500,1500,1500,1500,1500,1500,1500,7.4
2026-08-08,12:52:42.690,4.2,-1.2,-67,-84,100,11,0,8,10,-57,100,11,12.1,0.0,0,0,-435,-596,-1009,3,30,-1024,-3,-916,-32,1,0,-1,0,-1,1,0,-1,0x0000000000000000,1391,1526,1533,1615,2012,1536,1419,1500,1500,988,1500,1500,1500,1500,1500,1500,1500,1500,1500,1500,1500,1500,1500,1500,1500,1500,1500,1500,1500,1500,1500,1500,7.4
2026-08-08,12:52:43.190,4.4,0.0,-63,-84,100,10,0,8,10,-56,100,11,12.1,0.0,0,0,-201,-375,-1009,62,30,-1024,-3,-916,-31,1,0,-1,0,-1,1,0,-1,0x0000000000000000,1459,1453,1548,1625,2012,1554,1430,1500,1500,988,1500,1500,1500,1500,1500,1500,1500,1500,1500,1500,1500,1500,1500,1500,1500,1500,1500,1500,1500,1500,1500,1500,7.4
2026-08-08,12:52:43.690,5.0,0.9,-76,-81,100,10,0,8,10,-73,100,10,12.1,0.0,0,0,379,4,-1012,660,29,-1024,-3,-916,-32,1,0,-1,0,-1,1,0,-1,0x0000000000000000,1616,1356,1709,1723,2012,1732,1534,1500,1500,988,1500,1500,1500,1500,1500,1500,1500,1500,1500,1500,1500,1500,1500,1500,1500,1500,1500,1500,1500,1500,1500,1500,7.4
2026-08-08,12:52:44.190,4.9,-0.2,-70,-81,100,11,0,8,10,-61,100,11,12.1,0.0,0,0,185,-549,-1010,178,30,-1024,-3,-916,-31,1,0,-1,0,-1,1,0,-1,0x0000000000000000,1561,1509,1580,1644,2012,1589,1450,1500,1500,988,1500,1500,1500,1500,1500,1500,1500,1500,1500,1500,1500,1500,1500,1500,1500,1500,1500,1500,1500,1500,1500,1500,7.4
2026-08-08,12:52:44.690,4.3,-1.0,-72,-81,100,10,0,8,10,-63,100,11,12.1,0.0,0,0,260,-638,-1013,9,30,-1024,-3,-916,-32,1,0,-1,0,-1,1,0,-1,0x0000000000000000,1581,1543,1534,1616,2012,1538,1420,1500,1500,988,1500,1500,1500,1500,1500,1500,1500,1500,1500,1500,1500,1500,1500,1500,1500,1500,1500,1500,1500,1500,1500,1500,7.4
2026-08-08,12:52:45.190,3.7,-1.2,-64,-81,100,11,0,8,10,-55,100,10,12.1,0.0,0,0,-34,-737,-1005,-354,30,-1024,-3,-916,-32,1,0,-1,0,-1,1,0,-1,0x0000000000000000,1503,1583,1445,1557,2012,1430,1357,1500,1500,988,1500,1500,1500,1500,1500,1500,1500,1500,1500,1500,1500,1500,1500,1500,1500,1500,1500,1500,1500,1500,1500,1500,7.4
2026-08-08,12:52:45.690,2.6,-2.0,-85,-73,100,10,1,8,10,-68,100,11,12.1,0.0,0,0,-575,-1024,-1004,-639,30,-1024,-3,-916,-31,1,0,-1,0,-1,1,0,-1,0x0000000000000000,1345,1723,1379,1511,2012,1344,1307,1500,1500,988,1500,1500,1500,1500,1500,1500,1500,1500,1500,1500,1500,1500,1500,1500,1500,1500,1500,1500,1500,1500,1500,1500,7.4
2026-08-08,12:52:46.190,1.9,-1.4,-85,-67,100,10,1,8,10,-58,100,11,12.1,0.0,0,0,-953,-958,-1008,-1024,30,-1024,-3,-916,-32,1,0,-1,0,-1,1,0,-1,0x0000000000000000,1190,1688,1288,1452,2012,1228,1240,1500,1500,988,1500,1500,1500,1500,1500,1500,1500,1500,1500,1500,1500,1500,1500,1500,1500,1500,1500,1500,1500,1500,1500,1500,7.4
2026-08-08,12:52:46.690,1.5,-0.2,-68,-72,100,11,0,8,10,-64,100,10,12.1,0.0,0,0,-351,283,-898,261,30,-1024,-3,-916,-31,1,0,-1,0,-1,1,0,-1,0x0000000000000000,1420,1282,1602,1658,2012,1613,1465,1500,1500,1026,1500,1500,1500,1500,1500,1500,1500,1500,1500,1500,1500,1500,1500,1500,1500,1500,1500,1500,1500,1500,1500,1500,7.4
2026-08-08,12:52:47.190,1.6,0.0,-69,-72,100,10,0,8,10,-64,100,11,12.1,0.0,0,0,434,270,-1014,892,29,-1024,-3,-916,-31,1,0,-1,0,-1,1,0,-1,0x0000000000000000,1633,1289,1771,1761,2012,1801,1574,1500,1500,988,1500,1500,1500,1500,1500,1500,1500,1500,1500,1500,1500,1500,1500,1500,1500,1500,1500,1500,1500,1500,1500,1500,7.4
2026-08-08,12:52:47.690,1.9,0.3,-70,-92,100,10,0,8,10,-67,100,10,12.1,0.0,0,0,94,1,-1014,1,30,-1024,-3,-916,-31,1,0,-1,0,-1,1,0,-1,0x0000000000000000,1537,1357,1532,1615,2012,1536,1419,1500,1500,988,1500,1500,1500,1500,1500,1500,1500,1500,1500,1500,1500,1500,1500,1500,1500,1500,1500,1500,1500,1500,1500,1500,7.4
2026-08-08,12:52:48.190,1.9,0.0,-73,-92,100,10,0,8,10,-70,100,10,12.1,0.0,0,0,-1,0,-1011,1,30,-1024,-3,-916,-32,1,0,-1,0,-1,1,0,-1,0x0000000000000000,1511,1357,1532,1615,2012,1536,1419,1500,1500,988,1500,1500,1500,1500,1500,1500,1500,1500,1500,1500,1500,1500,1500,1500,1500,1500,1500,1500,1500,1500,1500,1500,7.4
2026-08-08,12:52:48.690,1.9,0.0,-74,-92,100,10,0,8,10,-68,100,11,12.1,0.0,0,0,-1,0,-1011,1,30,-1024,-3,-916,-32,1,0,-1,0,-1,1,0,-1,0x0000000000000000,1511,1357,1532,1615,2012,1536,1419,1500,1500,988,1500,1500,1500,1500,1500,1500,1500,1500,1500,1500,1500,1500,1500,1500,1500,1500,1500,1500,1500,1500,1500,1500,7.4
2026-08-08,12:52:49.190,1.9,0.0,-73,-92,100,10,0,8,10,-67,100,10,12.1,0.0,0,0,-1,0,-1012,1,30,-1024,-3,-916,-31,1,0,-1,0,-1,1,0,-1,0x0000000000000000,1511,1357,1532,1615,2012,1536,1419,1500,1500,988,1500,1500,1500,1500,1500,1500,1500,1500,1500,1500,1500,1500,1500,1500,1500,1500,1500,1500,1500,1500,1500,1500,7.4
2026-08-08,12:52:49.690,1.9,0.0,-73,-92,100,10,0,8,10,-67,100,9,12.1,0.0,0,0,0,0,-1013,1,30,-1024,-3,-916,-32,1,0,-1,0,-1,1,0,-1,0x0000000000000000,1512,1357,1532,1615,2012,1536,1419,1500,1500,988,1500,1500,1500,1500,1500,1500,1500,1500,1500,1500,1500,1500,1500,1500,1500,1500,1500,1500,1500,1500,1500,1500,7.4
2026-08-08,12:52:50.190,1.8,0.0,-72,-92,100,10,0,8,10,-66,100,10,12.1,0.0,0,0,0,0,-1013,1,30,-1024,-3,-916,-31,1,0,-1,0,-1,1,0,-1,0x0000000000000000,1512,1357,1532,1615,2012,1536,1419,1500,1500,988,1500,1500,1500,1500,1500,1500,1500,1500,1500,1500,1500,1500,1500,1500,1500,1500,1500,1500,1500,1500,1500,1500,7.4
2026-08-08,12:52:50.690,1.9,0.0,-72,-92,100,10,0,8,10,-67,100,10,12.1,0.0,0,0,-1,0,-1012,0,30,-1024,-3,-916,-32,1,0,-1,0,-1,1,0,-1,0x0000000000000000,1511,1357,1532,1615,2012,1535,1419,1500,1500,988,1500,1500,1500,1500,1500,1500,1500,1500,1500,1500,1500,1500,1500,1500,1500,1500,1500,1500,1500,1500,1500,1500,7.4
2026-08-08,12:52:51.190,1.8,0.0,-73,-92,100,10,0,8,10,-70,100,11,12.1,0.0,0,0,0,0,-1014,1,30,-1024,-3,-916,-31,1,0,-1,0,-1,1,0,-1,0x0000000000000000,1512,1357,1532,1615,2012,1536,1419,1500,1500,988,1500,1500,1500,1500,1500,1500,1500,1500,1500,1500,1500,1500,1500,1500,1500,1500,1500,1500,1500,1500,1500,1500,7.4
2026-08-08,12:52:51.690,1.9,0.0,-70,-92,100,9,0,8,10,-69,100,11,12.2,0.0,0,0,0,0,-1013,1,30,-1024,-3,-916,-31,1,0,-1,0,-1,1,0,-1,0x0000000000000000,1512,1357,1532,1615,2012,1536,1419,1500,1500,988,1500,1500,1500,1500,1500,1500,1500,1500,1500,1500,1500,1500,1500,1500,1500,1500,1500,1500,1500,1500,1500,1500,7.4
2026-08-08,12:52:52.190,1.9,0.0,-96,-75,100,7,1,8,10,-77,100,12,12.2,0.0,0,0,-1,0,-1012,1,30,-1024,-3,-916,-31,1,0,-1,0,-1,1,0,-1,0x0000000000000000,1511,1357,1532,1615,2012,1536,1419,1500,1500,988,1500,1500,1500,1500,1500,1500,1500,1500,1500,1500,1500,1500,1500,1500,1500,1500,1500,1500,1500,1500,1500,1500,7.4
2026-08-08,12:52:52.690,1.9,0.0,-67,-83,99,10,0,8,10,-66,100,11,12.2,0.0,0,0,0,1,-1014,0,29,-1024,-3,-916,-32,1,0,-1,0,-1,1,0,-1,0x0000000000000000,1512,1357,1532,1615,2012,1535,1419,1500,1500,988,1500,1500,1500,1500,1500,1500,1500,1500,1500,1500,1500,1500,1500,1500,1500,1500,1500,1500,1500,1500,1500,1500,7.4
2026-08-08,12:52:53.190,1.9,0.0,-76,-87,99,10,0,8,10,-66,100,10,12.2,0.0,0,0,0,1,-1014,0,30,-1024,-3,-916,-32,1,0,-1,0,-1,1,0,-1,0x0000000000000000,1512,1357,1532,1615,2012,1535,1419,1500,1500,988,1500,1500,1500,1500,1500,1500,1500,1500,1500,1500,1500,1500,1500,1500,1500,1500,1500,1500,1500,1500,1500,1500,7.4
2026-08-08,12:52:53.690,1.9,0.0,-77,-79,99,10,1,8,10,-75,100,10,12.1,0.0,0,0,0,1,-1013,0,30,-1024,-3,-916,-32,1,0,-1,0,-1,1,0,-1,0x0000000000000000,1512,1357,1532,1615,2012,1535,1419,1500,1500,988,1500,1500,1500,1500,1500,1500,1500,1500,1500,1500,1500,1500,1500,1500,1500,1500,1500,1500,1500,1500,1500,1500,7.4
2026-08-08,12:52:54.190,1.9,0.0,-77,-80,100,9,1,8,10,-77,100,11,12.1,0.0,0,0,-1,0,-1012,1,30,-1024,-3,-916,-32,1,0,-1,0,-1,1,0,-1,0x0000000000000000,1511,1357,1532,1615,2012,1536,1419,1500,1500,988,1500,1500,1500,1500,1500,1500,1500,1500,1500,1500,1500,1500,1500,1500,1500,1500,1500,1500,1500,1500,1500,1500,7.4
2026-08-08,12:52:54.690,1.8,0.0,-79,-83,100,9,0,8,10,-72,100,10,12.1,0.0,0,0,-1,0,-1011,1,30,-1024,-3,-916,-32,1,0,-1,0,-1,1,0,-1,0x0000000000000000,1511,1357,1532,1615,2012,1536,1419,1500,1500,988,1500,1500,1500,1500,1500,1500,1500,1500,1500,1500,1500,1500,1500,1500,1500,1500,1500,1500,1500,1500,1500,1500,7.4
2026-08-08,12:52:55.190,1.8,0.0,-75,-83,100,10,0,8,10,-68,100,10,12.1,0.0,0,0,-1,0,-1012,1,30,-1024,-3,-916,-32,1,0,-1,0,-1,1,0,-1,0x0000000000000000,1511,1357,1532,1615,2012,1536,1419,1500,1500,988,1500,1500,1500,1500,1500,1500,1500,1500,1500,1500,1500,1500,1500,1500,1500,1500,1500,1500,1500,1500,1500,1500,7.4
2026-08-08,12:52:55.690,1.8,0.0,-74,-83,100,10,0,8,10,-68,100,11,12.1,0.0,0,0,0,1,-1013,0,30,-1024,-3,-916,-31,1,0,-1,0,-1,1,0,-1,0x0000000000000000,1512,1357,1532,1615,2012,1535,1419,1500,1500,988,1500,1500,1500,1500,1500,1500,1500,1500,1500,1500,1500,1500,1500,1500,1500,1500,1500,1500,1500,1500,1500,1500,7.4
2026-08-08,12:52:56.190,1.8,0.0,-70,-83,100,10,0,8,10,-64,100,11,12.1,0.0,0,0,0,1,-1014,0,30,-1024,-3,-916,-32,1,0,-1,0,-1,1,0,-1,0x0000000000000000,1512,1357,1532,1615,2012,1535,1419,1500,1500,988,1500,1500,1500,1500,1500,1500,1500,1500,1500,1500,1500,1500,1500,1500,1500,1500,1500,1500,1500,1500,1500,1500,7.4
2026-08-08,12:52:56.690,1.8,0.0,-71,-83,100,11,0,8,10,-69,100,10,12.1,0.0,0,0,0,1,-1014,0,30,-1024,-3,-916,-31,1,0,-1,0,-1,1,0,-1,0x0000000000000000,1512,1357,1532,1615,2012,1535,1419,1500,1500,988,1500,1500,1500,1500,1500,1500,1500,1500,1500,1500,1500,1500,1500,1500,1500,1500,1500,1500,1500,1500,1500,1500,7.4
2026-08-08,12:52:57.190,1.8,0.0,-77,-84,100,10,0,8,10,-69,100,11,12.1,0.0,0,0,0,1,-1014,0,30,-1024,-3,-916,-31,1,0,-1,0,-1,1,0,-1,0x0000000000000000,1512,1357,1532,1615,2012,1535,1419,1500,1500,988,1500,1500,1500,1500,1500,1500,1500,1500,1500,1500,1500,1500,1500,1500,1500,1500,1500,1500,1500,1500,1500,1500,7.4
2026-08-08,12:52:57.690,1.8,0.0,-74,-84,100,10,0,8,10,-59,100,10,12.1,0.0,0,0,0,1,-1014,0,30,-1024,-3,-916,-32,1,0,-1,0,-1,1,0,-1,0x0000000000000000,1512,1357,1532,1615,2012,1535,1419,1500,1500,988,1500,1500,1500,1500,1500,1500,1500,1500,1500,1500,1500,1500,1500,1500,1500,1500,1500,1500,1500,1500,1500,1500,7.4
2026-08-08,12:52:58.190,1.8,0.0,-67,-84,100,10,0,8,10,-58,100,11,12.1,0.0,0,0,1,1,-1014,-1,30,-1024,-3,-916,-31,1,0,-1,0,-1,1,0,-1,0x0000000000000000,1512,1357,1532,1615,2012,1535,1419,1500,1500,988,1500,1500,1500,1500,1500,1500,1500,1500,1500,1500,1500,1500,1500,1500,1500,1500,1500,1500,1500,1500,1500,1500,7.4
2026-08-08,12:52:58.690,1.8,0.0,-78,-85,100,10,0,8,10,-73,100,10,12.1,0.0,0,0,0,1,-1013,0,30,-1024,-3,-916,-32,1,0,-1,0,-1,1,0,-1,0x0000000000000000,1512,1357,1532,1615,2012,1535,1419,1500,1500,988,1500,1500,1500,1500,1500,1500,1500,1500,1500,1500,1500,1500,1500,1500,1500,1500,1500,1500,1500,1500,1500,1500,7.4
2026-08-08,12:52:59.190,1.8,0.0,-74,-85,100,8,0,8,10,-72,100,10,12.1,0.0,0,0,1,1,-1014,-1,30,-1024,-3,-916,-31,1,0,-1,0,-1,1,0,-1,0x0000000000000000,1512,1357,1532,1615,2012,1535,1419,1500,1500,988,1500,1500,1500,1500,1500,1500,1500,1500,1500,1500,1500,1500,1500,1500,1500,1500,1500,1500,1500,1500,1500,1500,7.4
2026-08-08,12:52:59.690,1.8,0.0,-66,-85,100,10,0,8,10,-60,100,10,12.1,0.0,0,0,0,1,-1014,0,30,-1024,-3,-916,-32,1,0,-1,0,-1,1,0,-1,0x0000000000000000,1512,1357,1532,1615,2012,1535,1419,1500,1500,988,1500,1500,1500,1500,1500,1500,1500,1500,1500,1500,1500,1500,1500,1500,1500,1500,1500,1500,1500,1500,1500,1500,7.4
2026-08-08,12:53:00.190,1.8,0.0,-72,-84,100,11,0,8,10,-70,100,10,12.1,0.0,0,0,0,1,-1013,0,30,-1024,-3,-916,-31,1,0,-1,0,-1,1,0,-1,0x0000000000000000,1512,1357,1532,1615,2012,1535,1419,1500,1500,988,1500,1500,1500,1500,1500,1500,1500,1500,1500,1500,1500,1500,1500,1500,1500,1500,1500,1500,1500,1500,1500,1500,7.4
2026-08-08,12:53:00.690,1.8,0.0,-71,-84,100,11,0,8,10,-64,100,10,12.1,0.0,0,0,0,1,-1014,-1,30,-1024,-3,-916,-32,1,0,-1,0,-1,1,0,-1,0x0000000000000000,1512,1357,1532,1615,2012,1535,1419,1500,1500,988,1500,1500,1500,1500,1500,1500,1500,1500,1500,1500,1500,1500,1500,1500,1500,1500,1500,1500,1500,1500,1500,1500,7.4
2026-08-08,12:53:01.190,1.8,0.0,-63,-84,100,11,0,8,10,-54,100,10,12.1,0.0,0,0,0,0,-1013,0,30,-1024,-3,-916,-31,1,0,-1,0,-1,1,0,-1,0x0000000000000000,1512,1357,1532,1615,2012,1535,1419,1500,1500,988,1500,1500,1500,1500,1500,1500,1500,1500,1500,1500,1500,1500,1500,1500,1500,1500,1500,1500,1500,1500,1500,1500,7.4
2026-08-08,12:53:01.690,1.8,0.0,-62,-84,100,9,0,8,10,-58,100,10,12.1,0.0,0,0,-1,0,-1012,1,30,-1024,-3,-916,-31,1,0,-1,0,-1,1,0,-1,0x0000000000000000,1511,1357,1532,1615,2012,1536,1419,1500,1500,988,1500,1500,1500,1500,1500,1500,1500,1500,1500,1500,1500,1500,1500,1500,1500,1500,1500,1500,1500,1500,1500,1500,7.4
2026-08-08,12:53:02.190,1.8,0.0,-64,-84,100,10,0,8,10,-56,100,11,12.1,0.0,0,0,-1,0,-1012,0,30,-1024,-3,-916,-32,1,0,-1,0,-1,1,0,-1,0x0000000000000000,1511,1357,1532,1615,2012,1535,1419,1500,1500,988,1500,1500,1500,1500,1500,1500,1500,1500,1500,1500,1500,1500,1500,1500,1500,1500,1500,1500,1500,1500,1500,1500,7.4
2026-08-08,12:53:02.690,1.8,0.0,-57,-84,100,10,0,8,10,-50,100,11,12.1,0.0,0,0,-1,0,-1012,1,30,-1024,-3,-916,-32,1,0,-1,0,-1,1,0,-1,0x0000000000000000,1511,1357,1532,1615,2012,1536,1419,1500,1500,988,1500,1500,1500,1500,1500,1500,1500,1500,1500,1500,1500,1500,1500,1500,1500,1500,1500,1500,1500,1500,1500,1500,7.4
2026-08-08,12:53:03.190,1.8,0.0,-55,-84,100,11,0,8,10,-46,100,10,12.1,0.0,0,0,-1,1,-1012,0,30,-1024,-3,-916,-32,1,0,-1,0,-1,1,0,-1,0x0000000000000000,1511,1356,1532,1615,2012,1535,1419,1500,1500,988,1500,1500,1500,1500,1500,1500,1500,1500,1500,1500,1500,1500,1500,1500,1500,1500,1500,1500,1500,1500,1500,1500,7.4
2026-08-08,12:53:03.690,1.8,0.0,-53,-84,100,10,0,8,10,-46,100,10,12.1,0.0,0,0,0,-2,-1012,1,30,-1024,-3,-916,-32,1,0,-1,0,-1,1,0,-1,0x0000000000000000,1512,1357,1532,1615,2012,1536,1419,1500,1500,988,1500,1500,1500,1500,1500,1500,1500,1500,1500,1500,1500,1500,1500,1500,1500,1500,1500,1500,1500,1500,1500,1500,7.4
2026-08-08,12:53:04.190,1.8,0.0,-50,-84,100,10,0,8,10,-41,100,11,12.1,0.0,0,0,0,0,-1012,0,29,-1024,-3,-916,-32,1,0,-1,0,-1,1,0,-1,0x0000000000000000,1512,1357,1532,1615,2012,1535,1419,1500,1500,988,1500,1500,1500,1500,1500,1500,1500,1500,1500,1500,1500,1500,1500,1500,1500,1500,1500,1500,1500,1500,1500,1500,7.4
2026-08-08,12:53:04.690,1.8,0.0,-46,-84,100,11,0,8,10,-37,100,10,12.2,0.0,0,0,0,1,-1012,0,30,-1024,-3,-916,-32,1,0,-1,0,-1,1,0,-1,0x0000000000000000,1512,1357,1532,1615,2012,1535,1419,1500,1500,988,1500,1500,1500,1500,1500,1500,1500,1500,1500,1500,1500,1500,1500,1500,1500,1500,1500,1500,1500,1500,1500,1500,7.4
2026-08-08,12:53:05.190,1.8,0.0,-42,-84,100,10,0,8,10,-32,100,10,12.2,0.0,0,0,-1,0,-1013,0,30,-1024,-3,-916,-32,0,0,-1,0,-1,1,0,-1,0x0000000000000000,1511,1395,1532,1567,2012,1535,1470,1380,1600,988,1500,1500,1500,1500,1500,1500,1500,1500,1500,1500,1500,1500,1500,1500,1500,1500,1500,1500,1500,1500,1500,1500,7.4
2026-08-08,12:53:05.690,1.8,0.0,-35,-84,100,11,0,8,10,-28,100,10,12.1,0.0,0,0,-1,0,-1012,0,29,-1024,-3,-916,-31,-1,0,-1,0,-1,1,0,-1,0x0000000000000000,1511,1425,1532,1519,2012,1535,1521,1260,1701,988,1500,1500,1500,1500,1500,1500,1500,1500,1500,1500,1500,1500,1500,1500,1500,1500,1500,1500,1500,1500,1500,1500,7.4
2026-08-08,12:53:06.190,1.8,0.0,-35,-84,100,10,0,8,10,-29,100,11,12.1,0.0,0,0,-1,1,-1013,0,30,-1024,-3,-916,-32,-1,0,-1,0,-1,1,0,-1,0x0000000000000000,1511,1425,1532,1519,2012,1535,1521,1260,1701,988,1500,1500,1500,1500,1500,1500,1500,1500,1500,1500,1500,1500,1500,1500,1500,1500,1500,1500,1500,1500,1500,1500,7.4
2026-08-08,12:53:06.690,1.8,0.0,-37,-84,100,12,0,8,10,-31,100,11,12.1,0.0,0,0,-28,0,-1016,1022,29,-1024,-3,-916,-32,-1,0,-1,0,-1,1,0,-1,0x0000000000000000,1504,1425,1806,1686,2012,1839,1700,1260,1701,988,1500,1500,1500,1500,1500,1500,1500,1500,1500,1500,1500,1500,1500,1500,1500,1500,1500,1500,1500,1500,1500,1500,7.4
2026-08-08,12:53:07.190,1.8,0.0,-37,-84,100,10,0,8,10,-32,100,12,12.1,0.0,0,0,3,-1,-1015,-1018,30,-1024,-3,-916,-32,-1,0,-1,0,-1,1,0,-1,0x0000000000000000,1512,1425,1290,1366,2012,1230,1343,1260,1701,988,1500,1500,1500,1500,1500,1500,1500,1500,1500,1500,1500,1500,1500,1500,1500,1500,1500,1500,1500,1500,1500,1500,7.4
2026-08-08,12:53:07.690,1.8,0.0,-34,-84,100,11,0,8,10,-27,100,10,12.1,0.0,0,0,6,5,-1015,1004,29,-1024,-3,-916,-31,-1,0,-1,0,-1,1,0,-1,0x0000000000000000,1514,1424,1801,1683,2012,1834,1697,1260,1701,988,1500,1500,1500,1500,1500,1500,1500,1500,1500,1500,1500,1500,1500,1500,1500,1500,1500,1500,1500,1500,1500,1500,7.4
2026-08-08,12:53:08.190,1.8,0.0,-33,-84,100,11,0,8,10,-26,100,11,12.1,0.0,0,0,-1,3,-1015,-15,29,-1024,-3,-916,-32,-1,0,-1,0,-1,1,0,-1,0x0000000000000000,1511,1425,1528,1517,2012,1531,1518,1260,1701,988,1500,1500,1500,1500,1500,1500,1500,1500,1500,1500,1500,1500,1500,1500,1500,1500,1500,1500,1500,1500,1500,1500,7.4
2026-08-08,12:53:08.690,1.8,0.0,-33,-84,100,12,0,8,10,-28,100,10,12.1,0.0,0,0,-1,-742,-1015,-76,30,-1024,-3,-916,-32,-1,0,-1,0,-1,1,0,-1,0x0000000000000000,1511,1681,1512,1507,2012,1513,1508,1260,1701,988,1500,1500,1500,1500,1500,1500,1500,1500,1500,1500,1500,1500,1500,1500,1500,1500,1500,1500,1500,1500,1500,1500,7.4
2026-08-08,12:53:09.190,1.8,0.0,-33,-84,100,11,0,8,10,-27,100,11,12.1,0.0,0,0,-1,857,-1015,67,30,-1024,-3,-916,-31,-1,0,-1,0,-1,1,0,-1,0x0000000000000000,1511,1167,1550,1530,2012,1555,1533,1260,1701,988,1500,1500,1500,1500,1500,1500,1500,1500,1500,1500,1500,1500,1500,1500,1500,1500,1500,1500,1500,1500,1500,1500,7.4
2026-08-08,12:53:09.690,1.8,0.0,-33,-84,100,11,0,8,10,-27,100,11,12.1,0.0,0,0,1011,0,-1016,0,30,-1024,-3,-916,-31,-1,0,-1,0,-1,1,0,-1,0x0000000000000000,1864,1425,1532,1519,2012,1535,1521,1260,1701,988,1500,1500,1500,1500,1500,1500,1500,1500,1500,1500,1500,1500,1500,1500,1500,1500,1500,1500,1500,1500,1500,1500,7.4
2026-08-08,12:53:10.190,1.8,0.0,-34,-84,100,11,0,8,10,-28,100,11,12.1,0.0,0,0,-4,0,-1015,0,30,-1024,-3,-916,-32,-1,0,-1,0,-1,1,0,-1,0x0000000000000000,1511,1425,1532,1519,2012,1535,1521,1260,1701,988,1500,1500,1500,1500,1500,1500,1500,1500,1500,1500,1500,1500,1500,1500,1500,1500,1500,1500,1500,1500,1500,1500,7.4
2026-08-08,12:53:10.690,1.8,0.0,-34,-84,100,12,0,8,10,-28,100,10,12.1,0.0,0,0,1,2,-1015,1022,29,-1024,-3,-916,-32,-1,0,-1,0,-1,1,0,-1,0x0000000000000000,1512,1425,1806,1686,2012,1839,1700,1260,1701,988,1500,1500,1500,1500,1500,1500,1500,1500,1500,1500,1500,1500,1500,1500,1500,1500,1500,1500,1500,1500,1500,1500,7.4
2026-08-08,12:53:11.190,1.8,0.0,-35,-84,100,11,0,8,10,-28,100,11,12.1,0.0,0,0,1,-6,-1015,-1015,30,-1024,-3,-916,-32,-1,0,-1,0,-1,1,0,-1,0x0000000000000000,1512,1427,1290,1366,2012,1231,1343,1260,1701,988,1500,1500,1500,1500,1500,1500,1500,1500,1500,1500,1500,1500,1500,1500,1500,1500,1500,1500,1500,1500,1500,1500,7.4
2026-08-08,12:53:11.690,1.8,0.0,-34,-84,100,10,0,8,10,-28,100,10,12.1,0.0,0,0,2,0,-1015,20,30,-1024,-3,-916,-31,-1,0,-1,0,-1,1,0,-1,0x0000000000000000,1512,1425,1537,1523,2012,1541,1524,1260,1701,988,1500,1500,1500,1500,1500,1500,1500,1500,1500,1500,1500,1500,1500,1500,1500,1500,1500,1500,1500,1500,1500,1500,7.4
2026-08-08,12:53:12.190,1.8,0.0,-34,-84,100,10,0,8,10,-28,100,10,12.1,0.0,0,0,1,0,-1015,0,30,-1024,-3,-916,-31,-1,0,-1,0,-1,1,0,-1,0x0000000000000000,1512,1425,1532,1519,2012,1535,1521,1260,1701,988,1500,1500,1500,1500,1500,1500,1500,1500,1500,1500,1500,1500,1500,1500,1500,1500,1500,1500,1500,1500,1500,1500,7.4
2026-08-08,12:53:12.690,1.8,0.0,-35,-84,100,10,0,8,10,-29,100,11,12.1,0.0,0,0,2,0,-1015,0,30,-1024,-3,-916,-31,-1,0,-1,0,-1,1,0,-1,0x0000000000000000,1512,1425,1532,1519,2012,1535,1521,1260,1701,988,1500,1500,1500,1500,1500,1500,1500,1500,1500,1500,1500,1500,1500,1500,1500,1500,1500,1500,1500,1500,1500,1500,7.4
2026-08-08,12:53:13.190,1.8,0.0,-37,-84,100,10,0,8,10,-30,100,10,12.1,0.0,0,0,1,0,-1015,0,30,-1024,-3,-916,-32,-1,0,-1,0,-1,1,0,-1,0x0000000000000000,1512,1425,1532,1519,2012,1535,1521,1260,1701,988,1500,1500,1500,1500,1500,1500,1500,1500,1500,1500,1500,1500,1500,1500,1500,1500,1500,1500,1500,1500,1500,1500,7.4
2026-08-08,12:53:13.690,1.8,0.0,-36,-84,100,10,0,8,10,-30,100,11,12.1,0.0,0,0,-12,0,-1015,0,30,-1024,-3,-916,-32,-1,0,-1,0,-1,1,0,-1,0x0000000000000000,1509,1425,1532,1519,2012,1535,1521,1260,1701,988,1500,1500,1500,1500,1500,1500,1500,1500,1500,1500,1500,1500,1500,1500,1500,1500,1500,1500,1500,1500,1500,1500,7.4
2026-08-08,12:53:14.190,1.8,0.0,-35,-84,100,10,0,8,10,-29,100,10,12.1,0.0,0,0,1,0,-1015,-1,30,-1024,-3,-916,-32,-1,0,-1,0,-1,1,0,-1,0x0000000000000000,1512,1425,1532,1519,2012,1535,1521,1260,1701,988,1500,1500,1500,1500,1500,1500,1500,1500,1500,1500,1500,1500,1500,1500,1500,1500,1500,1500,1500,1500,1500,1500,7.4
2026-08-08,12:53:14.690,1.8,0.0,-33,-84,100,10,0,8,10,-27,100,10,12.1,0.0,0,0,1,0,-1015,0,30,-1024,-3,-916,-31,-1,0,-1,0,-1,1,0,-1,0x0000000000000000,1512,1425,1532,1519,2012,1535,1521,1260,1701,988,1500,1500,1500,1500,1500,1500,1500,1500,1500,1500,1500,1500,1500,1500,1500,1500,1500,1500,1500,1500,1500,1500,7.4
2026-08-08,12:53:15.190,1.8,0.0,-34,-84,100,12,0,8,10,-29,100,10,12.1,0.0,0,0,1,1,-1015,0,30,-1024,-3,-916,-31,-1,0,-1,0,-1,1,0,-1,0x0000000000000000,1512,1425,1532,1519,2012,1535,1521,1260,1701,988,1500,1500,1500,1500,1500,1500,1500,1500,1500,1500,1500,1500,1500,1500,1500,1500,1500,1500,1500,1500,1500,1500,7.4
2026-08-08,12:53:15.690,1.8,0.0,-33,-84,100,10,0,8,10,-25,100,11,12.1,0.0,0,0,1,0,-1016,0,30,-1024,-3,-917,-31,-1,0,-1,0,-1,1,0,-1,0x0000000000000000,1512,1425,1532,1519,2012,1535,1521,1260,1701,988,1500,1500,1500,1500,1500,1500,1500,1500,1500,1500,1500,1500,1500,1500,1500,1500,1500,1500,1500,1500,1500,1500,7.4
2026-08-08,12:53:16.190,1.8,0.0,-33,-84,100,11,0,8,10,-29,100,10,12.1,0.0,0,0,2,0,-1016,0,30,-1024,-3,-916,-32,-1,0,-1,0,-1,1,0,-1,0x0000000000000000,1512,1425,1532,1519,2012,1535,1521,1260,1701,988,1500,1500,1500,1500,1500,1500,1500,1500,1500,1500,1500,1500,1500,1500,1500,1500,1500,1500,1500,1500,1500,1500,7.4
2026-08-08,12:53:16.690,1.8,0.0,-34,-84,100,10,0,8,10,-28,100,10,12.1,0.0,0,0,-3,0,-1017,0,30,-1024,-3,-916,-32,-1,0,-1,0,-1,1,0,-1,0x0000000000000000,1511,1426,1532,1519,2012,1535,1521,1260,1701,988,1500,1500,1500,1500,1500,1500,1500,1500,1500,1500,1500,1500,1500,1500,1500,1500,1500,1500,1500,1500,1500,1500,7.4
2026-08-08,12:53:17.190,1.8,0.0,-37,-84,100,10,0,8,10,-32,100,12,12.1,0.0,0,0,1,0,-1014,0,30,-1024,-3,-916,-32,-1,0,-1,0,-1,1,0,-1,0x0000000000000000,1512,1425,1532,1519,2012,1535,1521,1260,1701,988,1500,1500,1500,1500,1500,1500,1500,1500,1500,1500,1500,1500,1500,1500,1500,1500,1500,1500,1500,1500,1500,1500,7.4
2026-08-08,12:53:17.690,1.8,0.0,-45,-47,100,10,0,8,10,-38,100,10,12.1,0.0,0,0,1,0,-1013,0,30,-1024,-3,-916,-31,-1,0,-1,0,-1,1,0,-1,0x0000000000000000,1512,1425,1532,1520,2012,1536,1521,1260,1701,988,1500,1500,1500,1500,1500,1500,1500,1500,1500,1500,1500,1500,1500,1500,1500,1500,1500,1500,1500,1500,1500,1500,7.4
2026-08-08,12:53:18.190,1.8,0.0,-45,-47,100,10,0,8,10,-36,100,10,12.1,0.0,0,0,1,0,-1015,0,30,-1024,-3,-916,-32,-1,0,-1,0,-1,1,0,-1,0x0000000000000000,1512,1425,1532,1519,2012,1535,1521,1260,1701,988,1500,1500,1500,1500,1500,1500,1500,1500,1500,1500,1500,1500,1500,1500,1500,1500,1500,1500,1500,1500,1500,1500,7.4
2026-08-08,12:53:18.690,1.8,0.0,-64,-49,100,10,1,8,10,-38,100,10,12.1,0.0,0,0,1,0,-1016,0,30,-1024,-3,-916,-32,-1,0,-1,0,-1,1,0,-1,0x0000000000000000,1512,1425,1532,1519,2012,1535,1521,1260,1701,988,1500,1500,1500,1500,1500,1500,1500,1500,1500,1500,1500,1500,1500,1500,1500,1500,1500,1500,1500,1500,1500,1500,7.4
2026-08-08,12:53:19.190,1.8,0.0,-47,-54,100,11,0,8,10,-50,100,10,12.2,0.0,0,0,1,0,-1014,1,30,-1024,-3,-916,-32,-1,0,-1,0,-1,1,0,-1,0x0000000000000000,1512,1425,1532,1520,2012,1536,1521,1260,1701,988,1500,1500,1500,1500,1500,1500,1500,1500,1500,1500,1500,1500,1500,1500,1500,1500,1500,1500,1500,1500,1500,1500,7.4
2026-08-08,12:53:19.690,1.8,0.0,-53,-52,100,10,1,8,10,-49,100,11,12.2,0.0,0,0,1,0,-1014,0,30,-1024,-3,-917,-31,-1,0,-1,0,-1,1,0,-1,0x0000000000000000,1512,1425,1532,1519,2012,1535,1521,1260,1701,988,1500,1500,1500,1500,1500,1500,1500,1500,1500,1500,1500,1500,1500,1500,1500,1500,1500,1500,1500,1500,1500,1500,7.4
2026-08-08,12:53:20.190,1.8,0.0,-53,-54,100,10,1,8,10,-41,100,11,12.1,0.0,0,0,1,0,-1014,0,30,-1024,-3,-916,-32,-1,0,-1,0,-1,1,0,-1,0x0000000000000000,1512,1425,1532,1519,2012,1535,1521,1260,1701,988,1500,1500,1500,1500,1500,1500,1500,1500,1500,1500,1500,1500,1500,1500,1500,1500,1500,1500,1500,1500,1500,1500,7.4
2026-08-08,12:53:20.690,1.8,0.0,-53,-55,100,10,1,8,10,-46,100,12,12.1,0.0,0,0,1,0,-1014,0,30,-1024,-3,-916,-32,-1,0,-1,0,-1,1,0,-1,0x0000000000000000,1512,1425,1532,1519,2012,1535,1521,1260,1701,988,1500,1500,1500,1500,1500,1500,1500,1500,1500,1500,1500,1500,1500,1500,1500,1500,1500,1500,1500,1500,1500,1500,7.4
2026-08-08,12:53:21.190,1.8,0.0,-53,-56,100,11,1,8,10,-43,100,11,12.1,0.0,0,0,1,0,-1014,0,30,-1024,-3,-916,-32,-1,0,-1,0,-1,1,0,-1,0x0000000000000000,1512,1425,1532,1519,2012,1535,1521,1260,1701,988,1500,1500,1500,1500,1500,1500,1500,1500,1500,1500,1500,1500,1500,1500,1500,1500,1500,1500,1500,1500,1500,1500,7.4
2026-08-08,12:53:21.690,1.8,0.0,-49,-57,100,10,0,8,10,-36,100,10,12.1,0.0,0,0,1,0,-1015,0,30,-1024,-3,-916,-31,-1,0,-1,0,-1,1,0,-1,0x0000000000000000,1512,1425,1532,1519,2012,1535,1521,1260,1701,988,1500,1500,1500,1500,1500,1500,1500,1500,1500,1500,1500,1500,1500,1500,1500,1500,1500,1500,1500,1500,1500,1500,7.4
2026-08-08,12:53:22.190,1.8,0.0,-51,-57,100,12,0,8,10,-46,100,11,12.1,0.0,0,0,1,1,-1015,0,30,-1024,-3,-916,-32,-1,0,-1,0,-1,1,0,-1,0x0000000000000000,1512,1425,1532,1519,2012,1535,1521,1260,1701,988,1500,1500,1500,1500,1500,1500,1500,1500,1500,1500,1500,1500,1500,1500,1500,1500,1500,1500,1500,1500,1500,1500,7.4
2026-08-08,12:53:22.690,1.8,0.0,-53,-49,100,9,1,8,10,-38,100,10,12.1,0.0,0,0,1,2,-1016,-1,30,-1024,-3,-916,-31,-1,0,-1,0,-1,1,0,-1,0x0000000000000000,1512,1425,1532,1519,2012,1535,1521,1260,1701,988,1500,1500,1500,1500,1500,1500,1500,1500,1500,1500,1500,1500,1500,1500,1500,1500,1500,1500,1500,1500,1500,1500,7.4
2026-08-08,12:53:23.190,1.8,0.0,-54,-54,100,10,0,8,10,-48,100,10,12.1,0.0,0,0,2,2,-1016,-1,30,-1024,-3,-916,-31,-1,0,-1,0,-1,1,0,-1,0x0000000000000000,1512,1425,1532,1519,2012,1535,1521,1260,1701,988,1500,1500,1500,1500,1500,1500,1500,1500,1500,1500,1500,1500,1500,1500,1500,1500,1500,1500,1500,1500,1500,1500,7.4
2026-08-08,12:53:23.690,1.8,0.0,-54,-54,100,10,0,8,10,-46,100,10,12.1,0.0,0,0,2,2,-1016,-1,29,-1024,-3,-916,-31,-1,0,-1,0,-1,1,0,-1,0x0000000000000000,1512,1425,1532,1519,2012,1535,1521,1260,1701,988,1500,1500,1500,1500,1500,1500,1500,1500,1500,1500,1500,1500,1500,1500,1500,1500,1500,1500,1500,1500,1500,1500,7.4
2026-08-08,12:53:24.190,1.8,0.0,-54,-54,100,10,0,8,10,-47,100,11,12.1,0.0,0,0,2,2,-1016,-1,30,-1024,-3,-916,-31,-1,0,-1,0,-1,1,0,-1,0x0000000000000000,1512,1425,1532,1519,2012,1535,1521,1260,1701,988,1500,1500,1500,1500,1500,1500,1500,1500,1500,1500,1500,1500,1500,1500,1500,1500,1500,1500,1500,1500,1500,1500,7.4
2026-08-08,12:53:24.690,1.8,0.0,-51,-54,100,10,0,8,10,-42,100,11,12.1,0.0,0,0,2,2,-1016,-1,30,-1024,-3,-916,-31,-1,0,-1,0,-1,1,0,-1,0x0000000000000000,1512,1425,1532,1519,2012,1535,1521,1260,1701,988,1500,1500,1500,1500,1500,1500,1500,1500,1500,1500,1500,1500,1500,1500,1500,1500,1500,1500,1500,1500,1500,1500,7.4
2026-08-08,12:53:25.190,1.8,0.0,-48,-54,100,10,0,8,10,-46,100,12,12.1,0.0,0,0,2,2,-1016,-1,30,-1024,-3,-916,-32,-1,0,-1,0,-1,1,0,-1,0x0000000000000000,1512,1425,1532,1519,2012,1535,1521,1260,1701,988,1500,1500,1500,1500,1500,1500,1500,1500,1500,1500,1500,1500,1500,1500,1500,1500,1500,1500,1500,1500,1500,1500,7.4
2026-08-08,12:53:25.690,1.8,0.0,-48,-54,100,9,0,8,10,-43,100,11,12.1,0.0,0,0,2,2,-1016,-1,30,-1024,-3,-916,-31,-1,0,-1,0,-1,1,0,-1,0x0000000000000000,1512,1425,1532,1519,2012,1535,1521,1260,1701,988,1500,1500,1500,1500,1500,1500,1500,1500,1500,1500,1500,1500,1500,1500,1500,1500,1500,1500,1500,1500,1500,1500,7.4
2026-08-08,12:53:26.190,1.8,0.0,-51,-54,100,10,0,8,10,-45,100,10,12.1,0.0,0,0,2,2,-1016,-1,30,-1024,-3,-916,-32,-1,0,-1,0,-1,1,0,-1,0x0000000000000000,1512,1425,1532,1519,2012,1535,1521,1260,1701,988,1500,1500,1500,1500,1500,1500,1500,1500,1500,1500,1500,1500,1500,1500,1500,1500,1500,1500,1500,1500,1500,1500,7.4
2026-08-08,12:53:26.690,1.8,0.0,-48,-54,100,10,0,8,10,-37,100,10,12.1,0.0,0,0,2,2,-1016,-1,30,-1024,-3,-916,-31,-1,0,-1,0,-1,1,0,-1,0x0000000000000000,1512,1425,1532,1519,2012,1535,1521,1260,1701,988,1500,1500,1500,1500,1500,1500,1500,1500,1500,1500,1500,1500,1500,1500,1500,1500,1500,1500,1500,1500,1500,1500,7.4
2026-08-08,12:53:27.190,1.8,0.0,-46,-54,100,12,0,8,10,-30,100,10,12.1,0.0,0,0,1,1,-1015,0,30,-1024,-3,-916,-32,-1,0,-1,0,-1,1,0,-1,0x0000000000000000,1512,1425,1532,1519,2012,1535,1521,1260,1701,988,1500,1500,1500,1500,1500,1500,1500,1500,1500,1500,1500,1500,1500,1500,1500,1500,1500,1500,1500,1500,1500,1500,7.4
2026-08-08,12:53:27.690,1.8,0.0,-36,-54,100,11,0,8,10,-25,100,10,12.1,0.0,0,0,1,1,-1015,0,30,-1024,-3,-916,-32,-1,0,-1,0,-1,1,0,-1,0x0000000000000000,1512,1425,1532,1519,2012,1535,1521,1260,1701,988,1500,1500,1500,1500,1500,1500,1500,1500,1500,1500,1500,1500,1500,1500,1500,1500,1500,1500,1500,1500,1500,1500,7.4
2026-08-08,12:53:28.190,1.8,0.0,-31,-54,100,10,0,8,10,-23,100,11,12.1,0.0,0,0,1,1,-1015,0,30,-1024,-3,-916,-31,-1,0,-1,0,-1,1,0,-1,0x0000000000000000,1512,1425,1532,1519,2012,1535,1521,1260,1701,988,1500,1500,1500,1500,1500,1500,1500,1500,1500,1500,1500,1500,1500,1500,1500,1500,1500,1500,1500,1500,1500,1500,7.4
2026-08-08,12:53:28.690,1.8,0.0,-36,-54,100,11,0,8,10,-30,100,10,12.1,0.0,0,0,1,2,-1015,-1,30,-1024,-3,-916,-32,-1,0,-1,0,-1,1,0,-1,0x0000000000000000,1512,1425,1532,1519,2012,1535,1521,1260,1701,988,1500,1500,1500,1500,1500,1500,1500,1500,1500,1500,1500,1500,1500,1500,1500,1500,1500,1500,1500,1500,1500,1500,7.4
2026-08-08,12:53:29.190,1.8,0.0,-39,-43,100,10,0,8,10,-32,100,12,12.1,0.0,0,0,1,2,-1015,-1,30,-1024,-3,-916,-31,-1,0,-1,0,-1,1,0,-1,0x0000000000000000,1512,1425,1532,1519,2012,1535,1521,1260,1701,988,1500,1500,1500,1500,1500,1500,1500,1500,1500,1500,1500,1500,1500,1500,1500,1500,1500,1500,1500,1500,1500,1500,7.4
2026-08-08,12:53:29.690,1.8,0.0,-41,-43,100,10,0,8,10,-38,100,11,12.1,0.0,0,0,2,1,-1015,-1,30,-1024,-3,-916,-32,-1,0,-1,0,-1,1,0,-1,0x0000000000000000,1512,1425,1532,1519,2012,1535,1521,1260,1701,988,1500,1500,1500,1500,1500,1500,1500,1500,1500,1500,1500,1500,1500,1500,1500,1500,1500,1500,1500,1500,1500,1500,7.4
2026-08-08,12:53:30.190,1.8,0.0,-42,-43,100,10,0,8,10,-29,100,11,12.1,0.0,0,0,1,1,-1015,-1,30,-1024,-3,-916,-31,-1,0,-1,0,-1,1,0,-1,0x0000000000000000,1512,1425,1532,1519,2012,1535,1521,1260,1701,988,1500,1500,1500,1500,1500,1500,1500,1500,1500,1500,1500,1500,1500,1500,1500,1500,1500,1500,1500,1500,1500,1500,7.4
2026-08-08,12:53:30.690,1.8,0.0,-46,-49,100,10,0,8,10,-41,100,10,12.1,0.0,0,0,1,1,-1015,0,30,-1024,-3,-916,-32,-1,0,-1,0,-1,1,0,-1,0x0000000000000000,1512,1425,1532,1519,2012,1535,1521,1260,1701,988,1500,1500,1500,1500,1500,1500,1500,1500,1500,1500,1500,1500,1500,1500,1500,1500,1500,1500,1500,1500,1500,1500,7.4
2026-08-08,12:53:31.190,1.8,0.0,-46,-49,100,10,0,8,10,-37,100,10,12.2,0.0,0,0,1,1,-1015,0,30,-1024,-3,-916,-32,-1,0,-1,0,-1,1,0,-1,0x0000000000000000,1512,1425,1532,1519,2012,1535,1521,1260,1701,988,1500,1500,1500,1500,1500,1500,1500,1500,1500,1500,1500,1500,1500,1500,1500,1500,1500,1500,1500,1500,1500,1500,7.4
2026-08-08,12:53:31.690,1.8,0.0,-50,-47,100,10,1,8,10,-45,100,10,12.2,0.0,0,0,2,1,-1015,0,30,-1024,-3,-916,-32,-1,0,-1,0,-1,1,0,-1,0x0000000000000000,1512,1425,1532,1519,2012,1535,1521,1260,1701,988,1500,1500,1500,1500,1500,1500,1500,1500,1500,1500,1500,1500,1500,1500,1500,1500,1500,1500,1500,1500,1500,1500,7.4
2026-08-08,12:53:32.190,1.8,0.0,-55,-65,100,10,0,8,10,-50,100,11,12.1,0.0,0,0,2,1,-1015,0,30,-1024,-3,-916,-32,-1,0,-1,0,-1,1,0,-1,0x0000000000000000,1512,1425,1532,1519,2012,1535,1521,1260,1701,988,1500,1500,1500,1500,1500,1500,1500,1500,1500,1500,1500,1500,1500,1500,1500,1500,1500,1500,1500,1500,1500,1500,7.4
2026-08-08,12:53:32.690,1.8,0.0,-44,-65,100,10,0,8,10,-35,100,10,12.1,0.0,0,0,3,1,-1016,-1,30,-1024,-3,-916,-31,-1,0,-1,0,-1,1,0,-1,0x0000000000000000,1512,1425,1532,1519,2012,1535,1521,1260,1701,988,1500,1500,1500,1500,1500,1500,1500,1500,1500,1500,1500,1500,1500,1500,1500,1500,1500,1500,1500,1500,1500,1500,7.4
2026-08-08,12:53:33.190,1.8,0.0,-44,-65,100,11,0,8,10,-34,100,10,12.1,0.0,0,0,2,1,-1015,0,30,-1024,-3,-916,-31,-1,0,-1,0,-1,1,0,-1,0x0000000000000000,1512,1425,1532,1519,2012,1535,1521,1260,1701,988,1500,1500,1500,1500,1500,1500,1500,1500,1500,1500,1500,1500,1500,1500,1500,1500,1500,1500,1500,1500,1500,1500,7.4
2026-08-08,12:53:33.690,1.8,0.0,-45,-65,100,11,0,8,10,-39,100,11,12.1,0.0,0,0,3,1,-1016,0,30,-1024,-3,-916,-31,-1,0,-1,0,-1,1,0,-1,0x0000000000000000,1512,1425,1532,1519,2012,1535,1521,1260,1701,988,1500,1500,1500,1500,1500,1500,1500,1500,1500,1500,1500,1500,1500,1500,1500,1500,1500,1500,1500,1500,1500,1500,7.4
2026-08-08,12:53:34.190,1.8,0.0,-53,-60,100,10,0,8,10,-42,100,12,12.1,0.0,0,0,3,1,-1016,-1,30,-1024,-3,-916,-31,-1,0,-1,0,-1,1,0,-1,0x0000000000000000,1512,1425,1532,1519,2012,1535,1521,1260,1701,988,1500,1500,1500,1500,1500,1500,1500,1500,1500,1500,1500,1500,1500,1500,1500,1500,1500,1500,1500,1500,1500,1500,7.4
2026-08-08,12:53:34.690,1.8,0.0,-44,-60,100,10,0,8,10,-33,100,11,12.1,0.0,0,0,3,1,-1016,-1,30,-1024,-3,-916,-31,-1,0,-1,0,-1,1,0,-1,0x0000000000000000,1512,1425,1532,1519,2012,1535,1521,1260,1701,988,1500,1500,1500,1500,1500,1500,1500,1500,1500,1500,1500,1500,1500,1500,1500,1500,1500,1500,1500,1500,1500,1500,7.4
2026-08-08,12:53:35.190,1.8,0.0,-40,-60,100,10,0,8,10,-40,100,10,12.1,0.0,0,0,3,1,-1016,-1,30,-1024,-3,-916,-32,-1,0,-1,0,-1,1,0,-1,0x0000000000000000,1512,1425,1532,1519,2012,1535,1521,1260,1701,988,1500,1500,1500,1500,1500,1500,1500,1500,1500,1500,1500,1500,1500,1500,1500,1500,1500,1500,1500,1500,1500,1500,7.4
2026-08-08,12:53:35.690,1.8,0.0,-42,-60,100,10,0,8,10,-38,100,12,12.1,0.0,0,0,3,1,-1017,-1,30,-1024,-3,-916,-32,-1,0,-1,0,-1,1,0,-1,0x0000000000000000,1512,1425,1532,1519,2012,1535,1521,1260,1701,988,1500,1500,1500,1500,1500,1500,1500,1500,1500,1500,1500,1500,1500,1500,1500,1500,1500,1500,1500,1500,1500,1500,7.4
2026-08-08,12:53:36.190,1.8,0.0,-35,-55,100,10,0,8,10,-27,100,11,12.1,0.0,0,0,3,1,-1016,-1,30,-1024,-3,-916,-32,-1,0,-1,0,-1,1,0,-1,0x0000000000000000,1512,1425,1532,1519,2012,1535,1521,1260,1701,988,1500,1500,1500,1500,1500,1500,1500,1500,1500,1500,1500,1500,1500,1500,1500,1500,1500,1500,1500,1500,1500,1500,7.4
2026-08-08,12:53:36.690,1.7,0.0,-45,-65,100,10,0,8,10,-46,100,11,12.1,0.0,0,0,3,1,-1016,-1,30,-1024,-3,-916,-32,-1,0,-1,0,-1,1,0,-1,0x0000000000000000,1512,1425,1532,1519,2012,1535,1521,1260,1701,988,1500,1500,1500,1500,1500,1500,1500,1500,1500,1500,1500,1500,1500,1500,1500,1500,1500,1500,1500,1500,1500,1500,7.4
2026-08-08,12:53:37.190,1.8,0.0,-43,-65,100,11,0,8,10,-34,100,10,12.2,0.0,0,0,3,1,-1016,-1,30,-1024,-3,-916,-32,-1,0,-1,0,-1,1,0,-1,0x0000000000000000,1512,1425,1532,1519,2012,1535,1521,1260,1701,988,1500,1500,1500,1500,1500,1500,1500,1500,1500,1500,1500,1500,1500,1500,1500,1500,1500,1500,1500,1500,1500,1500,7.4
2026-08-08,12:53:37.690,1.7,0.0,-38,-65,100,10,0,8,10,-34,100,11,12.2,0.0,0,0,3,1,-1016,-1,30,-1024,-3,-916,-32,-1,0,-1,0,-1,1,0,-1,0x0000000000000000,1512,1425,1532,1519,2012,1535,1521,1260,1701,988,1500,1500,1500,1500,1500,1500,1500,1500,1500,1500,1500,1500,1500,1500,1500,1500,1500,1500,1500,1500,1500,1500,7.4
2026-08-08,12:53:38.190,1.7,0.0,-32,-65,100,10,0,8,10,-26,100,10,12.1,0.0,0,0,3,1,-1016,-1,30,-1024,-3,-916,-31,-1,0,-1,0,-1,1,0,-1,0x0000000000000000,1512,1425,1532,1519,2012,1535,1521,1260,1701,988,1500,1500,1500,1500,1500,1500,1500,1500,1500,1500,1500,1500,1500,1500,1500,1500,1500,1500,1500,1500,1500,1500,7.4
2026-08-08,12:53:38.690,1.7,0.0,-30,-65,100,10,0,8,10,-31,100,11,12.1,0.0,0,0,2,0,-1016,-1,30,-1024,-3,-916,-32,-1,0,-1,0,-1,1,0,-1,0x0000000000000000,1512,1425,1532,1519,2012,1535,1521,1260,1701,988,1500,1500,1500,1500,1500,1500,1500,1500,1500,1500,1500,1500,1500,1500,1500,1500,1500,1500,1500,1500,1500,1500,7.4
2026-08-08,12:53:39.190,1.8,0.0,-43,-50,100,12,0,8,10,-38,100,12,12.1,0.0,0,0,2,0,-1014,0,29,-1024,-3,-916,-32,-1,0,-1,0,-1,1,0,-1,0x0000000000000000,1512,1425,1532,1519,2012,1535,1521,1260,1701,988,1500,1500,1500,1500,1500,1500,1500,1500,1500,1500,1500,1500,1500,1500,1500,1500,1500,1500,1500,1500,1500,1500,7.4
2026-08-08,12:53:39.690,1.7,0.0,-43,-54,100,10,0,8,10,-40,100,11,12.1,0.0,0,0,1,1,-1014,0,30,-1024,-3,-916,-32,-1,0,-1,0,-1,1,0,-1,0x0000000000000000,1512,1425,1532,1519,2012,1535,1521,1260,1701,988,1500,1500,1500,1500,1500,1500,1500,1500,1500,1500,1500,1500,1500,1500,1500,1500,1500,1500,1500,1500,1500,1500,7.4
2026-08-08,12:53:40.190,1.8,0.0,-51,-54,100,10,0,8,10,-46,100,11,12.1,0.0,0,0,1,0,-1014,0,30,-1024,-3,-916,-32,-1,0,-1,0,-1,1,0,-1,0x0000000000000000,1512,1425,1532,1519,2012,1535,1521,1260,1701,988,1500,1500,1500,1500,1500,1500,1500,1500,1500,1500,1500,1500,1500,1500,1500,1500,1500,1500,1500,1500,1500,1500,7.4
2026-08-08,12:53:40.690,1.7,0.0,-48,-54,100,10,0,8,10,-38,100,11,12.1,0.0,0,0,2,0,-1014,0,30,-1024,-3,-916,-32,-1,0,-1,0,-1,1,0,-1,0x0000000000000000,1512,1425,1532,1519,2012,1535,1521,1260,1701,988,1500,1500,1500,1500,1500,1500,1500,1500,1500,1500,1500,1500,1500,1500,1500,1500,1500,1500,1500,1500,1500,1500,7.4
2026-08-08,12:53:41.190,1.8,0.0,-40,-54,100,10,0,8,10,-34,100,11,12.1,0.0,0,0,2,0,-1014,0,30,-1024,-3,-916,-31,-1,0,-1,0,-1,1,0,-1,0x0000000000000000,1512,1425,1532,1519,2012,1535,1521,1260,1701,988,1500,1500,1500,1500,1500,1500,1500,1500,1500,1500,1500,1500,1500,1500,1500,1500,1500,1500,1500,1500,1500,1500,7.4
2026-08-08,12:53:41.690,1.8,0.0,-48,-50,100,10,0,8,10,-42,100,10,12.1,0.0,0,0,1,0,-1014,0,30,-1024,-3,-917,-31,-1,0,-1,0,-1,1,0,-1,0x0000000000000000,1512,1425,1532,1519,2012,1535,1521,1260,1701,988,1500,1500,1500,1500,1500,1500,1500,1500,1500,1500,1500,1500,1500,1500,1500,1500,1500,1500,1500,1500,1500,1500,7.4
2026-08-08,12:53:42.190,1.8,0.0,-47,-50,100,10,0,8,10,-38,100,11,12.1,0.0,0,0,2,0,-1014,0,30,-1024,-3,-916,-32,-1,0,-1,0,-1,1,0,-1,0x0000000000000000,1512,1425,1532,1519,2012,1535,1521,1260,1701,988,1500,1500,1500,1500,1500,1500,1500,1500,1500,1500,1500,1500,1500,1500,1500,1500,1500,1500,1500,1500,1500,1500,7.4
2026-08-08,12:53:42.690,1.8,0.0,-50,-50,100,10,0,8,10,-40,100,12,12.1,0.0,0,0,2,0,-1014,0,30,-1024,-3,-916,-31,-1,0,-1,0,-1,1,0,-1,0x0000000000000000,1512,1425,1532,1519,2012,1535,1521,1260,1701,988,1500,1500,1500,1500,1500,1500,1500,1500,1500,1500,1500,1500,1500,1500,1500,1500,1500,1500,1500,1500,1500,1500,7.4
2026-08-08,12:53:43.190,1.8,0.0,-52,-49,100,10,1,8,10,-42,100,10,12.1,0.0,0,0,1,0,-1014,0,30,-1024,-3,-916,-31,-1,0,-1,0,-1,1,0,-1,0x0000000000000000,1512,1425,1532,1519,2012,1535,1521,1260,1701,988,1500,1500,1500,1500,1500,1500,1500,1500,1500,1500,1500,1500,1500,1500,1500,1500,1500,1500,1500,1500,1500,1500,7.4
2026-08-08,12:53:43.690,1.8,0.0,-52,-48,100,10,1,8,10,-40,100,10,12.1,0.0,0,0,2,0,-1014,0,30,-1024,-3,-916,-31,-1,0,-1,0,-1,1,0,-1,0x0000000000000000,1512,1425,1532,1519,2012,1535,1521,1260,1701,988,1500,1500,1500,1500,1500,1500,1500,1500,1500,1500,1500,1500,1500,1500,1500,1500,1500,1500,1500,1500,1500,1500,7.4
2026-08-08,12:53:44.190,1.8,0.0,-52,-49,100,10,1,8,10,-41,100,10,12.1,0.0,0,0,1,0,-1014,0,30,-1024,-3,-916,-32,-1,0,-1,0,-1,1,0,-1,0x0000000000000000,1512,1425,1532,1519,2012,1535,1521,1260,1701,988,1500,1500,1500,1500,1500,1500,1500,1500,1500,1500,1500,1500,1500,1500,1500,1500,1500,1500,1500,1500,1500,1500,7.4
2026-08-08,12:53:44.690,1.8,0.0,-52,-51,100,10,1,8,10,-46,100,10,12.1,0.0,0,0,2,0,-1014,0,30,-1024,-3,-916,-31,-1,0,-1,0,-1,1,0,-1,0x0000000000000000,1512,1425,1532,1519,2012,1535,1521,1260,1701,988,1500,1500,1500,1500,1500,1500,1500,1500,1500,1500,1500,1500,1500,1500,1500,1500,1500,1500,1500,1500,1500,1500,7.4
2026-08-08,12:53:45.190,1.8,0.0,-52,-49,100,11,1,8,10,-43,100,11,12.1,0.0,0,0,2,0,-1014,0,30,-1024,-3,-916,-32,-1,0,-1,0,-1,1,0,-1,0x0000000000000000,1512,1425,1532,1519,2012,1535,1521,1260,1701,988,1500,1500,1500,1500,1500,1500,1500,1500,1500,1500,1500,1500,1500,1500,1500,1500,1500,1500,1500,1500,1500,1500,7.4
2026-08-08,12:53:45.690,1.8,0.0,-52,-49,100,10,1,8,10,-43,100,10,12.1,0.0,0,0,1,0,-1014,0,30,-1024,-3,-916,-32,-1,0,-1,0,-1,1,0,-1,0x0000000000000000,1512,1425,1532,1519,2012,1535,1521,1260,1701,988,1500,1500,1500,1500,1500,1500,1500,1500,1500,1500,1500,1500,1500,1500,1500,1500,1500,1500,1500,1500,1500,1500,7.4
2026-08-08,12:53:46.190,1.8,0.0,-52,-48,100,10,1,8,10,-44,100,10,12.1,0.0,0,0,1,1,-1014,0,30,-1024,-3,-916,-31,-1,0,-1,0,-1,1,0,-1,0x0000000000000000,1512,1425,1532,1519,2012,1535,1521,1260,1701,988,1500,1500,1500,1500,1500,1500,1500,1500,1500,1500,1500,1500,1500,1500,1500,1500,1500,1500,1500,1500,1500,1500,7.4
2026-08-08,12:53:46.690,1.8,0.0,-52,-48,100,10,1,8,10,-39,100,10,12.1,0.0,0,0,1,1,-1014,0,30,-1024,-3,-916,-31,-1,0,-1,0,-1,1,0,-1,0x0000000000000000,1512,1425,1532,1519,2012,1535,1521,1260,1701,988,1500,1500,1500,1500,1500,1500,1500,1500,1500,1500,1500,1500,1500,1500,1500,1500,1500,1500,1500,1500,1500,1500,7.4
2026-08-08,12:53:47.190,1.8,0.0,-52,-48,100,10,1,8,10,-40,100,10,12.1,0.0,0,0,1,0,-1014,0,30,-1024,-3,-916,-31,-1,0,-1,0,-1,1,0,-1,0x0000000000000000,1512,1425,1532,1519,2012,1535,1521,1260,1701,988,1500,1500,1500,1500,1500,1500,1500,1500,1500,1500,1500,1500,1500,1500,1500,1500,1500,1500,1500,1500,1500,1500,7.4
2026-08-08,12:53:47.690,1.8,0.0,-52,-48,100,10,1,8,10,-41,100,10,12.1,0.0,0,0,1,1,-1014,0,30,-1024,-3,-916,-32,-1,0,-1,0,-1,1,0,-1,0x0000000000000000,1512,1425,1532,1519,2012,1535,1521,1260,1701,988,1500,1500,1500,1500,1500,1500,1500,1500,1500,1500,1500,1500,1500,1500,1500,1500,1500,1500,1500,1500,1500,1500,7.4
2026-08-08,12:53:48.190,1.8,0.0,-52,-51,100,10,1,8,10,-42,100,10,12.1,0.0,0,0,1,0,-1014,0,30,-1024,-3,-916,-32,-1,0,-1,0,-1,1,0,-1,0x0000000000000000,1512,1425,1532,1519,2012,1535,1521,1260,1701,988,1500,1500,1500,1500,1500,1500,1500,1500,1500,1500,1500,1500,1500,1500,1500,1500,1500,1500,1500,1500,1500,1500,7.4
2026-08-08,12:53:48.690,1.8,0.0,-52,-52,100,10,1,8,10,-58,100,11,12.1,0.0,0,0,1,0,-1014,0,30,-1024,-3,-916,-32,-1,0,-1,0,-1,1,0,-1,0x0000000000000000,1512,1425,1532,1519,2012,1535,1521,1260,1701,988,1500,1500,1500,1500,1500,1500,1500,1500,1500,1500,1500,1500,1500,1500,1500,1500,1500,1500,1500,1500,1500,1500,7.4
2026-08-08,12:53:49.190,1.8,0.0,-46,-53,100,11,0,8,10,-43,100,11,12.1,0.0,0,0,1,1,-1014,0,29,-1024,-3,-916,-32,-1,0,-1,0,-1,1,0,-1,0x0000000000000000,1512,1425,1532,1519,2012,1535,1521,1260,1701,988,1500,1500,1500,1500,1500,1500,1500,1500,1500,1500,1500,1500,1500,1500,1500,1500,1500,1500,1500,1500,1500,1500,7.4
2026-08-08,12:53:49.690,1.8,0.0,-46,-51,100,10,0,8,10,-38,100,11,12.1,0.0,0,0,1,1,-1014,0,30,-1024,-3,-916,-31,-1,0,-1,0,-1,1,0,-1,0x0000000000000000,1512,1425,1532,1519,2012,1535,1521,1260,1701,988,1500,1500,1500,1500,1500,1500,1500,1500,1500,1500,1500,1500,1500,1500,1500,1500,1500,1500,1500,1500,1500,1500,7.4
2026-08-08,12:53:50.190,1.8,0.0,-45,-51,100,10,0,8,10,-46,100,11,12.1,0.0,0,0,1,0,-1015,0,30,-1024,-3,-916,-32,-1,0,-1,0,-1,1,0,-1,0x0000000000000000,1512,1425,1532,1519,2012,1535,1521,1260,1701,988,1500,1500,1500,1500,1500,1500,1500,1500,1500,1500,1500,1500,1500,1500,1500,1500,1500,1500,1500,1500,1500,1500,7.4
2026-08-08,12:53:50.690,1.8,0.0,-53,-52,100,9,1,8,10,-41,100,11,12.1,0.0,0,0,1,0,-1014,0,29,-1024,-3,-916,-31,-1,0,-1,0,-1,1,0,-1,0x0000000000000000,1512,1425,1532,1519,2012,1535,1521,1260,1701,988,1500,1500,1500,1500,1500,1500,1500,1500,1500,1500,1500,1500,1500,1500,1500,1500,1500,1500,1500,1500,1500,1500,7.4
2026-08-08,12:53:51.190,1.9,0.0,-53,-52,100,10,1,8,10,-41,100,11,12.1,0.0,0,0,1,1,-1014,1,30,-1024,-3,-916,-32,-1,0,-1,0,-1,1,0,-1,0x0000000000000000,1512,1425,1532,1520,2012,1536,1521,1260,1701,988,1500,1500,1500,1500,1500,1500,1500,1500,1500,1500,1500,1500,1500,1500,1500,1500,1500,1500,1500,1500,1500,1500,7.4
2026-08-08,12:53:51.690,1.9,0.0,-53,-55,100,9,1,8,10,-50,100,10,12.1,0.0,0,0,1,1,-1015,0,30,-1024,-3,-916,-32,-1,0,-1,0,-1,1,0,-1,0x0000000000000000,1512,1425,1532,1519,2012,1535,1521,1260,1701,988,1500,1500,1500,1500,1500,1500,1500,1500,1500,1500,1500,1500,1500,1500,1500,1500,1500,1500,1500,1500,1500,1500,7.4
2026-08-08,12:53:52.190,1.8,0.0,-49,-57,100,10,0,8,10,-44,100,11,12.1,0.0,0,0,1,0,-1015,1,30,-1024,-3,-916,-32,-1,0,-1,0,-1,1,0,-1,0x0000000000000000,1512,1425,1532,1520,2012,1536,1521,1260,1701,988,1500,1500,1500,1500,1500,1500,1500,1500,1500,1500,1500,1500,1500,1500,1500,1500,1500,1500,1500,1500,1500,1500,7.4
2026-08-08,12:53:52.690,1.8,0.0,-42,-57,100,10,0,8,10,-39,100,11,12.1,0.0,0,0,1,0,-1015,1,30,-1024,-3,-916,-32,-1,0,-1,0,-1,1,0,-1,0x0000000000000000,1512,1425,1532,1520,2012,1536,1521,1260,1701,988,1500,1500,1500,1500,1500,1500,1500,1500,1500,1500,1500,1500,1500,1500,1500,1500,1500,1500,1500,1500,1500,1500,7.4
2026-08-08,12:53:53.190,1.8,0.0,-41,-57,100,11,0,8,10,-23,100,10,12.1,0.0,0,0,1,0,-1015,1,30,-1024,-3,-916,-32,-1,0,-1,0,-1,1,0,-1,0x0000000000000000,1512,1425,1532,1520,2012,1536,1521,1260,1701,988,1500,1500,1500,1500,1500,1500,1500,1500,1500,1500,1500,1500,1500,1500,1500,1500,1500,1500,1500,1500,1500,1500,7.4
2026-08-08,12:53:53.690,1.8,0.0,-36,-57,100,10,0,8,10,-29,100,11,12.1,0.0,0,0,1,0,-1015,0,30,-1024,-3,-916,-31,-1,0,-1,0,-1,1,0,-1,0x0000000000000000,1512,1425,1532,1519,2012,1535,1521,1260,1701,988,1500,1500,1500,1500,1500,1500,1500,1500,1500,1500,1500,1500,1500,1500,1500,1500,1500,1500,1500,1500,1500,1500,7.4
2026-08-08,12:53:54.190,1.9,0.0,-35,-57,100,10,0,8,10,-29,100,11,12.1,0.0,0,0,1,0,-1015,0,30,-1024,-3,-916,-32,-1,0,-1,0,-1,1,0,-1,0x0000000000000000,1512,1425,1532,1519,2012,1535,1521,1260,1701,988,1500,1500,1500,1500,1500,1500,1500,1500,1500,1500,1500,1500,1500,1500,1500,1500,1500,1500,1500,1500,1500,1500,7.4
