Date,Time,Alt(m),VSpd(m/s),1RSS(dB),2RSS(dB),RQly(%),RSNR(dB),ANT,RFMD,TPWR(mW),TRSS(dB),TQly(%),TSNR(dB),RxBt(V),Curr(A),Capa(mAh),Bat%(%),Rud,Ele,Thr,Ail,P1,P2,P3,SL1,SL2,SA,SB,SC,SD,SE,SF,SG,SH,LSW,CH1(us),CH2(us),CH3(us),CH4(us),CH5(us),CH6(us),CH7(us),CH8(us),CH9(us),CH10(us),CH11(us),CH12(us),CH13(us),CH14(us),CH15(us),CH16(us),CH17(us),CH18(us),CH19(us),CH20(us),CH21(us),CH22(us),CH23(us),CH24(us),CH25(us),CH26(us),CH27(us),CH28(us),CH29(us),CH30(us),CH31(us),CH32(us),TxBat(V)
2026-08-08,13:27:14.200,2.9,0.0,-43,-45,100,11,1,8,10,-36,100,11,12.1,0.0,0,0,138,5,-724,-8,8,-1024,-3,-545,-660,-1,0,-1,-1,-1,1,0,-1,0x0000000000000000,1548,1415,1530,1518,2012,1533,1519,1260,1701,1113,1500,1500,1500,1500,1500,1500,1500,1500,1500,1500,1500,1500,1500,1500,1500,1500,1500,1500,1500,1500,1500,1500,7.4
2026-08-08,13:27:14.700,2.8,-0.1,-43,-47,100,10,1,8,10,-34,100,11,12.1,0.0,0,0,88,5,-1024,-8,8,-1024,-3,-521,-660,-1,0,-1,-1,-1,1,0,-1,0x0000000000000000,1535,1424,1530,1518,2012,1533,1519,1260,1701,988,1500,1500,1500,1500,1500,1500,1500,1500,1500,1500,1500,1500,1500,1500,1500,1500,1500,1500,1500,1500,1500,1500,7.4
2026-08-08,13:27:15.200,2.9,0.0,-36,-49,100,10,0,8,10,-31,100,10,12.1,0.0,0,0,8,5,-27,-7,8,-1024,-3,-520,-660,-1,0,-1,-1,-1,1,0,-1,0x0000000000000000,1514,1392,1530,1518,2012,1533,1520,1260,1701,1461,1500,1500,1500,1500,1500,1500,1500,1500,1500,1500,1500,1500,1500,1500,1500,1500,1500,1500,1500,1500,1500,1500,7.4
2026-08-08,13:27:15.700,2.9,0.0,-35,-49,100,11,0,8,10,-31,100,11,12.0,0.0,0,0,8,5,646,-7,8,-1024,-3,-521,-660,-1,0,-1,-1,-1,1,0,-1,0x0000000000000000,1514,1369,1530,1518,2012,1533,1519,1260,1701,1805,1500,1500,1500,1500,1500,1500,1500,1500,1500,1500,1500,1500,1500,1500,1500,1500,1500,1500,1500,1500,1500,1500,7.4
2026-08-08,13:27:16.200,2.9,-0.1,-34,-49,100,11,0,8,10,-28,100,11,12.0,0.0,0,0,7,5,814,-7,8,-1024,-3,-521,-660,-1,0,-1,-1,-1,1,0,-1,0x0000000000000000,1514,1364,1530,1518,2012,1533,1520,1260,1701,1881,1500,1500,1500,1500,1500,1500,1500,1500,1500,1500,1500,1500,1500,1500,1500,1500,1500,1500,1500,1500,1500,1500,7.4
2026-08-08,13:27:16.700,3.4,1.4,-37,-49,100,11,0,8,10,-32,100,11,11.9,0.0,0,0,6,6,815,-8,8,-1024,-3,-498,-660,-1,0,-1,-1,-1,1,0,-1,0x0000000000000000,1514,1364,1530,1518,2012,1533,1519,1260,1701,1882,1500,1500,1500,1500,1500,1500,1500,1500,1500,1500,1500,1500,1500,1500,1500,1500,1500,1500,1500,1500,1500,1500,7.4
2026-08-08,13:27:17.200,3.2,-0.4,-49,-56,100,11,0,8,10,-40,100,10,11.9,0.0,0,0,6,5,815,-7,8,-1024,-3,-504,-659,-1,0,-1,-1,-1,1,0,-1,0x0000000000000000,1514,1364,1530,1518,2012,1533,1520,1260,1701,1882,1500,1500,1500,1500,1500,1500,1500,1500,1500,1500,1500,1500,1500,1500,1500,1500,1500,1500,1500,1500,1500,1500,7.4
2026-08-08,13:27:17.700,4.0,1.0,-49,-56,100,11,0,8,10,-47,100,11,11.9,0.0,0,0,6,4,815,-6,8,-1024,-3,-513,-660,-1,0,-1,-1,-1,1,0,-1,0x0000000000000000,1514,1365,1530,1518,2012,1534,1520,1260,1701,1882,1500,1500,1500,1500,1500,1500,1500,1500,1500,1500,1500,1500,1500,1500,1500,1500,1500,1500,1500,1500,1500,1500,7.4
2026-08-08,13:27:18.200,5.1,1.7,-50,-56,100,10,0,8,10,-46,100,11,11.9,0.0,0,0,6,3,815,-8,8,-1024,-3,-512,-660,-1,0,-1,-1,-1,1,0,-1,0x0000000000000000,1514,1365,1530,1518,2012,1533,1519,1260,1701,1882,1500,1500,1500,1500,1500,1500,1500,1500,1500,1500,1500,1500,1500,1500,1500,1500,1500,1500,1500,1500,1500,1500,7.4
2026-08-08,13:27:18.700,5.5,0.6,-53,-56,100,10,0,8,10,-55,100,10,11.8,0.0,0,0,6,-100,815,188,8,-1024,-3,-562,-660,-1,0,-1,-1,-1,1,0,-1,0x0000000000000000,1514,1391,1582,1550,2012,1592,1554,1260,1701,1882,1500,1500,1500,1500,1500,1500,1500,1500,1500,1500,1500,1500,1500,1500,1500,1500,1500,1500,1500,1500,1500,1500,7.4
2026-08-08,13:27:19.200,6.5,1.5,-57,-80,100,10,0,8,10,-48,100,10,11.8,0.0,0,0,5,4,1024,-7,8,-1024,-3,-560,-660,-1,0,-1,-1,-1,1,0,-1,0x0000000000000000,1513,1358,1530,1518,2012,1533,1520,1260,1701,1986,1500,1500,1500,1500,1500,1500,1500,1500,1500,1500,1500,1500,1500,1500,1500,1500,1500,1500,1500,1500,1500,1500,7.4
2026-08-08,13:27:19.700,7.0,0.3,-57,-80,100,10,0,8,10,-52,100,11,11.8,0.0,0,0,5,4,1024,-6,8,-1024,-3,-561,-660,-1,0,-1,-1,-1,1,0,-1,0x0000000000000000,1513,1358,1530,1518,2012,1534,1520,1260,1701,1986,1500,1500,1500,1500,1500,1500,1500,1500,1500,1500,1500,1500,1500,1500,1500,1500,1500,1500,1500,1500,1500,1500,7.4
2026-08-08,13:27:20.200,10.3,3.5,-63,-68,100,10,0,8,10,-61,100,11,11.8,0.0,0,0,5,-128,1024,37,8,-1024,-4,-561,-660,-1,0,-1,-1,-1,1,0,-1,0x0000000000000000,1513,1391,1542,1525,2012,1546,1527,1260,1701,1986,1500,1500,1500,1500,1500,1500,1500,1500,1500,1500,1500,1500,1500,1500,1500,1500,1500,1500,1500,1500,1500,1500,7.4
2026-08-08,13:27:20.700,11.9,2.8,-64,-68,100,10,0,8,10,-59,100,10,11.8,0.0,0,0,6,1,1024,21,8,-1024,-4,-561,-660,-1,0,-1,-1,-1,1,0,-1,0x0000000000000000,1514,1359,1538,1523,2012,1542,1525,1260,1701,1986,1500,1500,1500,1500,1500,1500,1500,1500,1500,1500,1500,1500,1500,1500,1500,1500,1500,1500,1500,1500,1500,1500,7.4
2026-08-08,13:27:21.200,12.8,0.6,-64,-68,100,10,0,8,10,-55,100,11,11.8,0.0,0,0,5,-739,1024,-49,8,-1024,-4,-560,-660,-1,0,-1,-1,-1,1,0,-1,0x0000000000000000,1513,1586,1519,1511,2012,1521,1512,1260,1701,1986,1500,1500,1500,1500,1500,1500,1500,1500,1500,1500,1500,1500,1500,1500,1500,1500,1500,1500,1500,1500,1500,1500,7.4
2026-08-08,13:27:21.700,15.3,6.6,-61,-68,100,10,0,8,10,-57,100,11,11.7,0.0,0,0,5,4,1024,-7,8,-1024,-4,-561,-660,-1,0,-1,-1,-1,1,0,-1,0x0000000000000000,1513,1358,1530,1518,2012,1533,1520,1260,1701,1986,1500,1500,1500,1500,1500,1500,1500,1500,1500,1500,1500,1500,1500,1500,1500,1500,1500,1500,1500,1500,1500,1500,7.4
2026-08-08,13:27:22.200,17.6,4.6,-64,-68,100,12,0,8,10,-56,100,11,11.7,0.0,0,0,5,-546,1024,-6,8,-1024,-4,-560,-660,-1,0,-1,-1,-1,1,0,-1,0x0000000000000000,1513,1511,1530,1518,2012,1534,1520,1260,1701,1986,1500,1500,1500,1500,1500,1500,1500,1500,1500,1500,1500,1500,1500,1500,1500,1500,1500,1500,1500,1500,1500,1500,7.4
2026-08-08,13:27:22.700,19.9,5.6,-63,-68,100,12,0,8,10,-57,100,11,11.7,0.0,0,0,5,4,1024,-7,8,-1024,-3,-561,-660,-1,0,-1,-1,-1,1,0,-1,0x0000000000000000,1513,1358,1530,1518,2012,1533,1520,1260,1701,1986,1500,1500,1500,1500,1500,1500,1500,1500,1500,1500,1500,1500,1500,1500,1500,1500,1500,1500,1500,1500,1500,1500,7.4
2026-08-08,13:27:23.200,22.5,5.6,-68,-82,100,12,0,8,10,-65,100,10,11.7,0.0,0,0,5,-260,1024,492,8,-1024,-3,-561,-659,-1,0,-1,-1,-1,1,0,-1,0x0000000000000000,1513,1424,1664,1600,2012,1682,1607,1260,1701,1986,1500,1500,1500,1500,1500,1500,1500,1500,1500,1500,1500,1500,1500,1500,1500,1500,1500,1500,1500,1500,1500,1500,7.4
2026-08-08,13:27:23.700,23.6,2.7,-69,-82,100,9,0,8,10,-65,100,11,11.7,0.0,0,0,5,-375,1024,-6,8,-1024,-3,-561,-660,-1,0,-1,-1,-1,1,0,-1,0x0000000000000000,1513,1455,1530,1518,2012,1534,1520,1260,1701,1986,1500,1500,1500,1500,1500,1500,1500,1500,1500,1500,1500,1500,1500,1500,1500,1500,1500,1500,1500,1500,1500,1500,7.4
2026-08-08,13:27:24.200,27.6,6.0,-68,-82,100,10,0,8,10,-61,100,9,11.7,0.0,0,0,5,5,1024,-7,8,-1024,-3,-560,-659,-1,0,-1,-1,-1,1,0,-1,0x0000000000000000,1513,1358,1530,1518,2012,1533,1520,1260,1701,1986,1500,1500,1500,1500,1500,1500,1500,1500,1500,1500,1500,1500,1500,1500,1500,1500,1500,1500,1500,1500,1500,1500,7.4
2026-08-08,13:27:24.700,29.4,4.0,-68,-82,100,11,0,8,10,-64,100,10,11.7,0.0,0,0,5,-477,1024,-130,8,-1024,-3,-561,-660,-1,0,-1,-1,-1,1,0,-1,0x0000000000000000,1513,1487,1498,1499,2012,1497,1498,1260,1701,1986,1500,1500,1500,1500,1500,1500,1500,1500,1500,1500,1500,1500,1500,1500,1500,1500,1500,1500,1500,1500,1500,1500,7.4
2026-08-08,13:27:25.200,31.2,4.4,-66,-82,100,10,0,8,10,-63,100,10,11.7,0.0,0,0,5,1,1024,-8,8,-1024,-3,-560,-660,-1,0,-1,-1,-1,1,0,-1,0x0000000000000000,1513,1359,1530,1518,2012,1533,1519,1260,1701,1986,1500,1500,1500,1500,1500,1500,1500,1500,1500,1500,1500,1500,1500,1500,1500,1500,1500,1500,1500,1500,1500,1500,7.4
2026-08-08,13:27:25.700,36.3,8.4,-67,-82,100,10,0,8,10,-62,100,11,11.7,0.0,0,0,6,5,1024,-7,8,-1024,-3,-561,-660,-1,0,-1,-1,-1,1,0,-1,0x0000000000000000,1514,1358,1530,1518,2012,1533,1520,1260,1701,1986,1500,1500,1500,1500,1500,1500,1500,1500,1500,1500,1500,1500,1500,1500,1500,1500,1500,1500,1500,1500,1500,1500,7.4
2026-08-08,13:27:26.200,37.3,2.8,-67,-82,100,9,0,8,10,-60,100,11,11.7,0.0,0,0,5,5,1024,-7,8,-1024,-3,-560,-660,-1,0,-1,-1,-1,1,0,-1,0x0000000000000000,1513,1358,1530,1518,2012,1533,1520,1260,1701,1986,1500,1500,1500,1500,1500,1500,1500,1500,1500,1500,1500,1500,1500,1500,1500,1500,1500,1500,1500,1500,1500,1500,7.4
2026-08-08,13:27:26.700,38.7,2.1,-68,-82,100,10,0,8,10,-67,100,10,11.7,0.0,0,0,5,-378,1024,-287,8,-1024,-3,-560,-660,-1,0,-1,-1,-1,1,0,-1,0x0000000000000000,1513,1455,1461,1475,2012,1450,1471,1260,1701,1986,1500,1500,1500,1500,1500,1500,1500,1500,1500,1500,1500,1500,1500,1500,1500,1500,1500,1500,1500,1500,1500,1500,7.4
2026-08-08,13:27:27.200,41.6,5.0,-77,-89,100,7,0,8,10,-74,100,4,11.7,0.0,0,0,5,-430,1024,-281,8,-1024,-3,-560,-660,-1,0,-1,-1,-1,1,0,-1,0x0000000000000000,1513,1471,1462,1476,2012,1452,1472,1260,1701,1986,1500,1500,1500,1500,1500,1500,1500,1500,1500,1500,1500,1500,1500,1500,1500,1500,1500,1500,1500,1500,1500,1500,7.4
2026-08-08,13:27:27.700,43.9,3.8,-73,-89,100,11,0,8,10,-66,100,10,11.6,0.0,0,0,5,4,1024,-7,8,-1024,-3,-560,-660,-1,0,-1,-1,-1,1,0,-1,0x0000000000000000,1513,1358,1530,1518,2012,1533,1519,1260,1701,1986,1500,1500,1500,1500,1500,1500,1500,1500,1500,1500,1500,1500,1500,1500,1500,1500,1500,1500,1500,1500,1500,1500,7.4
2026-08-08,13:27:28.200,46.8,4.8,-71,-89,100,11,0,8,10,-66,100,11,11.6,0.0,0,0,5,-147,1024,78,8,-1024,-3,-561,-660,-1,0,-1,-1,-1,1,0,-1,0x0000000000000000,1513,1395,1553,1532,2012,1559,1535,1260,1701,1986,1500,1500,1500,1500,1500,1500,1500,1500,1500,1500,1500,1500,1500,1500,1500,1500,1500,1500,1500,1500,1500,1500,7.4
2026-08-08,13:27:28.700,47.6,1.9,-70,-89,100,12,0,8,10,-67,100,10,11.6,0.0,0,0,5,-440,1024,-6,8,-1024,-4,-561,-660,-1,0,-1,-1,-1,1,0,-1,0x0000000000000000,1513,1474,1530,1518,2012,1534,1520,1260,1701,1986,1500,1500,1500,1500,1500,1500,1500,1500,1500,1500,1500,1500,1500,1500,1500,1500,1500,1500,1500,1500,1500,1500,7.4
2026-08-08,13:27:29.200,50.0,4.8,-69,-89,100,12,0,8,10,-67,100,12,11.6,0.0,0,0,5,5,1024,-7,8,-1024,-3,-560,-660,-1,0,-1,-1,-1,1,0,-1,0x0000000000000000,1513,1358,1530,1518,2012,1533,1520,1260,1701,1986,1500,1500,1500,1500,1500,1500,1500,1500,1500,1500,1500,1500,1500,1500,1500,1500,1500,1500,1500,1500,1500,1500,7.4
2026-08-08,13:27:29.700,52.5,4.3,-70,-89,100,10,0,8,10,-64,100,10,11.6,0.0,0,0,5,2,1024,-7,8,-1024,-3,-560,-659,-1,0,-1,-1,-1,1,0,-1,0x0000000000000000,1513,1359,1530,1518,2012,1533,1520,1260,1701,1986,1500,1500,1500,1500,1500,1500,1500,1500,1500,1500,1500,1500,1500,1500,1500,1500,1500,1500,1500,1500,1500,1500,7.4
2026-08-08,13:27:30.200,52.7,1.1,-70,-89,100,11,0,8,10,-64,100,10,11.6,0.0,0,0,5,-190,1024,-9,8,-1024,-4,-560,-660,-1,0,-1,-1,-1,1,0,-1,0x0000000000000000,1513,1406,1530,1518,2012,1533,1519,1260,1701,1986,1500,1500,1500,1500,1500,1500,1500,1500,1500,1500,1500,1500,1500,1500,1500,1500,1500,1500,1500,1500,1500,1500,7.4
2026-08-08,13:27:30.700,54.3,3.3,-72,-89,100,10,0,8,10,-65,100,10,11.6,0.0,0,0,5,-589,1024,-273,8,-1024,-4,-560,-660,-1,0,-1,-1,-1,1,0,-1,0x0000000000000000,1513,1526,1464,1477,2012,1454,1473,1260,1701,1986,1500,1500,1500,1500,1500,1500,1500,1500,1500,1500,1500,1500,1500,1500,1500,1500,1500,1500,1500,1500,1500,1500,7.4
2026-08-08,13:27:31.200,54.0,1.2,-70,-89,100,10,0,8,10,-67,96,10,11.6,0.0,0,0,5,-183,1024,-16,8,-1024,-4,-560,-660,-1,0,-1,-1,-1,1,0,-1,0x0000000000000000,1513,1404,1528,1517,2012,1531,1518,1260,1701,1986,1500,1500,1500,1500,1500,1500,1500,1500,1500,1500,1500,1500,1500,1500,1500,1500,1500,1500,1500,1500,1500,1500,7.4
2026-08-08,13:27:31.700,57.2,4.3,-69,-89,100,10,0,8,10,-64,100,11,11.6,0.0,0,0,5,-247,1024,-9,8,-1024,-3,-561,-660,-1,0,-1,-1,-1,1,0,-1,0x0000000000000000,1513,1421,1530,1518,2012,1533,1519,1260,1701,1986,1500,1500,1500,1500,1500,1500,1500,1500,1500,1500,1500,1500,1500,1500,1500,1500,1500,1500,1500,1500,1500,1500,7.4
2026-08-08,13:27:32.200,61.4,7.0,-72,-89,100,11,0,8,10,-67,100,10,11.6,0.0,0,0,5,5,1024,-7,8,-1024,-3,-561,-660,-1,0,-1,-1,-1,1,0,-1,0x0000000000000000,1513,1358,1530,1518,2012,1533,1520,1260,1701,1986,1500,1500,1500,1500,1500,1500,1500,1500,1500,1500,1500,1500,1500,1500,1500,1500,1500,1500,1500,1500,1500,1500,7.4
2026-08-08,13:27:32.700,64.0,5.1,-75,-78,100,11,0,8,10,-68,100,10,11.6,0.0,0,0,5,-324,1024,-124,8,-1024,-3,-560,-660,-1,0,-1,-1,-1,1,0,-1,0x0000000000000000,1513,1441,1499,1500,2012,1499,1499,1260,1701,1986,1500,1500,1500,1500,1500,1500,1500,1500,1500,1500,1500,1500,1500,1500,1500,1500,1500,1500,1500,1500,1500,1500,7.4
2026-08-08,13:27:33.200,65.2,2.6,-73,-78,100,11,0,8,10,-69,96,11,11.6,0.0,0,0,5,-344,1024,-79,8,-1024,-4,-561,-660,-1,0,-1,-1,-1,1,0,-1,0x0000000000000000,1513,1447,1511,1507,2012,1512,1507,1260,1701,1986,1500,1500,1500,1500,1500,1500,1500,1500,1500,1500,1500,1500,1500,1500,1500,1500,1500,1500,1500,1500,1500,1500,7.4
2026-08-08,13:27:33.700,68.6,5.6,-71,-78,100,10,0,8,10,-66,100,11,11.6,0.0,0,0,5,4,1024,-7,8,-1024,-3,-560,-660,-1,0,-1,-1,-1,1,0,-1,0x0000000000000000,1513,1358,1530,1518,2012,1533,1520,1260,1701,1986,1500,1500,1500,1500,1500,1500,1500,1500,1500,1500,1500,1500,1500,1500,1500,1500,1500,1500,1500,1500,1500,1500,7.4
2026-08-08,13:27:34.200,70.9,4.5,-74,-78,100,11,0,8,10,-67,100,11,11.6,0.0,0,0,5,-155,1024,-10,8,-1024,-3,-560,-660,-1,0,-1,-1,-1,1,0,-1,0x0000000000000000,1513,1397,1529,1518,2012,1532,1519,1260,1701,1986,1500,1500,1500,1500,1500,1500,1500,1500,1500,1500,1500,1500,1500,1500,1500,1500,1500,1500,1500,1500,1500,1500,7.4
2026-08-08,13:27:34.700,71.7,2.4,-71,-78,100,12,0,8,10,-67,100,11,11.6,0.0,0,0,5,-572,1024,-102,8,-1024,-3,-561,-660,-1,0,-1,-1,-1,1,0,-1,0x0000000000000000,1513,1520,1505,1503,2012,1505,1503,1260,1701,1986,1500,1500,1500,1500,1500,1500,1500,1500,1500,1500,1500,1500,1500,1500,1500,1500,1500,1500,1500,1500,1500,1500,7.4
2026-08-08,13:27:35.200,74.0,5.2,-71,-78,100,9,0,8,10,-69,100,12,11.6,0.0,0,0,5,4,1024,-8,8,-1024,-3,-560,-660,-1,0,-1,-1,-1,1,0,-1,0x0000000000000000,1513,1358,1530,1518,2012,1533,1519,1260,1701,1986,1500,1500,1500,1500,1500,1500,1500,1500,1500,1500,1500,1500,1500,1500,1500,1500,1500,1500,1500,1500,1500,1500,7.4
2026-08-08,13:27:35.700,76.4,4.5,-80,-84,100,8,0,8,10,-78,100,9,11.6,0.0,0,0,5,-158,1024,-5,8,-1024,-3,-561,-660,-1,0,-1,-1,-1,1,0,-1,0x0000000000000000,1513,1398,1530,1518,2012,1534,1520,1260,1701,1986,1500,1500,1500,1500,1500,1500,1500,1500,1500,1500,1500,1500,1500,1500,1500,1500,1500,1500,1500,1500,1500,1500,7.4
2026-08-08,13:27:36.200,77.4,2.3,-84,-84,100,4,0,8,25,-88,100,9,11.6,0.0,0,0,5,-506,1024,482,8,-1024,-4,-560,-660,-1,0,-1,-1,-1,1,0,-1,0x0000000000000000,1513,1497,1661,1598,2012,1679,1605,1260,1701,1986,1500,1500,1500,1500,1500,1500,1500,1500,1500,1500,1500,1500,1500,1500,1500,1500,1500,1500,1500,1500,1500,1500,7.4
2026-08-08,13:27:36.700,79.8,5.0,-78,-91,99,10,0,8,10,-72,100,11,11.6,0.0,0,0,5,-445,1024,-6,8,-1024,-3,-561,-660,-1,0,-1,-1,-1,1,0,-1,0x0000000000000000,1513,1480,1530,1518,2012,1534,1520,1260,1701,1986,1500,1500,1500,1500,1500,1500,1500,1500,1500,1500,1500,1500,1500,1500,1500,1500,1500,1500,1500,1500,1500,1500,7.4
2026-08-08,13:27:37.200,81.1,3.6,-81,-91,100,10,0,8,10,-90,100,8,11.6,0.0,0,0,5,-2,1024,62,8,-1024,-4,-560,-660,-1,0,-1,-1,-1,1,0,-1,0x0000000000000000,1513,1359,1548,1529,2012,1554,1532,1260,1701,1986,1500,1500,1500,1500,1500,1500,1500,1500,1500,1500,1500,1500,1500,1500,1500,1500,1500,1500,1500,1500,1500,1500,7.4
2026-08-08,13:27:37.700,83.9,4.1,-81,-85,100,9,0,8,10,-78,100,10,11.6,0.0,0,0,5,3,1024,798,8,-1024,-3,-561,-660,-1,0,-1,-1,-1,1,0,-1,0x0000000000000000,1513,1359,1746,1650,2012,1773,1661,1260,1701,1986,1500,1500,1500,1500,1500,1500,1500,1500,1500,1500,1500,1500,1500,1500,1500,1500,1500,1500,1500,1500,1500,1500,7.4
2026-08-08,13:27:38.200,86.0,4.4,-81,-85,100,8,0,8,10,-79,100,10,11.6,0.0,0,0,5,4,1024,192,8,-1024,-3,-560,-660,-1,0,-1,-1,-1,1,0,-1,0x0000000000000000,1513,1358,1583,1551,2012,1592,1554,1260,1701,1986,1500,1500,1500,1500,1500,1500,1500,1500,1500,1500,1500,1500,1500,1500,1500,1500,1500,1500,1500,1500,1500,1500,7.4
2026-08-08,13:27:38.700,86.1,0.9,-77,-78,99,7,0,8,25,-81,100,10,11.6,0.0,0,0,5,-632,1024,-3,8,-1024,-3,-561,-660,-1,0,-1,-1,-1,1,0,-1,0x0000000000000000,1513,1543,1531,1519,2012,1535,1520,1260,1701,1986,1500,1500,1500,1500,1500,1500,1500,1500,1500,1500,1500,1500,1500,1500,1500,1500,1500,1500,1500,1500,1500,1500,7.4
2026-08-08,13:27:39.200,87.3,3.9,-82,-90,100,5,0,8,10,-82,100,10,11.6,0.0,0,0,5,4,1024,-7,8,-1024,-4,-561,-660,-1,0,-1,-1,-1,1,0,-1,0x0000000000000000,1513,1358,1530,1518,2012,1533,1520,1260,1701,1986,1500,1500,1500,1500,1500,1500,1500,1500,1500,1500,1500,1500,1500,1500,1500,1500,1500,1500,1500,1500,1500,1500,7.4
2026-08-08,13:27:39.700,90.5,4.3,-89,-87,99,8,1,8,10,-81,100,10,11.6,0.0,0,0,5,-619,1024,122,8,-1024,-4,-560,-660,-1,0,-1,-1,-1,1,0,-1,0x0000000000000000,1513,1538,1564,1539,2012,1572,1542,1260,1701,1986,1500,1500,1500,1500,1500,1500,1500,1500,1500,1500,1500,1500,1500,1500,1500,1500,1500,1500,1500,1500,1500,1500,7.4
2026-08-08,13:27:40.200,93.4,7.5,-81,-86,99,9,0,8,10,-77,100,10,11.6,0.0,0,0,5,4,1024,-6,8,-1024,-3,-560,-660,-1,0,-1,-1,-1,1,0,-1,0x0000000000000000,1513,1358,1530,1518,2012,1534,1520,1260,1701,1986,1500,1500,1500,1500,1500,1500,1500,1500,1500,1500,1500,1500,1500,1500,1500,1500,1500,1500,1500,1500,1500,1500,7.4
2026-08-08,13:27:40.700,97.3,6.9,-81,-86,100,10,0,8,10,-78,100,11,11.6,0.0,0,0,5,4,1024,-6,8,-1024,-3,-560,-660,-1,0,-1,-1,-1,1,0,-1,0x0000000000000000,1513,1358,1530,1518,2012,1534,1520,1260,1701,1986,1500,1500,1500,1500,1500,1500,1500,1500,1500,1500,1500,1500,1500,1500,1500,1500,1500,1500,1500,1500,1500,1500,7.4
2026-08-08,13:27:41.200,98.7,3.6,-82,-91,98,7,0,8,10,-83,100,10,11.6,0.0,0,0,5,-203,1024,545,8,-1024,-3,-561,-660,-1,0,-1,-1,-1,1,0,-1,0x0000000000000000,1513,1409,1678,1609,2012,1698,1616,1260,1701,1986,1500,1500,1500,1500,1500,1500,1500,1500,1500,1500,1500,1500,1500,1500,1500,1500,1500,1500,1500,1500,1500,1500,7.4
2026-08-08,13:27:41.700,99.0,2.6,-82,-92,98,9,0,8,10,-76,100,10,11.6,0.0,0,0,6,-63,1024,33,8,-1024,-3,-561,-660,-1,0,-1,-1,-1,1,0,-1,0x0000000000000000,1514,1374,1541,1525,2012,1545,1527,1260,1701,1986,1500,1500,1500,1500,1500,1500,1500,1500,1500,1500,1500,1500,1500,1500,1500,1500,1500,1500,1500,1500,1500,1500,7.4
2026-08-08,13:27:42.200,102.4,5.2,-76,-92,100,10,0,8,10,-71,100,10,11.6,0.0,0,0,5,3,1024,-6,8,-1024,-3,-561,-660,-1,0,-1,-1,-1,1,0,-1,0x0000000000000000,1513,1359,1530,1518,2012,1534,1520,1260,1701,1986,1500,1500,1500,1500,1500,1500,1500,1500,1500,1500,1500,1500,1500,1500,1500,1500,1500,1500,1500,1500,1500,1500,7.4
2026-08-08,13:27:42.700,103.6,2.6,-77,-92,100,10,0,8,10,-75,100,10,11.6,0.0,0,0,5,6,1024,173,8,-1024,-3,-561,-660,-1,0,-1,-1,-1,1,0,-1,0x0000000000000000,1513,1357,1578,1548,2012,1587,1551,1260,1701,1986,1500,1500,1500,1500,1500,1500,1500,1500,1500,1500,1500,1500,1500,1500,1500,1500,1500,1500,1500,1500,1500,1500,7.4
2026-08-08,13:27:43.200,103.9,0.6,-76,-92,100,10,0,8,10,-73,100,10,11.6,0.0,0,0,5,-656,1024,203,8,-1024,-3,-560,-660,-1,0,-1,-1,-1,1,0,-1,0x0000000000000000,1513,1552,1586,1552,2012,1596,1556,1260,1701,1986,1500,1500,1500,1500,1500,1500,1500,1500,1500,1500,1500,1500,1500,1500,1500,1500,1500,1500,1500,1500,1500,1500,7.4
2026-08-08,13:27:43.700,105.5,3.4,-77,-92,100,10,0,8,10,-73,100,11,11.6,0.0,0,0,6,-875,1024,-5,8,-1024,-4,-560,-660,-1,0,-1,-1,-1,1,0,-1,0x0000000000000000,1514,1648,1530,1518,2012,1534,1520,1260,1701,1986,1500,1500,1500,1500,1500,1500,1500,1500,1500,1500,1500,1500,1500,1500,1500,1500,1500,1500,1500,1500,1500,1500,7.4
2026-08-08,13:27:44.200,108.6,8.0,-77,-92,100,9,0,8,10,-73,100,10,11.6,0.0,0,0,5,5,1024,-6,8,-1024,-3,-560,-660,-1,0,-1,-1,-1,1,0,-1,0x0000000000000000,1513,1358,1530,1518,2012,1534,1520,1260,1701,1986,1500,1500,1500,1500,1500,1500,1500,1500,1500,1500,1500,1500,1500,1500,1500,1500,1500,1500,1500,1500,1500,1500,7.4
2026-08-08,13:27:44.700,111.8,6.1,-79,-92,100,10,0,8,10,-75,100,10,11.6,0.0,0,0,7,5,1024,-5,8,-1024,-3,-560,-660,-1,0,-1,-1,-1,1,0,-1,0x0000000000000000,1514,1358,1530,1518,2012,1534,1520,1260,1701,1986,1500,1500,1500,1500,1500,1500,1500,1500,1500,1500,1500,1500,1500,1500,1500,1500,1500,1500,1500,1500,1500,1500,7.4
2026-08-08,13:27:45.200,114.1,4.9,-82,-84,99,8,1,8,10,-81,100,10,11.6,0.0,0,0,30,277,1024,-7,8,-1024,-3,-560,-660,-1,0,-1,-1,-1,1,0,-1,0x0000000000000000,1520,1290,1530,1518,2012,1533,1520,1260,1701,1986,1500,1500,1500,1500,1500,1500,1500,1500,1500,1500,1500,1500,1500,1500,1500,1500,1500,1500,1500,1500,1500,1500,7.4
2026-08-08,13:27:45.700,114.4,0.9,-82,-82,100,6,1,8,10,-82,100,10,11.6,0.0,0,0,65,8,-1024,-8,8,-1024,-4,-560,-660,-1,0,-1,-1,-1,1,0,-1,0x0000000000000000,1517,1424,1530,1518,2012,1533,1519,1260,1701,988,1500,1500,1500,1500,1500,1500,1500,1500,1500,1500,1500,1500,1500,1500,1500,1500,1500,1500,1500,1500,1500,1500,7.4
2026-08-08,13:27:46.200,113.3,-1.0,-82,-83,100,9,1,8,10,-76,100,10,11.6,0.0,0,0,8,5,-1024,-6,8,-1024,-4,-560,-660,-1,0,-1,-1,-1,1,0,-1,0x0000000000000000,1514,1424,1530,1518,2012,1534,1520,1260,1701,988,1500,1500,1500,1500,1500,1500,1500,1500,1500,1500,1500,1500,1500,1500,1500,1500,1500,1500,1500,1500,1500,1500,7.4
2026-08-08,13:27:46.700,113.1,-0.9,-82,-83,100,9,1,8,10,-73,100,11,11.8,0.0,0,0,8,6,-1024,-3,8,-1024,-3,-560,-660,-1,0,-1,-1,-1,1,0,-1,0x0000000000000000,1514,1424,1531,1519,2012,1535,1520,1260,1701,988,1500,1500,1500,1500,1500,1500,1500,1500,1500,1500,1500,1500,1500,1500,1500,1500,1500,1500,1500,1500,1500,1500,7.4
2026-08-08,13:27:47.200,114.0,1.2,-79,-84,99,10,0,8,10,-73,100,10,11.8,0.0,0,0,8,5,-1024,-6,8,-1024,-3,-560,-660,-1,0,-1,-1,-1,1,0,-1,0x0000000000000000,1514,1424,1530,1518,2012,1534,1520,1260,1701,988,1500,1500,1500,1500,1500,1500,1500,1500,1500,1500,1500,1500,1500,1500,1500,1500,1500,1500,1500,1500,1500,1500,7.4
2026-08-08,13:27:47.700,114.2,0.3,-79,-84,100,11,0,8,10,-75,100,10,11.8,0.0,0,0,8,5,-1024,-6,8,-1024,-3,-560,-660,-1,0,-1,-1,-1,1,0,-1,0x0000000000000000,1514,1424,1530,1518,2012,1534,1520,1260,1701,988,1500,1500,1500,1500,1500,1500,1500,1500,1500,1500,1500,1500,1500,1500,1500,1500,1500,1500,1500,1500,1500,1500,7.4
2026-08-08,13:27:48.200,113.7,-0.7,-79,-84,100,9,0,8,10,-72,100,10,11.8,0.0,0,0,8,5,-1024,-6,8,-1024,-3,-561,-660,-1,0,-1,-1,-1,1,0,-1,0x0000000000000000,1514,1424,1530,1518,2012,1534,1520,1260,1701,988,1500,1500,1500,1500,1500,1500,1500,1500,1500,1500,1500,1500,1500,1500,1500,1500,1500,1500,1500,1500,1500,1500,7.4
2026-08-08,13:27:48.700,112.8,-1.5,-78,-84,100,9,0,8,10,-77,100,11,11.8,0.0,0,0,8,5,-1024,-6,8,-1024,-3,-561,-660,-1,0,-1,-1,-1,1,0,-1,0x0000000000000000,1514,1424,1530,1518,2012,1534,1520,1260,1701,988,1500,1500,1500,1500,1500,1500,1500,1500,1500,1500,1500,1500,1500,1500,1500,1500,1500,1500,1500,1500,1500,1500,7.4
2026-08-08,13:27:49.200,111.6,-2.3,-82,-82,100,9,1,8,10,-74,100,11,11.8,0.0,0,0,8,-117,-1024,22,8,-1024,-3,-560,-660,-1,0,-1,-1,-1,1,0,-1,0x0000000000000000,1514,1455,1538,1523,2012,1542,1525,1260,1701,988,1500,1500,1500,1500,1500,1500,1500,1500,1500,1500,1500,1500,1500,1500,1500,1500,1500,1500,1500,1500,1500,1500,7.4
2026-08-08,13:27:49.700,109.9,-3.2,-82,-78,100,10,1,8,10,-75,100,10,11.8,0.0,0,0,8,-2,-1024,680,8,-1024,-3,-561,-660,-1,0,-1,-1,-1,1,0,-1,0x0000000000000000,1514,1426,1714,1630,2012,1738,1640,1260,1701,988,1500,1500,1500,1500,1500,1500,1500,1500,1500,1500,1500,1500,1500,1500,1500,1500,1500,1500,1500,1500,1500,1500,7.4
2026-08-08,13:27:50.200,108.0,-3.5,-82,-77,100,10,1,8,10,-69,100,11,11.8,0.0,0,0,8,-64,-1024,126,8,-1024,-3,-560,-660,-1,0,-1,-1,-1,1,0,-1,0x0000000000000000,1514,1442,1566,1540,2012,1573,1543,1260,1701,988,1500,1500,1500,1500,1500,1500,1500,1500,1500,1500,1500,1500,1500,1500,1500,1500,1500,1500,1500,1500,1500,1500,7.4
2026-08-08,13:27:50.700,106.2,-3.4,-82,-76,100,9,1,8,10,-74,100,11,11.9,0.0,0,0,8,5,-1024,-6,8,-1024,-3,-560,-660,-1,0,-1,-1,-1,1,0,-1,0x0000000000000000,1514,1424,1530,1518,2012,1534,1520,1260,1701,988,1500,1500,1500,1500,1500,1500,1500,1500,1500,1500,1500,1500,1500,1500,1500,1500,1500,1500,1500,1500,1500,1500,7.4
2026-08-08,13:27:51.200,105.1,-2.3,-82,-79,100,11,1,8,10,-73,100,10,11.9,0.0,0,0,8,5,-1024,-6,8,-1024,-3,-560,-660,-1,0,-1,-1,-1,1,0,-1,0x0000000000000000,1514,1424,1530,1518,2012,1534,1520,1260,1701,988,1500,1500,1500,1500,1500,1500,1500,1500,1500,1500,1500,1500,1500,1500,1500,1500,1500,1500,1500,1500,1500,1500,7.4
2026-08-08,13:27:51.700,103.6,-2.6,-76,-81,100,8,0,8,10,-79,100,11,11.9,0.0,0,0,9,6,-1024,-6,8,-1024,-3,-560,-660,-1,0,-1,-1,-1,1,0,-1,0x0000000000000000,1514,1424,1530,1518,2012,1534,1520,1260,1701,988,1500,1500,1500,1500,1500,1500,1500,1500,1500,1500,1500,1500,1500,1500,1500,1500,1500,1500,1500,1500,1500,1500,7.4
2026-08-08,13:27:52.200,102.4,-2.3,-81,-83,100,11,0,8,10,-74,100,10,11.9,0.0,0,0,9,6,-1024,-6,8,-1024,-3,-560,-660,-1,0,-1,-1,-1,1,0,-1,0x0000000000000000,1514,1424,1530,1518,2012,1534,1520,1260,1701,988,1500,1500,1500,1500,1500,1500,1500,1500,1500,1500,1500,1500,1500,1500,1500,1500,1500,1500,1500,1500,1500,1500,7.4
2026-08-08,13:27:52.700,101.0,-3.0,-80,-83,100,11,0,8,10,-78,100,11,11.9,0.0,0,0,9,5,-1024,-6,8,-1024,-3,-560,-660,-1,0,-1,-1,-1,1,0,-1,0x0000000000000000,1514,1424,1530,1518,2012,1534,1520,1260,1701,988,1500,1500,1500,1500,1500,1500,1500,1500,1500,1500,1500,1500,1500,1500,1500,1500,1500,1500,1500,1500,1500,1500,7.4
2026-08-08,13:27:53.200,99.2,-3.7,-80,-83,100,10,0,8,10,-74,100,11,11.9,0.0,0,0,8,-156,-1024,-5,8,-1024,-3,-560,-660,-1,0,-1,-1,-1,1,0,-1,0x0000000000000000,1514,1464,1530,1518,2012,1534,1520,1260,1701,988,1500,1500,1500,1500,1500,1500,1500,1500,1500,1500,1500,1500,1500,1500,1500,1500,1500,1500,1500,1500,1500,1500,7.4
2026-08-08,13:27:53.700,100.1,0.7,-75,-83,100,10,0,8,10,-70,100,11,11.9,0.0,0,0,794,5,-1024,-7,8,-1024,-4,-561,-659,-1,0,-1,-1,-1,1,0,-1,0x0000000000000000,1754,1424,1530,1518,2012,1533,1520,1260,1701,988,1500,1500,1500,1500,1500,1500,1500,1500,1500,1500,1500,1500,1500,1500,1500,1500,1500,1500,1500,1500,1500,1500,7.4
2026-08-08,13:27:54.200,101.2,2.0,-78,-83,100,10,0,8,10,-74,100,9,11.9,0.0,0,0,8,5,-1024,-7,8,-1024,-3,-560,-660,-1,0,-1,-1,-1,1,0,-1,0x0000000000000000,1514,1424,1530,1518,2012,1533,1520,1260,1701,988,1500,1500,1500,1500,1500,1500,1500,1500,1500,1500,1500,1500,1500,1500,1500,1500,1500,1500,1500,1500,1500,1500,7.4
2026-08-08,13:27:54.700,101.4,0.3,-78,-82,100,11,0,8,10,-74,100,11,11.9,0.0,0,0,8,5,-1024,-7,8,-1024,-3,-560,-659,-1,0,-1,-1,-1,1,0,-1,0x0000000000000000,1514,1424,1530,1518,2012,1533,1520,1260,1701,988,1500,1500,1500,1500,1500,1500,1500,1500,1500,1500,1500,1500,1500,1500,1500,1500,1500,1500,1500,1500,1500,1500,7.4
2026-08-08,13:27:55.200,102.1,1.7,-80,-82,100,10,0,8,10,-74,100,11,11.9,0.0,0,0,8,5,-1024,-6,8,-1024,-3,-560,-660,-1,0,-1,-1,-1,1,0,-1,0x0000000000000000,1514,1424,1530,1518,2012,1534,1520,1260,1701,988,1500,1500,1500,1500,1500,1500,1500,1500,1500,1500,1500,1500,1500,1500,1500,1500,1500,1500,1500,1500,1500,1500,7.4
2026-08-08,13:27:55.700,102.7,0.9,-80,-82,100,9,0,8,10,-77,100,11,11.9,0.0,0,0,8,5,-1024,-7,8,-1024,-3,-560,-660,-1,0,-1,-1,-1,1,0,-1,0x0000000000000000,1514,1424,1530,1518,2012,1533,1520,1260,1701,988,1500,1500,1500,1500,1500,1500,1500,1500,1500,1500,1500,1500,1500,1500,1500,1500,1500,1500,1500,1500,1500,1500,7.4
2026-08-08,13:27:56.200,102.9,0.7,-76,-82,100,10,0,8,10,-71,100,10,11.9,0.0,0,0,8,4,-1024,-7,8,-1024,-3,-560,-660,-1,0,-1,-1,-1,1,0,-1,0x0000000000000000,1514,1425,1530,1518,2012,1533,1520,1260,1701,988,1500,1500,1500,1500,1500,1500,1500,1500,1500,1500,1500,1500,1500,1500,1500,1500,1500,1500,1500,1500,1500,1500,7.4
2026-08-08,13:27:56.700,102.5,-0.6,-71,-82,100,11,0,8,10,-65,100,10,11.9,0.0,0,0,8,5,-1024,-20,8,-1024,-3,-560,-660,-1,0,-1,-1,-1,1,0,-1,0x0000000000000000,1514,1424,1527,1516,2012,1529,1517,1260,1701,988,1500,1500,1500,1500,1500,1500,1500,1500,1500,1500,1500,1500,1500,1500,1500,1500,1500,1500,1500,1500,1500,1500,7.4
2026-08-08,13:27:57.200,101.9,-1.3,-73,-82,100,10,0,8,10,-70,100,10,11.9,0.0,0,0,9,6,-1024,-7,8,-1024,-3,-560,-660,-1,0,-1,-1,-1,1,0,-1,0x0000000000000000,1514,1424,1530,1518,2012,1533,1520,1260,1701,988,1500,1500,1500,1500,1500,1500,1500,1500,1500,1500,1500,1500,1500,1500,1500,1500,1500,1500,1500,1500,1500,1500,7.4
2026-08-08,13:27:57.700,100.2,-2.5,-84,-91,100,8,0,8,25,-84,96,10,11.9,0.0,0,0,8,6,-1024,-7,8,-1024,-3,-560,-660,-1,0,-1,-1,-1,1,0,-1,0x0000000000000000,1514,1424,1530,1518,2012,1533,1520,1260,1701,988,1500,1500,1500,1500,1500,1500,1500,1500,1500,1500,1500,1500,1500,1500,1500,1500,1500,1500,1500,1500,1500,1500,7.4
2026-08-08,13:27:58.200,97.4,-4.8,-79,-91,100,9,0,8,10,-76,100,11,11.9,0.0,0,0,8,-695,-1024,-43,8,-1024,-3,-560,-660,-1,0,-1,-1,-1,1,0,-1,0x0000000000000000,1514,1644,1520,1512,2012,1523,1513,1260,1701,988,1500,1500,1500,1500,1500,1500,1500,1500,1500,1500,1500,1500,1500,1500,1500,1500,1500,1500,1500,1500,1500,1500,7.4
2026-08-08,13:27:58.700,95.0,-2.8,-76,-91,100,9,0,8,10,-68,100,10,11.9,0.0,0,0,8,5,-1024,-6,8,-1024,-3,-561,-660,-1,0,-1,-1,-1,1,0,-1,0x0000000000000000,1514,1424,1530,1518,2012,1534,1520,1260,1701,988,1500,1500,1500,1500,1500,1500,1500,1500,1500,1500,1500,1500,1500,1500,1500,1500,1500,1500,1500,1500,1500,1500,7.4
2026-08-08,13:27:59.200,95.1,-0.6,-74,-91,100,10,0,8,10,-71,100,10,11.9,0.0,0,0,8,5,-1024,-6,8,-1024,-3,-561,-660,-1,0,-1,-1,-1,1,0,-1,0x0000000000000000,1514,1424,1530,1518,2012,1534,1520,1260,1701,988,1500,1500,1500,1500,1500,1500,1500,1500,1500,1500,1500,1500,1500,1500,1500,1500,1500,1500,1500,1500,1500,1500,7.4
2026-08-08,13:27:59.700,94.7,-0.4,-73,-91,100,11,0,8,10,-69,100,11,11.9,0.0,0,0,8,5,-1024,-6,8,-1024,-3,-561,-659,-1,0,-1,-1,-1,1,0,-1,0x0000000000000000,1514,1424,1530,1518,2012,1534,1520,1260,1701,988,1500,1500,1500,1500,1500,1500,1500,1500,1500,1500,1500,1500,1500,1500,1500,1500,1500,1500,1500,1500,1500,1500,7.4
2026-08-08,13:28:00.200,94.7,0.2,-74,-91,100,11,0,8,10,-65,100,11,11.9,0.0,0,0,8,5,-1024,-6,8,-1024,-3,-560,-660,-1,0,-1,-1,-1,1,0,-1,0x0000000000000000,1514,1424,1530,1518,2012,1534,1520,1260,1701,988,1500,1500,1500,1500,1500,1500,1500,1500,1500,1500,1500,1500,1500,1500,1500,1500,1500,1500,1500,1500,1500,1500,7.4
2026-08-08,13:28:00.700,94.4,-0.1,-73,-91,100,10,0,8,10,-70,100,10,11.9,0.0,0,0,8,5,-1024,-7,8,-1024,-3,-560,-660,-1,0,-1,-1,-1,1,0,-1,0x0000000000000000,1514,1424,1530,1518,2012,1533,1520,1260,1701,988,1500,1500,1500,1500,1500,1500,1500,1500,1500,1500,1500,1500,1500,1500,1500,1500,1500,1500,1500,1500,1500,1500,7.4
2026-08-08,13:28:01.200,94.1,-0.7,-71,-91,100,10,0,8,10,-67,100,10,11.9,0.0,0,0,8,6,-1024,-9,8,-1024,-3,-560,-660,-1,0,-1,-1,-1,1,0,-1,0x0000000000000000,1514,1424,1530,1518,2012,1533,1519,1260,1701,988,1500,1500,1500,1500,1500,1500,1500,1500,1500,1500,1500,1500,1500,1500,1500,1500,1500,1500,1500,1500,1500,1500,7.4
2026-08-08,13:28:01.700,93.8,-0.5,-80,-91,100,10,0,8,10,-75,100,10,11.9,0.0,0,0,9,6,-1024,-7,8,-1024,-3,-561,-660,-1,0,-1,-1,-1,1,0,-1,0x0000000000000000,1514,1424,1530,1518,2012,1533,1520,1260,1701,988,1500,1500,1500,1500,1500,1500,1500,1500,1500,1500,1500,1500,1500,1500,1500,1500,1500,1500,1500,1500,1500,1500,7.4
2026-08-08,13:28:02.200,93.5,-0.5,-80,-91,100,11,0,8,10,-75,100,8,11.9,0.0,0,0,9,6,-1024,-7,8,-1024,-3,-560,-660,-1,0,-1,-1,-1,1,0,-1,0x0000000000000000,1514,1424,1530,1518,2012,1533,1520,1260,1701,988,1500,1500,1500,1500,1500,1500,1500,1500,1500,1500,1500,1500,1500,1500,1500,1500,1500,1500,1500,1500,1500,1500,7.4
2026-08-08,13:28:02.700,93.0,-0.9,-75,-91,100,11,0,8,10,-72,100,10,11.9,0.0,0,0,8,5,-1024,-6,8,-1024,-3,-561,-660,-1,0,-1,-1,-1,1,0,-1,0x0000000000000000,1514,1424,1530,1518,2012,1534,1520,1260,1701,988,1500,1500,1500,1500,1500,1500,1500,1500,1500,1500,1500,1500,1500,1500,1500,1500,1500,1500,1500,1500,1500,1500,7.4
2026-08-08,13:28:03.200,92.5,-1.0,-80,-93,100,3,0,8,100,-78,100,10,11.9,0.0,0,0,8,2,-1024,-6,8,-1024,-4,-560,-660,-1,0,-1,-1,-1,1,0,-1,0x0000000000000000,1514,1425,1530,1518,2012,1534,1520,1260,1701,988,1500,1500,1500,1500,1500,1500,1500,1500,1500,1500,1500,1500,1500,1500,1500,1500,1500,1500,1500,1500,1500,1500,7.4
2026-08-08,13:28:03.700,91.9,-1.0,-76,-93,100,10,0,8,10,-72,100,10,11.9,0.0,0,0,8,5,-1024,-6,8,-1024,-3,-561,-660,-1,0,-1,-1,-1,1,0,-1,0x0000000000000000,1514,1424,1530,1518,2012,1534,1520,1260,1701,988,1500,1500,1500,1500,1500,1500,1500,1500,1500,1500,1500,1500,1500,1500,1500,1500,1500,1500,1500,1500,1500,1500,7.4
2026-08-08,13:28:04.200,91.2,-1.6,-77,-93,100,6,0,8,10,-76,100,11,11.9,0.0,0,0,8,4,-1024,-6,8,-1024,-3,-560,-660,-1,0,-1,-1,-1,1,0,-1,0x0000000000000000,1514,1425,1530,1518,2012,1534,1520,1260,1701,988,1500,1500,1500,1500,1500,1500,1500,1500,1500,1500,1500,1500,1500,1500,1500,1500,1500,1500,1500,1500,1500,1500,7.4
2026-08-08,13:28:04.700,90.3,-1.5,-81,-93,100,7,0,8,10,-79,100,10,11.9,0.0,0,0,8,-456,-1024,-35,8,-1024,-3,-560,-660,-1,0,-1,-1,-1,1,0,-1,0x0000000000000000,1514,1556,1522,1514,2012,1525,1515,1260,1701,988,1500,1500,1500,1500,1500,1500,1500,1500,1500,1500,1500,1500,1500,1500,1500,1500,1500,1500,1500,1500,1500,1500,7.4
2026-08-08,13:28:05.200,89.3,-1.7,-85,-84,100,7,0,8,10,-82,100,10,11.9,0.0,0,0,8,5,-1024,-6,8,-1024,-3,-560,-660,-1,0,-1,-1,-1,1,0,-1,0x0000000000000000,1514,1424,1530,1518,2012,1534,1520,1260,1701,988,1500,1500,1500,1500,1500,1500,1500,1500,1500,1500,1500,1500,1500,1500,1500,1500,1500,1500,1500,1500,1500,1500,7.4
2026-08-08,13:28:05.700,88.3,-2.0,-86,-74,99,10,1,8,10,-71,100,9,11.9,0.0,0,0,8,5,-1024,-7,8,-1024,-3,-561,-660,-1,0,-1,-1,-1,1,0,-1,0x0000000000000000,1514,1424,1530,1518,2012,1533,1520,1260,1701,988,1500,1500,1500,1500,1500,1500,1500,1500,1500,1500,1500,1500,1500,1500,1500,1500,1500,1500,1500,1500,1500,1500,7.4
2026-08-08,13:28:06.200,87.3,-1.8,-81,-77,100,11,1,8,10,-76,100,10,11.9,0.0,0,0,8,3,-1024,-47,8,-1024,-3,-561,-660,-1,0,-1,-1,-1,1,0,-1,0x0000000000000000,1514,1425,1519,1512,2012,1521,1513,1260,1701,988,1500,1500,1500,1500,1500,1500,1500,1500,1500,1500,1500,1500,1500,1500,1500,1500,1500,1500,1500,1500,1500,1500,7.4
2026-08-08,13:28:06.700,85.6,-3.5,-81,-78,100,10,1,8,10,-74,100,10,11.9,0.0,0,0,8,-438,-1024,-199,8,-1024,-3,-561,-660,-1,0,-1,-1,-1,1,0,-1,0x0000000000000000,1514,1550,1482,1488,2012,1477,1486,1260,1701,988,1500,1500,1500,1500,1500,1500,1500,1500,1500,1500,1500,1500,1500,1500,1500,1500,1500,1500,1500,1500,1500,1500,7.4
2026-08-08,13:28:07.200,85.1,-0.7,-81,-77,100,9,1,8,10,-74,100,10,11.9,0.0,0,0,8,-81,-1024,27,8,-1024,-3,-560,-660,-1,0,-1,-1,-1,1,0,-1,0x0000000000000000,1514,1446,1539,1524,2012,1544,1526,1260,1701,988,1500,1500,1500,1500,1500,1500,1500,1500,1500,1500,1500,1500,1500,1500,1500,1500,1500,1500,1500,1500,1500,1500,7.4
2026-08-08,13:28:07.700,84.9,-0.3,-81,-80,100,10,1,8,10,-75,100,10,11.9,0.0,0,0,8,-7,-1024,290,8,-1024,-3,-560,-660,-1,0,-1,-1,-1,1,0,-1,0x0000000000000000,1514,1428,1610,1567,2012,1622,1572,1260,1701,988,1500,1500,1500,1500,1500,1500,1500,1500,1500,1500,1500,1500,1500,1500,1500,1500,1500,1500,1500,1500,1500,1500,7.4
2026-08-08,13:28:08.200,84.8,0.0,-87,-85,100,8,1,8,10,-81,100,10,11.9,0.0,0,0,8,5,-1024,-6,8,-1024,-3,-560,-660,-1,0,-1,-1,-1,1,0,-1,0x0000000000000000,1514,1424,1530,1518,2012,1534,1520,1260,1701,988,1500,1500,1500,1500,1500,1500,1500,1500,1500,1500,1500,1500,1500,1500,1500,1500,1500,1500,1500,1500,1500,1500,7.4
2026-08-08,13:28:08.700,84.8,-0.2,-87,-82,100,9,1,8,10,-74,100,11,11.9,0.0,0,0,8,6,-1024,-6,8,-1024,-3,-561,-660,-1,0,-1,-1,-1,1,0,-1,0x0000000000000000,1514,1424,1530,1518,2012,1534,1520,1260,1701,988,1500,1500,1500,1500,1500,1500,1500,1500,1500,1500,1500,1500,1500,1500,1500,1500,1500,1500,1500,1500,1500,1500,7.4
2026-08-08,13:28:09.200,84.9,0.1,-87,-84,100,7,1,8,10,-79,100,11,11.9,0.0,0,0,8,0,-1024,-5,8,-1024,-3,-561,-660,-1,0,-1,-1,-1,1,0,-1,0x0000000000000000,1514,1426,1530,1518,2012,1534,1520,1260,1701,988,1500,1500,1500,1500,1500,1500,1500,1500,1500,1500,1500,1500,1500,1500,1500,1500,1500,1500,1500,1500,1500,1500,7.4
2026-08-08,13:28:09.700,84.2,-0.9,-87,-84,100,7,1,8,25,-88,100,8,11.9,0.0,0,0,8,4,-1024,-6,8,-1024,-3,-560,-660,-1,0,-1,-1,-1,1,0,-1,0x0000000000000000,1514,1425,1530,1518,2012,1534,1520,1260,1701,988,1500,1500,1500,1500,1500,1500,1500,1500,1500,1500,1500,1500,1500,1500,1500,1500,1500,1500,1500,1500,1500,1500,7.4
2026-08-08,13:28:10.200,84.2,-0.3,-87,-85,100,7,1,8,10,-84,100,9,11.9,0.0,0,0,8,3,-1024,-6,8,-1024,-3,-561,-660,-1,0,-1,-1,-1,1,0,-1,0x0000000000000000,1514,1425,1530,1518,2012,1534,1520,1260,1701,988,1500,1500,1500,1500,1500,1500,1500,1500,1500,1500,1500,1500,1500,1500,1500,1500,1500,1500,1500,1500,1500,1500,7.4
2026-08-08,13:28:10.700,83.6,-1.4,-87,-84,100,9,1,8,10,-80,100,10,11.9,0.0,0,0,8,5,-1024,-6,8,-1024,-3,-560,-660,-1,0,-1,-1,-1,1,0,-1,0x0000000000000000,1514,1424,1530,1518,2012,1534,1520,1260,1701,988,1500,1500,1500,1500,1500,1500,1500,1500,1500,1500,1500,1500,1500,1500,1500,1500,1500,1500,1500,1500,1500,1500,7.4
2026-08-08,13:28:11.200,82.7,-2.0,-76,-86,100,10,0,8,10,-79,96,10,11.9,0.0,0,0,8,6,-1024,-6,8,-1024,-3,-560,-660,-1,0,-1,-1,-1,1,0,-1,0x0000000000000000,1514,1424,1530,1518,2012,1534,1520,1260,1701,988,1500,1500,1500,1500,1500,1500,1500,1500,1500,1500,1500,1500,1500,1500,1500,1500,1500,1500,1500,1500,1500,1500,7.4
2026-08-08,13:28:11.700,81.5,-2.1,-77,-86,100,10,0,8,10,-74,100,10,11.9,0.0,0,0,8,1,-1024,-6,8,-1024,-3,-560,-660,-1,0,-1,-1,-1,1,0,-1,0x0000000000000000,1514,1425,1530,1518,2012,1534,1520,1260,1701,988,1500,1500,1500,1500,1500,1500,1500,1500,1500,1500,1500,1500,1500,1500,1500,1500,1500,1500,1500,1500,1500,1500,7.4
2026-08-08,13:28:12.200,79.9,-3.0,-81,-89,100,9,0,8,10,-78,100,10,11.9,0.0,0,0,8,5,-1024,-7,8,-1024,-4,-560,-660,-1,0,-1,-1,-1,1,0,-1,0x0000000000000000,1514,1424,1530,1518,2012,1533,1520,1260,1701,988,1500,1500,1500,1500,1500,1500,1500,1500,1500,1500,1500,1500,1500,1500,1500,1500,1500,1500,1500,1500,1500,1500,7.4
2026-08-08,13:28:12.700,80.3,-0.1,-80,-89,100,9,0,8,10,-78,100,10,11.9,0.0,0,0,8,-1,-1024,-1023,9,-1024,-3,-560,-660,-1,0,-1,-1,-1,1,0,-1,0x0000000000000000,1514,1426,1289,1365,2012,1228,1342,1260,1701,988,1500,1500,1500,1500,1500,1500,1500,1500,1500,1500,1500,1500,1500,1500,1500,1500,1500,1500,1500,1500,1500,1500,7.4
2026-08-08,13:28:13.200,80.1,-0.3,-78,-89,100,11,0,8,10,-76,100,10,11.9,0.0,0,0,8,5,-1024,-7,8,-1024,-3,-560,-660,-1,0,-1,-1,-1,1,0,-1,0x0000000000000000,1514,1424,1530,1518,2012,1534,1520,1260,1701,988,1500,1500,1500,1500,1500,1500,1500,1500,1500,1500,1500,1500,1500,1500,1500,1500,1500,1500,1500,1500,1500,1500,7.4
2026-08-08,13:28:13.700,79.5,-1.0,-79,-89,100,10,0,8,10,-69,100,10,11.9,0.0,0,0,8,3,-1024,-7,8,-1024,-3,-560,-660,-1,0,-1,-1,-1,1,0,-1,0x0000000000000000,1514,1425,1530,1518,2012,1533,1520,1260,1701,988,1500,1500,1500,1500,1500,1500,1500,1500,1500,1500,1500,1500,1500,1500,1500,1500,1500,1500,1500,1500,1500,1500,7.4
2026-08-08,13:28:14.200,78.9,-1.2,-76,-89,100,11,0,8,10,-71,100,8,12.0,0.0,0,0,8,5,-1024,-7,8,-1024,-3,-560,-660,-1,0,-1,-1,-1,1,0,-1,0x0000000000000000,1514,1424,1530,1518,2012,1533,1520,1260,1701,988,1500,1500,1500,1500,1500,1500,1500,1500,1500,1500,1500,1500,1500,1500,1500,1500,1500,1500,1500,1500,1500,1500,7.4
2026-08-08,13:28:14.700,78.1,-1.5,-78,-89,100,10,0,8,10,-76,100,10,12.0,0.0,0,0,8,5,-1024,-6,8,-1024,-3,-561,-660,-1,0,-1,-1,-1,1,0,-1,0x0000000000000000,1514,1424,1530,1518,2012,1534,1520,1260,1701,988,1500,1500,1500,1500,1500,1500,1500,1500,1500,1500,1500,1500,1500,1500,1500,1500,1500,1500,1500,1500,1500,1500,7.4
2026-08-08,13:28:15.200,77.2,-1.8,-76,-89,100,11,0,8,10,-76,100,10,11.9,0.0,0,0,8,4,-1024,-10,8,-1024,-3,-560,-660,-1,0,-1,-1,-1,1,0,-1,0x0000000000000000,1514,1425,1529,1518,2012,1532,1519,1260,1701,988,1500,1500,1500,1500,1500,1500,1500,1500,1500,1500,1500,1500,1500,1500,1500,1500,1500,1500,1500,1500,1500,1500,7.4
2026-08-08,13:28:15.700,76.5,-1.5,-76,-89,100,11,0,8,10,-69,100,10,11.9,0.0,0,0,8,5,-1024,-6,8,-1024,-3,-560,-660,-1,0,-1,-1,-1,1,0,-1,0x0000000000000000,1514,1424,1530,1518,2012,1534,1520,1260,1701,988,1500,1500,1500,1500,1500,1500,1500,1500,1500,1500,1500,1500,1500,1500,1500,1500,1500,1500,1500,1500,1500,1500,7.4
2026-08-08,13:28:16.200,75.0,-2.6,-80,-89,100,4,0,8,25,-78,100,11,11.9,0.0,0,0,8,5,-1024,-7,8,-1024,-3,-560,-660,-1,0,-1,-1,-1,1,0,-1,0x0000000000000000,1514,1424,1530,1518,2012,1533,1520,1260,1701,988,1500,1500,1500,1500,1500,1500,1500,1500,1500,1500,1500,1500,1500,1500,1500,1500,1500,1500,1500,1500,1500,1500,7.4
2026-08-08,13:28:16.700,74.2,-1.8,-77,-89,100,10,0,8,10,-71,100,10,11.9,0.0,0,0,8,5,-1024,-7,8,-1024,-3,-561,-660,-1,0,-1,-1,-1,1,0,-1,0x0000000000000000,1514,1424,1530,1518,2012,1533,1520,1260,1701,988,1500,1500,1500,1500,1500,1500,1500,1500,1500,1500,1500,1500,1500,1500,1500,1500,1500,1500,1500,1500,1500,1500,7.4
2026-08-08,13:28:17.200,73.1,-2.1,-74,-89,100,11,0,8,10,-67,96,11,11.9,0.0,0,0,8,5,-1024,-6,8,-1024,-3,-560,-660,-1,0,-1,-1,-1,1,0,-1,0x0000000000000000,1514,1424,1530,1518,2012,1534,1520,1260,1701,988,1500,1500,1500,1500,1500,1500,1500,1500,1500,1500,1500,1500,1500,1500,1500,1500,1500,1500,1500,1500,1500,1500,7.4
2026-08-08,13:28:17.700,72.3,-1.5,-74,-89,100,11,0,8,10,-69,100,10,11.9,0.0,0,0,8,-185,-1024,-230,8,-1024,-3,-560,-660,-1,0,-1,-1,-1,1,0,-1,0x0000000000000000,1514,1472,1474,1484,2012,1467,1481,1260,1701,988,1500,1500,1500,1500,1500,1500,1500,1500,1500,1500,1500,1500,1500,1500,1500,1500,1500,1500,1500,1500,1500,1500,7.4
2026-08-08,13:28:18.200,71.8,-0.7,-72,-89,100,11,0,8,10,-71,100,11,11.9,0.0,0,0,8,5,-1024,-6,8,-1024,-4,-560,-660,-1,0,-1,-1,-1,1,0,-1,0x0000000000000000,1514,1424,1530,1518,2012,1534,1520,1260,1701,988,1500,1500,1500,1500,1500,1500,1500,1500,1500,1500,1500,1500,1500,1500,1500,1500,1500,1500,1500,1500,1500,1500,7.4
2026-08-08,13:28:18.700,71.5,-0.5,-72,-89,100,11,0,8,10,-66,100,10,11.9,0.0,0,0,8,5,-1024,-7,8,-1024,-3,-561,-659,-1,0,-1,-1,-1,1,0,-1,0x0000000000000000,1514,1424,1530,1518,2012,1533,1520,1260,1701,988,1500,1500,1500,1500,1500,1500,1500,1500,1500,1500,1500,1500,1500,1500,1500,1500,1500,1500,1500,1500,1500,1500,7.4
2026-08-08,13:28:19.200,71.5,0.0,-74,-89,100,11,0,8,10,-73,100,11,11.9,0.0,0,0,8,5,-1024,-6,8,-1024,-3,-561,-660,-1,0,-1,-1,-1,1,0,-1,0x0000000000000000,1514,1424,1530,1518,2012,1534,1520,1260,1701,988,1500,1500,1500,1500,1500,1500,1500,1500,1500,1500,1500,1500,1500,1500,1500,1500,1500,1500,1500,1500,1500,1500,7.4
2026-08-08,13:28:19.700,71.0,-1.1,-76,-80,100,11,0,8,10,-71,100,11,11.9,0.0,0,0,8,5,-1024,-7,8,-1024,-3,-560,-660,-1,0,-1,-1,-1,1,0,-1,0x0000000000000000,1514,1424,1530,1518,2012,1533,1520,1260,1701,988,1500,1500,1500,1500,1500,1500,1500,1500,1500,1500,1500,1500,1500,1500,1500,1500,1500,1500,1500,1500,1500,1500,7.4
2026-08-08,13:28:20.200,70.1,-1.6,-76,-80,100,10,0,8,10,-73,100,10,11.9,0.0,0,0,8,5,-1024,-6,8,-1024,-4,-560,-660,-1,0,-1,-1,-1,1,0,-1,0x0000000000000000,1514,1426,1530,1518,2012,1534,1520,1260,1701,988,1500,1500,1500,1500,1500,1500,1500,1500,1500,1500,1500,1500,1500,1500,1500,1500,1500,1500,1500,1500,1500,1500,7.4
2026-08-08,13:28:20.700,69.7,-0.8,-80,-80,100,9,0,8,10,-81,100,10,11.9,0.0,0,0,8,5,-1024,-6,8,-1024,-3,-560,-660,-1,0,-1,-1,-1,1,0,-1,0x0000000000000000,1514,1428,1530,1518,2012,1534,1520,1260,1701,988,1500,1500,1500,1500,1500,1500,1500,1500,1500,1500,1500,1500,1500,1500,1500,1500,1500,1500,1500,1500,1500,1500,7.4
2026-08-08,13:28:21.200,68.8,-1.6,-86,-75,100,11,1,8,10,-72,100,11,12.0,0.0,0,0,8,5,-1024,-7,8,-1024,-4,-560,-660,-1,0,-1,-1,-1,1,0,-1,0x0000000000000000,1514,1428,1530,1518,2012,1533,1520,1260,1701,988,1500,1500,1500,1500,1500,1500,1500,1500,1500,1500,1500,1500,1500,1500,1500,1500,1500,1500,1500,1500,1500,1500,7.4
2026-08-08,13:28:21.700,67.6,-2.2,-86,-74,100,11,1,8,10,-67,100,11,12.0,0.0,0,0,8,-216,-1024,-27,8,-1024,-3,-560,-660,-1,0,-1,-1,-1,1,0,-1,0x0000000000000000,1514,1486,1525,1515,2012,1527,1516,1260,1701,988,1500,1500,1500,1500,1500,1500,1500,1500,1500,1500,1500,1500,1500,1500,1500,1500,1500,1500,1500,1500,1500,1500,7.4
2026-08-08,13:28:22.200,66.4,-2.4,-86,-75,100,10,1,8,10,-70,100,12,11.9,0.0,0,0,8,5,-1024,-7,8,-1024,-4,-560,-660,-1,0,-1,-1,-1,1,0,-1,0x0000000000000000,1514,1428,1530,1518,2012,1533,1520,1260,1701,988,1500,1500,1500,1500,1500,1500,1500,1500,1500,1500,1500,1500,1500,1500,1500,1500,1500,1500,1500,1500,1500,1500,7.4
2026-08-08,13:28:22.700,65.2,-2.5,-86,-75,100,10,1,8,10,-68,100,10,11.9,0.0,0,0,7,5,-1024,-7,8,-1024,-3,-561,-660,-1,0,-1,-1,-1,1,0,-1,0x0000000000000000,1514,1428,1530,1518,2012,1533,1520,1260,1701,988,1500,1500,1500,1500,1500,1500,1500,1500,1500,1500,1500,1500,1500,1500,1500,1500,1500,1500,1500,1500,1500,1500,7.4
2026-08-08,13:28:23.200,64.6,-1.8,-86,-76,100,10,1,8,10,-70,100,11,11.9,0.0,0,0,8,5,-1024,-6,8,-1024,-3,-560,-660,-1,0,-1,-1,-1,1,0,-1,0x0000000000000000,1514,1428,1530,1518,2012,1534,1520,1260,1701,988,1500,1500,1500,1500,1500,1500,1500,1500,1500,1500,1500,1500,1500,1500,1500,1500,1500,1500,1500,1500,1500,1500,7.3
2026-08-08,13:28:23.700,64.1,-1.0,-76,-80,100,10,0,8,10,-75,100,10,11.9,0.0,0,0,8,5,-1024,-6,8,-1024,-3,-560,-660,-1,0,-1,-1,-1,1,0,-1,0x0000000000000000,1514,1428,1530,1518,2012,1534,1520,1260,1701,988,1500,1500,1500,1500,1500,1500,1500,1500,1500,1500,1500,1500,1500,1500,1500,1500,1500,1500,1500,1500,1500,1500,7.3
2026-08-08,13:28:24.200,63.7,-0.8,-77,-80,100,11,0,8,10,-71,100,10,12.0,0.0,0,0,8,6,-1024,-8,8,-1024,-3,-561,-660,-1,0,-1,-1,-1,1,0,-1,0x0000000000000000,1514,1428,1530,1518,2012,1533,1519,1260,1701,988,1500,1500,1500,1500,1500,1500,1500,1500,1500,1500,1500,1500,1500,1500,1500,1500,1500,1500,1500,1500,1500,1500,7.3
2026-08-08,13:28:24.700,63.3,-0.7,-80,-80,100,8,0,8,10,-72,100,11,12.0,0.0,0,0,8,-54,-1024,-12,8,-1024,-4,-560,-660,-1,0,-1,-1,-1,1,0,-1,0x0000000000000000,1514,1443,1529,1517,2012,1532,1519,1260,1701,988,1500,1500,1500,1500,1500,1500,1500,1500,1500,1500,1500,1500,1500,1500,1500,1500,1500,1500,1500,1500,1500,1500,7.3
2026-08-08,13:28:25.200,63.1,-0.4,-77,-80,100,10,0,8,10,-68,100,11,12.0,0.0,0,0,7,5,-1024,-7,8,-1024,-3,-560,-660,-1,0,-1,-1,-1,1,0,-1,0x0000000000000000,1514,1428,1530,1518,2012,1533,1520,1260,1701,988,1500,1500,1500,1500,1500,1500,1500,1500,1500,1500,1500,1500,1500,1500,1500,1500,1500,1500,1500,1500,1500,1500,7.3
2026-08-08,13:28:25.700,62.9,-0.1,-75,-80,100,11,0,8,10,-69,100,10,11.9,0.0,0,0,8,5,-1024,-7,8,-1024,-4,-560,-660,-1,0,-1,-1,-1,1,0,-1,0x0000000000000000,1514,1428,1530,1518,2012,1533,1520,1260,1701,988,1500,1500,1500,1500,1500,1500,1500,1500,1500,1500,1500,1500,1500,1500,1500,1500,1500,1500,1500,1500,1500,1500,7.3
2026-08-08,13:28:26.200,63.2,0.3,-76,-80,100,10,0,8,10,-67,100,12,11.9,0.0,0,0,7,5,-1024,-6,8,-1024,-3,-560,-660,-1,0,-1,-1,-1,1,0,-1,0x0000000000000000,1514,1428,1530,1518,2012,1534,1520,1260,1701,988,1500,1500,1500,1500,1500,1500,1500,1500,1500,1500,1500,1500,1500,1500,1500,1500,1500,1500,1500,1500,1500,1500,7.3
2026-08-08,13:28:26.700,63.1,-0.1,-73,-80,100,10,0,8,10,-70,100,11,11.9,0.0,0,0,8,5,-1024,-7,8,-1024,-3,-560,-660,-1,0,-1,-1,-1,1,0,-1,0x0000000000000000,1514,1428,1530,1518,2012,1533,1520,1260,1701,988,1500,1500,1500,1500,1500,1500,1500,1500,1500,1500,1500,1500,1500,1500,1500,1500,1500,1500,1500,1500,1500,1500,7.3
2026-08-08,13:28:27.200,63.7,0.7,-79,-78,100,10,1,8,10,-72,100,10,11.9,0.0,0,0,7,5,-1024,-7,8,-1024,-4,-560,-660,-1,0,-1,-1,-1,1,0,-1,0x0000000000000000,1514,1428,1530,1518,2012,1533,1520,1260,1701,988,1500,1500,1500,1500,1500,1500,1500,1500,1500,1500,1500,1500,1500,1500,1500,1500,1500,1500,1500,1500,1500,1500,7.3
2026-08-08,13:28:27.700,64.1,0.7,-77,-84,100,10,0,8,10,-71,100,10,11.9,0.0,0,0,7,4,-1024,-7,8,-1024,-3,-560,-660,-1,0,-1,-1,-1,1,0,-1,0x0000000000000000,1514,1429,1530,1518,2012,1533,1520,1260,1701,988,1500,1500,1500,1500,1500,1500,1500,1500,1500,1500,1500,1500,1500,1500,1500,1500,1500,1500,1500,1500,1500,1500,7.3
2026-08-08,13:28:28.200,64.3,0.6,-75,-84,100,10,0,8,10,-70,100,11,11.9,0.0,0,0,7,5,-1024,-7,8,-1024,-3,-561,-660,-1,0,-1,-1,-1,1,0,-1,0x0000000000000000,1514,1428,1530,1518,2012,1533,1520,1260,1701,988,1500,1500,1500,1500,1500,1500,1500,1500,1500,1500,1500,1500,1500,1500,1500,1500,1500,1500,1500,1500,1500,1500,7.3
2026-08-08,13:28:28.700,64.9,1.1,-70,-84,100,10,0,8,10,-64,100,10,12.0,0.0,0,0,7,5,-1024,-7,8,-1024,-3,-561,-660,-1,0,-1,-1,-1,1,0,-1,0x0000000000000000,1514,1428,1530,1518,2012,1533,1520,1260,1701,988,1500,1500,1500,1500,1500,1500,1500,1500,1500,1500,1500,1500,1500,1500,1500,1500,1500,1500,1500,1500,1500,1500,7.3
2026-08-08,13:28:29.200,65.0,0.1,-69,-84,100,11,0,8,10,-63,100,11,12.0,0.0,0,0,7,5,-1024,-7,8,-1024,-3,-561,-660,-1,0,-1,-1,-1,1,0,-1,0x0000000000000000,1514,1428,1530,1518,2012,1533,1520,1260,1701,988,1500,1500,1500,1500,1500,1500,1500,1500,1500,1500,1500,1500,1500,1500,1500,1500,1500,1500,1500,1500,1500,1500,7.3
2026-08-08,13:28:29.700,65.4,0.6,-68,-84,100,10,0,8,10,-63,100,11,12.0,0.0,0,0,8,5,-1024,-7,8,-1024,-3,-560,-660,-1,0,-1,-1,-1,1,0,-1,0x0000000000000000,1514,1428,1530,1518,2012,1533,1520,1260,1701,988,1500,1500,1500,1500,1500,1500,1500,1500,1500,1500,1500,1500,1500,1500,1500,1500,1500,1500,1500,1500,1500,1500,7.3
2026-08-08,13:28:30.200,65.4,0.1,-67,-84,100,11,0,8,10,-63,100,10,12.0,0.0,0,0,7,2,-1024,-15,8,-1024,-3,-561,-660,-1,0,-1,-1,-1,1,0,-1,0x0000000000000000,1514,1429,1528,1517,2012,1531,1518,1260,1701,988,1500,1500,1500,1500,1500,1500,1500,1500,1500,1500,1500,1500,1500,1500,1500,1500,1500,1500,1500,1500,1500,1500,7.3
2026-08-08,13:28:30.700,65.3,-0.3,-68,-84,100,10,0,8,10,-64,100,11,12.0,0.0,0,0,8,3,-1024,-9,8,-1024,-3,-560,-660,-1,0,-1,-1,-1,1,0,-1,0x0000000000000000,1514,1429,1530,1518,2012,1533,1519,1260,1701,988,1500,1500,1500,1500,1500,1500,1500,1500,1500,1500,1500,1500,1500,1500,1500,1500,1500,1500,1500,1500,1500,1500,7.3
2026-08-08,13:28:31.200,64.4,-1.5,-69,-84,100,11,0,8,10,-64,100,11,12.0,0.0,0,0,8,-1,-1024,-11,8,-1024,-3,-561,-660,-1,0,-1,-1,-1,1,0,-1,0x0000000000000000,1514,1429,1529,1517,2012,1532,1519,1260,1701,988,1500,1500,1500,1500,1500,1500,1500,1500,1500,1500,1500,1500,1500,1500,1500,1500,1500,1500,1500,1500,1500,1500,7.3
2026-08-08,13:28:31.700,63.4,-2.1,-68,-84,100,11,0,8,10,-62,100,10,12.0,0.0,0,0,8,-3,-1024,-9,8,-1024,-3,-560,-660,-1,0,-1,-1,-1,1,0,-1,0x0000000000000000,1514,1430,1530,1518,2012,1533,1519,1260,1701,988,1500,1500,1500,1500,1500,1500,1500,1500,1500,1500,1500,1500,1500,1500,1500,1500,1500,1500,1500,1500,1500,1500,7.3
2026-08-08,13:28:32.200,62.4,-2.0,-69,-84,100,11,0,8,10,-65,100,10,12.0,0.0,0,0,8,-62,-1024,-7,8,-1024,-3,-560,-660,-1,0,-1,-1,-1,1,0,-1,0x0000000000000000,1514,1445,1530,1518,2012,1533,1520,1260,1701,988,1500,1500,1500,1500,1500,1500,1500,1500,1500,1500,1500,1500,1500,1500,1500,1500,1500,1500,1500,1500,1500,1500,7.3
2026-08-08,13:28:32.700,61.5,-1.2,-69,-84,100,11,0,8,10,-64,100,10,12.0,0.0,0,0,8,1,-1024,-8,8,-1024,-3,-560,-660,-1,0,-1,-1,-1,1,0,-1,0x0000000000000000,1514,1429,1530,1518,2012,1533,1519,1260,1701,988,1500,1500,1500,1500,1500,1500,1500,1500,1500,1500,1500,1500,1500,1500,1500,1500,1500,1500,1500,1500,1500,1500,7.3
2026-08-08,13:28:33.200,60.8,-1.2,-68,-84,100,11,0,8,10,-66,100,10,12.0,0.0,0,0,8,-19,-1024,-41,8,-1024,-3,-561,-659,-1,0,-1,-1,-1,1,0,-1,0x0000000000000000,1514,1434,1521,1513,2012,1523,1514,1260,1701,988,1500,1500,1500,1500,1500,1500,1500,1500,1500,1500,1500,1500,1500,1500,1500,1500,1500,1500,1500,1500,1500,1500,7.3
2026-08-08,13:28:33.700,60.4,-0.9,-70,-84,100,11,0,8,10,-62,100,11,11.9,0.0,0,0,7,-386,-1024,-421,8,-1024,-3,-560,-660,-1,0,-1,-1,-1,1,0,-1,0x0000000000000000,1514,1537,1430,1455,2012,1409,1447,1260,1701,988,1500,1500,1500,1500,1500,1500,1500,1500,1500,1500,1500,1500,1500,1500,1500,1500,1500,1500,1500,1500,1500,1500,7.3
2026-08-08,13:28:34.200,59.8,-0.3,-72,-84,100,11,0,8,10,-68,100,11,11.9,0.0,0,0,-19,-88,-1024,-50,8,-1024,-3,-560,-660,-1,0,-1,-1,-1,1,0,-1,0x0000000000000000,1507,1451,1519,1511,2012,1521,1512,1260,1701,988,1500,1500,1500,1500,1500,1500,1500,1500,1500,1500,1500,1500,1500,1500,1500,1500,1500,1500,1500,1500,1500,1500,7.3
2026-08-08,13:28:34.700,60.4,1.2,-73,-78,100,11,0,8,10,-70,100,10,11.9,0.0,0,0,7,6,-1024,-9,8,-1024,-3,-560,-660,-1,0,-1,-1,-1,1,0,-1,0x0000000000000000,1514,1428,1530,1518,2012,1533,1519,1260,1701,988,1500,1500,1500,1500,1500,1500,1500,1500,1500,1500,1500,1500,1500,1500,1500,1500,1500,1500,1500,1500,1500,1500,7.3
2026-08-08,13:28:35.200,61.6,1.8,-85,-85,100,8,1,8,25,-84,100,9,11.9,0.0,0,0,-638,-229,-1024,-6,8,-1024,-4,-560,-659,-1,0,-1,-1,-1,1,0,-1,0x0000000000000000,1323,1490,1530,1518,2012,1534,1520,1260,1701,988,1500,1500,1500,1500,1500,1500,1500,1500,1500,1500,1500,1500,1500,1500,1500,1500,1500,1500,1500,1500,1500,1500,7.3
2026-08-08,13:28:35.700,62.1,1.0,-85,-83,100,9,1,8,10,-74,100,10,11.9,0.0,0,0,-27,-299,-1024,-270,8,-1024,-3,-560,-660,-1,0,-1,-1,-1,1,0,-1,0x0000000000000000,1505,1510,1465,1478,2012,1455,1474,1260,1701,988,1500,1500,1500,1500,1500,1500,1500,1500,1500,1500,1500,1500,1500,1500,1500,1500,1500,1500,1500,1500,1500,1500,7.3
2026-08-08,13:28:36.200,62.6,0.9,-85,-82,100,9,1,8,10,-76,100,11,11.9,0.0,0,0,-140,-359,-1024,-9,8,-1024,-3,-560,-660,-1,0,-1,-1,-1,1,0,-1,0x0000000000000000,1479,1528,1530,1518,2012,1533,1519,1260,1701,988,1500,1500,1500,1500,1500,1500,1500,1500,1500,1500,1500,1500,1500,1500,1500,1500,1500,1500,1500,1500,1500,1500,7.3
2026-08-08,13:28:36.700,62.3,-0.5,-85,-83,100,10,1,8,10,-76,100,10,11.9,0.0,0,0,7,-287,-1024,279,8,-1024,-3,-560,-660,-1,0,-1,-1,-1,1,0,-1,0x0000000000000000,1514,1507,1607,1565,2012,1618,1570,1260,1701,988,1500,1500,1500,1500,1500,1500,1500,1500,1500,1500,1500,1500,1500,1500,1500,1500,1500,1500,1500,1500,1500,1500,7.3
2026-08-08,13:28:37.200,61.1,-2.0,-85,-82,100,9,1,8,10,-75,100,10,11.9,0.0,0,0,7,-431,-1024,372,8,-1024,-3,-561,-660,-1,0,-1,-1,-1,1,0,-1,0x0000000000000000,1514,1551,1631,1580,2012,1646,1586,1260,1701,988,1500,1500,1500,1500,1500,1500,1500,1500,1500,1500,1500,1500,1500,1500,1500,1500,1500,1500,1500,1500,1500,1500,7.3
2026-08-08,13:28:37.700,60.0,-1.9,-85,-78,100,9,1,8,10,-73,100,11,12.0,0.0,0,0,7,-298,-1024,657,8,-1024,-3,-560,-660,-1,0,-1,-1,-1,1,0,-1,0x0000000000000000,1514,1510,1708,1627,2012,1731,1636,1260,1701,988,1500,1500,1500,1500,1500,1500,1500,1500,1500,1500,1500,1500,1500,1500,1500,1500,1500,1500,1500,1500,1500,1500,7.3
2026-08-08,13:28:38.200,59.4,-1.4,-85,-80,100,10,1,8,10,-80,100,10,12.0,0.0,0,0,7,5,-1024,-6,8,-1024,-4,-560,-660,-1,0,-1,-1,-1,1,0,-1,0x0000000000000000,1514,1428,1530,1518,2012,1534,1520,1260,1701,988,1500,1500,1500,1500,1500,1500,1500,1500,1500,1500,1500,1500,1500,1500,1500,1500,1500,1500,1500,1500,1500,1500,7.3
2026-08-08,13:28:38.700,58.7,-1.4,-85,-81,100,10,1,8,10,-84,100,10,11.9,0.0,0,0,7,5,-1024,-6,8,-1024,-4,-560,-660,-1,0,-1,-1,-1,1,0,-1,0x0000000000000000,1514,1428,1530,1518,2012,1534,1520,1260,1701,988,1500,1500,1500,1500,1500,1500,1500,1500,1500,1500,1500,1500,1500,1500,1500,1500,1500,1500,1500,1500,1500,1500,7.3
2026-08-08,13:28:39.200,57.6,-2.3,-77,-84,100,11,0,8,10,-74,100,10,11.9,0.0,0,0,7,5,-1024,-6,8,-1024,-3,-560,-660,-1,0,-1,-1,-1,1,0,-1,0x0000000000000000,1514,1428,1530,1518,2012,1534,1520,1260,1701,988,1500,1500,1500,1500,1500,1500,1500,1500,1500,1500,1500,1500,1500,1500,1500,1500,1500,1500,1500,1500,1500,1500,7.3
2026-08-08,13:28:39.700,55.7,-3.3,-92,-87,99,3,1,8,50,-82,100,10,11.9,0.0,0,0,7,5,-1024,-6,8,-1024,-3,-561,-660,-1,0,-1,-1,-1,1,0,-1,0x0000000000000000,1514,1428,1530,1518,2012,1534,1520,1260,1701,988,1500,1500,1500,1500,1500,1500,1500,1500,1500,1500,1500,1500,1500,1500,1500,1500,1500,1500,1500,1500,1500,1500,7.3
2026-08-08,13:28:40.200,55.7,-0.5,-74,-87,99,10,0,8,10,-84,92,7,11.9,0.0,0,0,7,5,-1024,-6,8,-1024,-4,-560,-660,-1,0,-1,-1,-1,1,0,-1,0x0000000000000000,1514,1428,1530,1518,2012,1534,1520,1260,1701,988,1500,1500,1500,1500,1500,1500,1500,1500,1500,1500,1500,1500,1500,1500,1500,1500,1500,1500,1500,1500,1500,1500,7.3
2026-08-08,13:28:40.700,55.4,-0.4,-82,-84,95,8,1,8,10,-81,100,10,11.9,0.0,0,0,7,5,-1024,-6,8,-1024,-4,-561,-660,-1,0,-1,-1,-1,1,0,-1,0x0000000000000000,1514,1428,1530,1518,2012,1534,1520,1260,1701,988,1500,1500,1500,1500,1500,1500,1500,1500,1500,1500,1500,1500,1500,1500,1500,1500,1500,1500,1500,1500,1500,1500,7.3
2026-08-08,13:28:41.200,55.3,0.2,-81,-86,100,11,0,8,10,-72,100,11,11.9,0.0,0,0,7,5,-1024,-6,8,-1024,-4,-560,-659,-1,0,-1,-1,-1,1,0,-1,0x0000000000000000,1514,1428,1530,1518,2012,1534,1520,1260,1701,988,1500,1500,1500,1500,1500,1500,1500,1500,1500,1500,1500,1500,1500,1500,1500,1500,1500,1500,1500,1500,1500,1500,7.3
2026-08-08,13:28:41.700,55.4,0.6,-75,-86,100,10,0,8,10,-70,100,11,11.9,0.0,0,0,7,5,-1024,-6,8,-1024,-3,-561,-660,-1,0,-1,-1,-1,1,0,-1,0x0000000000000000,1514,1428,1530,1518,2012,1534,1520,1260,1701,988,1500,1500,1500,1500,1500,1500,1500,1500,1500,1500,1500,1500,1500,1500,1500,1500,1500,1500,1500,1500,1500,1500,7.3
2026-08-08,13:28:42.200,55.9,0.3,-76,-86,100,11,0,8,10,-72,100,11,11.9,0.0,0,0,7,5,-1024,-6,8,-1024,-4,-560,-660,-1,0,-1,-1,-1,1,0,-1,0x0000000000000000,1514,1428,1530,1518,2012,1534,1520,1260,1701,988,1500,1500,1500,1500,1500,1500,1500,1500,1500,1500,1500,1500,1500,1500,1500,1500,1500,1500,1500,1500,1500,1500,7.3
2026-08-08,13:28:42.700,55.4,-0.4,-75,-86,100,10,0,8,10,-70,100,11,11.9,0.0,0,0,7,5,-1024,-8,8,-1024,-3,-560,-660,-1,0,-1,-1,-1,1,0,-1,0x0000000000000000,1514,1428,1530,1518,2012,1533,1519,1260,1701,988,1500,1500,1500,1500,1500,1500,1500,1500,1500,1500,1500,1500,1500,1500,1500,1500,1500,1500,1500,1500,1500,1500,7.3
2026-08-08,13:28:43.200,54.7,-2.0,-75,-86,100,11,0,8,10,-69,100,10,11.9,0.0,0,0,7,6,-1024,-6,8,-1024,-3,-560,-660,-1,0,-1,-1,-1,1,0,-1,0x0000000000000000,1514,1428,1530,1518,2012,1534,1520,1260,1701,988,1500,1500,1500,1500,1500,1500,1500,1500,1500,1500,1500,1500,1500,1500,1500,1500,1500,1500,1500,1500,1500,1500,7.3
2026-08-08,13:28:43.700,53.5,-2.9,-74,-86,100,10,0,8,10,-69,100,11,11.9,0.0,0,0,8,5,-1024,-6,8,-1024,-4,-560,-660,-1,0,-1,-1,-1,1,0,-1,0x0000000000000000,1514,1428,1530,1518,2012,1534,1520,1260,1701,988,1500,1500,1500,1500,1500,1500,1500,1500,1500,1500,1500,1500,1500,1500,1500,1500,1500,1500,1500,1500,1500,1500,7.3
2026-08-08,13:28:44.200,54.4,0.8,-73,-86,100,11,0,8,10,-68,100,11,11.9,0.0,0,0,8,5,-1024,-6,8,-1024,-3,-560,-660,-1,0,-1,-1,-1,1,0,-1,0x0000000000000000,1514,1428,1530,1518,2012,1534,1520,1260,1701,988,1500,1500,1500,1500,1500,1500,1500,1500,1500,1500,1500,1500,1500,1500,1500,1500,1500,1500,1500,1500,1500,1500,7.3
2026-08-08,13:28:44.700,54.8,0.7,-74,-86,100,12,0,8,10,-70,100,10,12.0,0.0,0,0,8,-57,-1024,-433,8,-1024,-4,-560,-660,-1,0,-1,-1,-1,1,0,-1,0x0000000000000000,1514,1443,1427,1453,2012,1406,1445,1260,1701,988,1500,1500,1500,1500,1500,1500,1500,1500,1500,1500,1500,1500,1500,1500,1500,1500,1500,1500,1500,1500,1500,1500,7.3
2026-08-08,13:28:45.200,55.0,0.6,-76,-86,100,11,0,8,10,-73,100,10,12.0,0.0,0,0,7,5,-1024,-6,8,-1024,-3,-561,-660,-1,0,-1,-1,-1,1,0,-1,0x0000000000000000,1514,1428,1530,1518,2012,1533,1520,1260,1701,988,1500,1500,1500,1500,1500,1500,1500,1500,1500,1500,1500,1500,1500,1500,1500,1500,1500,1500,1500,1500,1500,1500,7.3
2026-08-08,13:28:45.700,55.1,0.0,-90,-85,100,10,1,8,50,-80,100,10,11.9,0.0,0,0,7,-28,-1024,-540,9,-1024,-3,-560,-660,-1,0,-1,-1,-1,1,0,-1,0x0000000000000000,1514,1436,1402,1437,2012,1374,1427,1260,1701,988,1500,1500,1500,1500,1500,1500,1500,1500,1500,1500,1500,1500,1500,1500,1500,1500,1500,1500,1500,1500,1500,1500,7.3
2026-08-08,13:28:46.200,54.9,-0.5,-81,-85,99,8,0,8,10,-76,100,11,11.9,0.0,0,0,7,5,-1024,-6,8,-1024,-3,-561,-659,-1,0,-1,-1,-1,1,0,-1,0x0000000000000000,1514,1428,1530,1518,2012,1534,1520,1260,1701,988,1500,1500,1500,1500,1500,1500,1500,1500,1500,1500,1500,1500,1500,1500,1500,1500,1500,1500,1500,1500,1500,1500,7.3
2026-08-08,13:28:46.700,54.1,-1.6,-77,-85,100,9,0,8,10,-75,96,10,11.9,0.0,0,0,7,5,-1024,-7,8,-1024,-4,-560,-660,-1,0,-1,-1,-1,1,0,-1,0x0000000000000000,1514,1428,1530,1518,2012,1533,1520,1260,1701,988,1500,1500,1500,1500,1500,1500,1500,1500,1500,1500,1500,1500,1500,1500,1500,1500,1500,1500,1500,1500,1500,1500,7.3
2026-08-08,13:28:47.200,53.7,-0.9,-82,-79,100,10,1,8,10,-72,100,10,11.9,0.0,0,0,7,5,-1024,-6,8,-1024,-3,-561,-660,-1,0,-1,-1,-1,1,0,-1,0x0000000000000000,1514,1428,1530,1518,2012,1534,1520,1260,1701,988,1500,1500,1500,1500,1500,1500,1500,1500,1500,1500,1500,1500,1500,1500,1500,1500,1500,1500,1500,1500,1500,1500,7.3
2026-08-08,13:28:47.700,52.9,-1.5,-82,-78,100,10,1,8,10,-73,100,12,11.9,0.0,0,0,7,5,-1024,-6,8,-1024,-4,-560,-660,-1,0,-1,-1,-1,1,0,-1,0x0000000000000000,1514,1428,1530,1518,2012,1534,1520,1260,1701,988,1500,1500,1500,1500,1500,1500,1500,1500,1500,1500,1500,1500,1500,1500,1500,1500,1500,1500,1500,1500,1500,1500,7.3
2026-08-08,13:28:48.200,51.7,-2.3,-82,-78,100,10,1,8,10,-76,100,12,11.9,0.0,0,0,7,5,-1024,-6,8,-1024,-4,-560,-660,-1,0,-1,-1,-1,1,0,-1,0x0000000000000000,1514,1428,1530,1518,2012,1534,1520,1260,1701,988,1500,1500,1500,1500,1500,1500,1500,1500,1500,1500,1500,1500,1500,1500,1500,1500,1500,1500,1500,1500,1500,1500,7.3
2026-08-08,13:28:48.700,51.3,-1.1,-82,-78,100,10,1,8,10,-72,100,10,11.9,0.0,0,0,7,5,-1024,-6,8,-1024,-4,-560,-660,-1,0,-1,-1,-1,1,0,-1,0x0000000000000000,1514,1428,1530,1518,2012,1534,1520,1260,1701,988,1500,1500,1500,1500,1500,1500,1500,1500,1500,1500,1500,1500,1500,1500,1500,1500,1500,1500,1500,1500,1500,1500,7.3
2026-08-08,13:28:49.200,50.5,-1.5,-82,-82,100,8,1,8,10,-79,92,7,11.9,0.0,0,0,7,5,-1024,-6,8,-1024,-3,-560,-660,-1,0,-1,-1,-1,1,0,-1,0x0000000000000000,1514,1428,1530,1518,2012,1534,1520,1260,1701,988,1500,1500,1500,1500,1500,1500,1500,1500,1500,1500,1500,1500,1500,1500,1500,1500,1500,1500,1500,1500,1500,1500,7.3
2026-08-08,13:28:49.700,49.2,-2.3,-78,-83,100,10,0,8,10,-74,96,11,11.9,0.0,0,0,7,5,-1024,-6,8,-1024,-3,-560,-660,-1,0,-1,-1,-1,1,0,-1,0x0000000000000000,1514,1428,1530,1518,2012,1534,1520,1260,1701,988,1500,1500,1500,1500,1500,1500,1500,1500,1500,1500,1500,1500,1500,1500,1500,1500,1500,1500,1500,1500,1500,1500,7.3
2026-08-08,13:28:50.200,47.8,-2.6,-81,-83,100,8,0,8,10,-76,100,11,11.9,0.0,0,0,7,-102,-1024,-5,8,-1024,-4,-560,-660,-1,0,-1,-1,-1,1,0,-1,0x0000000000000000,1514,1455,1530,1518,2012,1534,1520,1260,1701,988,1500,1500,1500,1500,1500,1500,1500,1500,1500,1500,1500,1500,1500,1500,1500,1500,1500,1500,1500,1500,1500,1500,7.3
2026-08-08,13:28:50.700,46.6,-2.6,-76,-90,99,11,0,8,10,-70,100,12,11.9,0.0,0,0,7,-55,-1024,-10,8,-1024,-3,-560,-660,-1,0,-1,-1,-1,1,0,-1,0x0000000000000000,1514,1443,1529,1518,2012,1532,1519,1260,1701,988,1500,1500,1500,1500,1500,1500,1500,1500,1500,1500,1500,1500,1500,1500,1500,1500,1500,1500,1500,1500,1500,1500,7.3
2026-08-08,13:28:51.200,46.3,-0.4,-75,-90,100,11,0,8,10,-70,100,11,11.9,0.0,0,0,7,-242,-1024,-647,8,-1024,-4,-561,-659,-1,0,-1,-1,-1,1,0,-1,0x0000000000000000,1514,1494,1374,1420,2012,1338,1406,1260,1701,988,1500,1500,1500,1500,1500,1500,1500,1500,1500,1500,1500,1500,1500,1500,1500,1500,1500,1500,1500,1500,1500,1500,7.3
2026-08-08,13:28:51.700,46.0,-0.4,-72,-90,100,11,0,8,10,-65,100,11,11.9,0.0,0,0,7,-45,-1024,-136,8,-1024,-3,-560,-660,-1,0,-1,-1,-1,1,0,-1,0x0000000000000000,1514,1441,1497,1498,2012,1496,1497,1260,1701,988,1500,1500,1500,1500,1500,1500,1500,1500,1500,1500,1500,1500,1500,1500,1500,1500,1500,1500,1500,1500,1500,1500,7.3
2026-08-08,13:28:52.200,45.7,-0.2,-71,-90,100,11,0,8,10,-66,100,11,11.9,0.0,0,0,7,4,-1024,-6,8,-1024,-3,-560,-660,-1,0,-1,-1,-1,1,0,-1,0x0000000000000000,1514,1429,1530,1518,2012,1534,1520,1260,1701,988,1500,1500,1500,1500,1500,1500,1500,1500,1500,1500,1500,1500,1500,1500,1500,1500,1500,1500,1500,1500,1500,1500,7.3
2026-08-08,13:28:52.700,46.0,-0.1,-73,-90,100,10,0,8,10,-70,100,10,11.9,0.0,0,0,7,4,-1024,-6,8,-1024,-3,-561,-660,-1,0,-1,-1,-1,1,0,-1,0x0000000000000000,1514,1429,1530,1518,2012,1534,1520,1260,1701,988,1500,1500,1500,1500,1500,1500,1500,1500,1500,1500,1500,1500,1500,1500,1500,1500,1500,1500,1500,1500,1500,1500,7.3
2026-08-08,13:28:53.200,46.4,0.5,-74,-90,100,11,0,8,10,-71,100,10,11.9,0.0,0,0,7,4,-1024,-6,8,-1024,-3,-561,-660,-1,0,-1,-1,-1,1,0,-1,0x0000000000000000,1514,1429,1530,1518,2012,1534,1520,1260,1701,988,1500,1500,1500,1500,1500,1500,1500,1500,1500,1500,1500,1500,1500,1500,1500,1500,1500,1500,1500,1500,1500,1500,7.3
2026-08-08,13:28:53.700,46.7,0.3,-72,-90,100,11,0,8,10,-66,100,11,11.9,0.0,0,0,7,5,-1024,-6,8,-1024,-3,-560,-660,-1,0,-1,-1,-1,1,0,-1,0x0000000000000000,1514,1428,1530,1518,2012,1534,1520,1260,1701,988,1500,1500,1500,1500,1500,1500,1500,1500,1500,1500,1500,1500,1500,1500,1500,1500,1500,1500,1500,1500,1500,1500,7.3
2026-08-08,13:28:54.200,46.3,-0.8,-70,-90,100,11,0,8,10,-66,100,11,11.9,0.0,0,0,7,6,-1024,-6,8,-1024,-3,-560,-660,-1,0,-1,-1,-1,1,0,-1,0x0000000000000000,1514,1428,1530,1518,2012,1534,1520,1260,1701,988,1500,1500,1500,1500,1500,1500,1500,1500,1500,1500,1500,1500,1500,1500,1500,1500,1500,1500,1500,1500,1500,1500,7.3
2026-08-08,13:28:54.700,45.5,-0.9,-71,-90,100,10,0,8,10,-66,100,11,11.9,0.0,0,0,7,2,-1024,0,8,-1024,-3,-560,-660,-1,0,-1,-1,-1,1,0,-1,0x0000000000000000,1514,1429,1532,1519,2012,1535,1521,1260,1701,988,1500,1500,1500,1500,1500,1500,1500,1500,1500,1500,1500,1500,1500,1500,1500,1500,1500,1500,1500,1500,1500,1500,7.3
2026-08-08,13:28:55.200,44.5,-1.6,-76,-88,100,10,0,8,10,-73,100,10,11.9,0.0,0,0,7,5,-1024,-6,8,-1024,-3,-560,-660,-1,0,-1,-1,-1,1,0,-1,0x0000000000000000,1514,1428,1530,1518,2012,1534,1520,1260,1701,988,1500,1500,1500,1500,1500,1500,1500,1500,1500,1500,1500,1500,1500,1500,1500,1500,1500,1500,1500,1500,1500,1500,7.3
2026-08-08,13:28:55.700,43.1,-2.7,-76,-88,100,11,0,8,10,-71,100,11,12.0,0.0,0,0,7,5,-1024,-6,8,-1024,-4,-561,-660,-1,0,-1,-1,-1,1,0,-1,0x0000000000000000,1514,1428,1530,1518,2012,1534,1520,1260,1701,988,1500,1500,1500,1500,1500,1500,1500,1500,1500,1500,1500,1500,1500,1500,1500,1500,1500,1500,1500,1500,1500,1500,7.3
2026-08-08,13:28:56.200,41.6,-2.9,-79,-88,100,9,0,8,10,-75,100,6,12.0,0.0,0,0,8,4,-1024,-6,8,-1024,-3,-561,-660,-1,0,-1,-1,-1,1,0,-1,0x0000000000000000,1514,1429,1530,1518,2012,1534,1520,1260,1701,988,1500,1500,1500,1500,1500,1500,1500,1500,1500,1500,1500,1500,1500,1500,1500,1500,1500,1500,1500,1500,1500,1500,7.3
2026-08-08,13:28:56.700,39.4,-3.8,-77,-88,100,10,0,8,10,-70,100,10,11.9,0.0,0,0,7,6,-1024,-6,8,-1024,-3,-560,-660,-1,0,-1,-1,-1,1,0,-1,0x0000000000000000,1514,1428,1530,1518,2012,1534,1520,1260,1701,988,1500,1500,1500,1500,1500,1500,1500,1500,1500,1500,1500,1500,1500,1500,1500,1500,1500,1500,1500,1500,1500,1500,7.3
2026-08-08,13:28:57.200,39.4,-0.9,-75,-88,100,11,0,8,10,-66,100,11,11.9,0.0,0,0,7,5,-1024,-6,8,-1024,-3,-560,-660,-1,0,-1,-1,-1,1,0,-1,0x0000000000000000,1514,1428,1530,1518,2012,1534,1520,1260,1701,988,1500,1500,1500,1500,1500,1500,1500,1500,1500,1500,1500,1500,1500,1500,1500,1500,1500,1500,1500,1500,1500,1500,7.3
2026-08-08,13:28:57.700,39.0,-0.5,-71,-88,100,11,0,8,10,-68,100,10,11.9,0.0,0,0,7,6,-1024,-6,8,-1024,-3,-560,-660,-1,0,-1,-1,-1,1,0,-1,0x0000000000000000,1514,1428,1530,1518,2012,1534,1520,1260,1701,988,1500,1500,1500,1500,1500,1500,1500,1500,1500,1500,1500,1500,1500,1500,1500,1500,1500,1500,1500,1500,1500,1500,7.3
2026-08-08,13:28:58.200,38.9,-0.2,-71,-88,100,11,0,8,10,-61,100,10,11.9,0.0,0,0,7,2,-1024,-6,8,-1024,-3,-560,-660,-1,0,-1,-1,-1,1,0,-1,0x0000000000000000,1514,1429,1530,1518,2012,1534,1520,1260,1701,988,1500,1500,1500,1500,1500,1500,1500,1500,1500,1500,1500,1500,1500,1500,1500,1500,1500,1500,1500,1500,1500,1500,7.3
2026-08-08,13:28:58.700,38.7,-0.6,-71,-88,100,10,0,8,10,-72,100,10,11.9,0.0,0,0,7,4,-1024,-6,8,-1024,-3,-561,-660,-1,0,-1,-1,-1,1,0,-1,0x0000000000000000,1514,1429,1530,1518,2012,1534,1520,1260,1701,988,1500,1500,1500,1500,1500,1500,1500,1500,1500,1500,1500,1500,1500,1500,1500,1500,1500,1500,1500,1500,1500,1500,7.3
2026-08-08,13:28:59.200,39.1,0.0,-75,-73,100,10,1,8,10,-67,100,10,11.9,0.0,0,0,7,4,-1024,-7,8,-1024,-3,-560,-660,-1,0,-1,-1,-1,1,0,-1,0x0000000000000000,1514,1429,1530,1518,2012,1533,1520,1260,1701,988,1500,1500,1500,1500,1500,1500,1500,1500,1500,1500,1500,1500,1500,1500,1500,1500,1500,1500,1500,1500,1500,1500,7.3
2026-08-08,13:28:59.700,38.3,-1.0,-75,-74,100,10,1,8,10,-69,100,11,11.9,0.0,0,0,7,-107,-1024,-211,8,-1024,-4,-560,-660,-1,0,-1,-1,-1,1,0,-1,0x0000000000000000,1514,1456,1479,1487,2012,1473,1484,1260,1701,988,1500,1500,1500,1500,1500,1500,1500,1500,1500,1500,1500,1500,1500,1500,1500,1500,1500,1500,1500,1500,1500,1500,7.3
2026-08-08,13:29:00.200,38.6,0.9,-75,-73,100,11,1,8,10,-65,100,11,11.9,0.0,0,0,7,5,-1024,-6,8,-1024,-3,-560,-659,-1,0,-1,-1,-1,1,0,-1,0x0000000000000000,1514,1428,1530,1518,2012,1534,1520,1260,1701,988,1500,1500,1500,1500,1500,1500,1500,1500,1500,1500,1500,1500,1500,1500,1500,1500,1500,1500,1500,1500,1500,1500,7.3
2026-08-08,13:29:00.700,39.2,0.5,-75,-75,100,10,1,8,10,-72,100,11,11.9,0.0,0,0,7,5,-1024,-6,8,-1024,-3,-560,-660,-1,0,-1,-1,-1,1,0,-1,0x0000000000000000,1514,1428,1530,1518,2012,1534,1520,1260,1701,988,1500,1500,1500,1500,1500,1500,1500,1500,1500,1500,1500,1500,1500,1500,1500,1500,1500,1500,1500,1500,1500,1500,7.3
2026-08-08,13:29:01.200,39.3,0.0,-71,-78,100,11,0,8,10,-66,100,10,11.9,0.0,0,0,8,5,-1024,-7,8,-1024,-3,-561,-660,-1,0,-1,-1,-1,1,0,-1,0x0000000000000000,1514,1428,1530,1518,2012,1533,1520,1260,1701,988,1500,1500,1500,1500,1500,1500,1500,1500,1500,1500,1500,1500,1500,1500,1500,1500,1500,1500,1500,1500,1500,1500,7.3
2026-08-08,13:29:01.700,39.5,0.6,-69,-78,100,11,0,8,10,-63,100,11,11.9,0.0,0,0,7,5,-1024,-6,8,-1024,-3,-561,-660,-1,0,-1,-1,-1,1,0,-1,0x0000000000000000,1514,1428,1530,1518,2012,1534,1520,1260,1701,988,1500,1500,1500,1500,1500,1500,1500,1500,1500,1500,1500,1500,1500,1500,1500,1500,1500,1500,1500,1500,1500,1500,7.3
2026-08-08,13:29:02.200,39.7,0.4,-70,-78,100,11,0,8,10,-66,100,11,11.9,0.0,0,0,7,-272,-1024,-439,8,-1024,-3,-560,-659,-1,0,-1,-1,-1,1,0,-1,0x0000000000000000,1514,1502,1426,1453,2012,1404,1444,1260,1701,988,1500,1500,1500,1500,1500,1500,1500,1500,1500,1500,1500,1500,1500,1500,1500,1500,1500,1500,1500,1500,1500,1500,7.3
2026-08-08,13:29:02.700,39.4,-0.4,-68,-78,100,11,0,8,10,-63,100,10,12.0,0.0,0,0,7,5,-1024,-6,8,-1024,-3,-560,-660,-1,0,-1,-1,-1,1,0,-1,0x0000000000000000,1514,1428,1530,1518,2012,1534,1520,1260,1701,988,1500,1500,1500,1500,1500,1500,1500,1500,1500,1500,1500,1500,1500,1500,1500,1500,1500,1500,1500,1500,1500,1500,7.3
2026-08-08,13:29:03.200,39.4,-0.1,-68,-78,100,11,0,8,10,-66,100,10,12.0,0.0,0,0,8,5,-1024,-7,8,-1024,-3,-560,-660,-1,0,-1,-1,-1,1,0,-1,0x0000000000000000,1514,1428,1530,1518,2012,1533,1520,1260,1701,988,1500,1500,1500,1500,1500,1500,1500,1500,1500,1500,1500,1500,1500,1500,1500,1500,1500,1500,1500,1500,1500,1500,7.4
2026-08-08,13:29:03.700,39.0,-0.6,-69,-78,100,12,0,8,10,-66,100,12,11.9,0.0,0,0,7,-237,-1024,-941,9,-1024,-3,-560,-660,-1,0,-1,-1,-1,1,0,-1,0x0000000000000000,1514,1492,1308,1377,2012,1253,1356,1260,1701,988,1500,1500,1500,1500,1500,1500,1500,1500,1500,1500,1500,1500,1500,1500,1500,1500,1500,1500,1500,1500,1500,1500,7.4
2026-08-08,13:29:04.200,38.4,-0.8,-66,-78,100,11,0,8,10,-60,100,12,11.9,0.0,0,0,7,3,-1024,-83,8,-1024,-3,-561,-660,-1,0,-1,-1,-1,1,0,-1,0x0000000000000000,1514,1429,1510,1506,2012,1511,1506,1260,1701,988,1500,1500,1500,1500,1500,1500,1500,1500,1500,1500,1500,1500,1500,1500,1500,1500,1500,1500,1500,1500,1500,1500,7.4
2026-08-08,13:29:04.700,37.7,-1.3,-66,-78,100,11,0,8,10,-63,100,12,11.9,0.0,0,0,7,3,-1024,-8,8,-1024,-3,-561,-660,-1,0,-1,-1,-1,1,0,-1,0x0000000000000000,1514,1429,1530,1518,2012,1533,1519,1260,1701,988,1500,1500,1500,1500,1500,1500,1500,1500,1500,1500,1500,1500,1500,1500,1500,1500,1500,1500,1500,1500,1500,1500,7.4
2026-08-08,13:29:05.200,37.5,-0.7,-67,-78,100,10,0,8,10,-61,100,10,11.9,0.0,0,0,8,0,-1024,-368,8,-1024,-3,-560,-660,-1,0,-1,-1,-1,1,0,-1,0x0000000000000000,1514,1429,1442,1463,2012,1425,1457,1260,1701,988,1500,1500,1500,1500,1500,1500,1500,1500,1500,1500,1500,1500,1500,1500,1500,1500,1500,1500,1500,1500,1500,1500,7.4
2026-08-08,13:29:05.700,37.6,0.2,-68,-78,100,11,0,8,10,-64,100,11,12.0,0.0,0,0,8,6,-1024,-7,8,-1024,-3,-560,-660,-1,0,-1,-1,-1,1,0,-1,0x0000000000000000,1514,1428,1530,1518,2012,1533,1520,1260,1701,988,1500,1500,1500,1500,1500,1500,1500,1500,1500,1500,1500,1500,1500,1500,1500,1500,1500,1500,1500,1500,1500,1500,7.4
2026-08-08,13:29:06.200,38.1,0.5,-69,-78,100,11,0,8,10,-65,100,10,12.0,0.0,0,0,8,6,-1024,-8,8,-1024,-3,-560,-660,-1,0,-1,-1,-1,1,0,-1,0x0000000000000000,1514,1428,1530,1518,2012,1533,1519,1260,1701,988,1500,1500,1500,1500,1500,1500,1500,1500,1500,1500,1500,1500,1500,1500,1500,1500,1500,1500,1500,1500,1500,1500,7.4
2026-08-08,13:29:06.700,37.4,-1.2,-69,-78,100,11,0,8,10,-69,100,11,12.0,0.0,0,0,8,5,-1024,-7,8,-1024,-3,-561,-659,-1,0,-1,-1,-1,1,0,-1,0x0000000000000000,1514,1428,1530,1518,2012,1533,1520,1260,1701,988,1500,1500,1500,1500,1500,1500,1500,1500,1500,1500,1500,1500,1500,1500,1500,1500,1500,1500,1500,1500,1500,1500,7.4
2026-08-08,13:29:07.200,37.2,-0.4,-70,-74,100,11,0,8,10,-66,100,10,12.0,0.0,0,0,8,6,-1024,-9,8,-1024,-4,-560,-660,-1,0,-1,-1,-1,1,0,-1,0x0000000000000000,1514,1428,1530,1518,2012,1533,1519,1260,1701,988,1500,1500,1500,1500,1500,1500,1500,1500,1500,1500,1500,1500,1500,1500,1500,1500,1500,1500,1500,1500,1500,1500,7.4
2026-08-08,13:29:07.700,36.5,-1.9,-70,-74,100,11,0,8,10,-67,100,10,12.0,0.0,0,0,7,6,-1024,-6,8,-1024,-4,-560,-660,-1,0,-1,-1,-1,1,0,-1,0x0000000000000000,1514,1428,1530,1518,2012,1534,1520,1260,1701,988,1500,1500,1500,1500,1500,1500,1500,1500,1500,1500,1500,1500,1500,1500,1500,1500,1500,1500,1500,1500,1500,1500,7.4
2026-08-08,13:29:08.200,35.5,-3.0,-72,-74,100,10,0,8,10,-71,100,10,11.9,0.0,0,0,7,-263,-1024,-670,9,-1024,-3,-560,-660,-1,0,-1,-1,-1,1,0,-1,0x0000000000000000,1514,1500,1371,1418,2012,1335,1404,1260,1701,988,1500,1500,1500,1500,1500,1500,1500,1500,1500,1500,1500,1500,1500,1500,1500,1500,1500,1500,1500,1500,1500,1500,7.4
2026-08-08,13:29:08.700,35.8,0.1,-77,-82,100,10,0,8,10,-79,100,10,11.9,0.0,0,0,7,4,-1024,-7,8,-1024,-3,-561,-660,-1,0,-1,-1,-1,1,0,-1,0x0000000000000000,1514,1429,1530,1518,2012,1533,1520,1260,1701,988,1500,1500,1500,1500,1500,1500,1500,1500,1500,1500,1500,1500,1500,1500,1500,1500,1500,1500,1500,1500,1500,1500,7.4
2026-08-08,13:29:09.200,36.2,0.9,-85,-94,100,9,0,8,25,-78,100,10,11.9,0.0,0,0,7,4,-1024,-8,8,-1024,-3,-560,-660,-1,0,-1,-1,-1,1,0,-1,0x0000000000000000,1514,1429,1530,1518,2012,1533,1519,1260,1701,988,1500,1500,1500,1500,1500,1500,1500,1500,1500,1500,1500,1500,1500,1500,1500,1500,1500,1500,1500,1500,1500,1500,7.4
2026-08-08,13:29:09.700,36.4,0.0,-79,-94,100,11,0,8,10,-73,100,11,11.9,0.0,0,0,7,-1,-1024,-7,8,-1024,-3,-561,-660,-1,0,-1,-1,-1,1,0,-1,0x0000000000000000,1514,1430,1530,1518,2012,1533,1520,1260,1701,988,1500,1500,1500,1500,1500,1500,1500,1500,1500,1500,1500,1500,1500,1500,1500,1500,1500,1500,1500,1500,1500,1500,7.4
2026-08-08,13:29:10.200,34.5,-3.1,-77,-94,100,10,0,8,10,-75,100,9,12.0,0.0,0,0,7,-372,-1024,-6,8,-1024,-3,-561,-660,-1,0,-1,-1,-1,1,0,-1,0x0000000000000000,1514,1533,1530,1518,2012,1534,1520,1260,1701,988,1500,1500,1500,1500,1500,1500,1500,1500,1500,1500,1500,1500,1500,1500,1500,1500,1500,1500,1500,1500,1500,1500,7.4
2026-08-08,13:29:10.700,33.9,-1.3,-74,-94,100,11,0,8,10,-74,100,10,12.0,0.0,0,0,7,5,-1024,-6,8,-1024,-3,-560,-660,-1,0,-1,-1,-1,1,0,-1,0x0000000000000000,1514,1428,1530,1518,2012,1534,1520,1260,1701,988,1500,1500,1500,1500,1500,1500,1500,1500,1500,1500,1500,1500,1500,1500,1500,1500,1500,1500,1500,1500,1500,1500,7.4
2026-08-08,13:29:11.200,34.0,-0.3,-75,-94,100,11,0,8,10,-68,100,11,11.9,0.0,0,0,-83,0,-1024,-180,8,-1024,-3,-560,-660,-1,0,-1,-1,-1,1,0,-1,0x0000000000000000,1491,1429,1486,1491,2012,1482,1490,1260,1701,988,1500,1500,1500,1500,1500,1500,1500,1500,1500,1500,1500,1500,1500,1500,1500,1500,1500,1500,1500,1500,1500,1500,7.4
2026-08-08,13:29:11.700,33.4,-1.0,-76,-95,100,9,0,8,10,-74,100,10,11.9,0.0,0,0,7,-2,-1024,-341,9,-1024,-3,-561,-660,-1,0,-1,-1,-1,1,0,-1,0x0000000000000000,1514,1430,1448,1467,2012,1434,1461,1260,1701,988,1500,1500,1500,1500,1500,1500,1500,1500,1500,1500,1500,1500,1500,1500,1500,1500,1500,1500,1500,1500,1500,1500,7.4
2026-08-08,13:29:12.200,32.8,-1.0,-74,-95,100,11,0,8,10,-70,100,11,11.9,0.0,0,0,7,5,-1024,-7,8,-1024,-3,-560,-660,-1,0,-1,-1,-1,1,0,-1,0x0000000000000000,1514,1428,1530,1518,2012,1533,1520,1260,1701,988,1500,1500,1500,1500,1500,1500,1500,1500,1500,1500,1500,1500,1500,1500,1500,1500,1500,1500,1500,1500,1500,1500,7.4
2026-08-08,13:29:12.700,32.0,-1.5,-73,-95,100,11,0,8,10,-69,100,11,11.9,0.0,0,0,7,-135,-1024,-8,8,-1024,-3,-561,-660,-1,0,-1,-1,-1,1,0,-1,0x0000000000000000,1514,1463,1530,1518,2012,1533,1519,1260,1701,988,1500,1500,1500,1500,1500,1500,1500,1500,1500,1500,1500,1500,1500,1500,1500,1500,1500,1500,1500,1500,1500,1500,7.4
2026-08-08,13:29:13.200,30.9,-2.1,-78,-83,100,8,1,8,25,-76,100,10,11.9,0.0,0,0,7,-329,-1024,-272,8,-1024,-3,-560,-660,-1,0,-1,-1,-1,1,0,-1,0x0000000000000000,1514,1519,1465,1478,2012,1455,1474,1260,1701,988,1500,1500,1500,1500,1500,1500,1500,1500,1500,1500,1500,1500,1500,1500,1500,1500,1500,1500,1500,1500,1500,1500,7.4
2026-08-08,13:29:13.700,30.1,-1.4,-82,-84,99,9,1,8,10,-77,100,10,11.9,0.0,0,0,8,-25,-1024,-12,8,-1024,-4,-561,-660,-1,0,-1,-1,-1,1,0,-1,0x0000000000000000,1514,1436,1529,1517,2012,1532,1519,1260,1701,988,1500,1500,1500,1500,1500,1500,1500,1500,1500,1500,1500,1500,1500,1500,1500,1500,1500,1500,1500,1500,1500,1500,7.4
2026-08-08,13:29:14.200,30.4,0.2,-77,-85,100,11,0,8,10,-74,100,11,11.9,0.0,0,0,7,4,-1024,724,8,-1024,-3,-560,-660,-1,0,-1,-1,-1,1,0,-1,0x0000000000000000,1514,1429,1730,1640,2012,1755,1650,1260,1701,988,1500,1500,1500,1500,1500,1500,1500,1500,1500,1500,1500,1500,1500,1500,1500,1500,1500,1500,1500,1500,1500,1500,7.4
2026-08-08,13:29:14.700,30.5,0.9,-83,-83,100,10,1,8,10,-80,100,10,11.9,0.0,0,0,7,5,-1024,-6,8,-1024,-4,-560,-660,-1,0,-1,-1,-1,1,0,-1,0x0000000000000000,1514,1428,1530,1518,2012,1534,1520,1260,1701,988,1500,1500,1500,1500,1500,1500,1500,1500,1500,1500,1500,1500,1500,1500,1500,1500,1500,1500,1500,1500,1500,1500,7.4
2026-08-08,13:29:15.200,30.2,-0.4,-83,-85,100,-2,1,8,250,-86,100,9,11.9,0.0,0,0,7,4,-1024,-8,8,-1024,-3,-560,-660,-1,0,-1,-1,-1,1,0,-1,0x0000000000000000,1514,1429,1530,1518,2012,1533,1519,1260,1701,988,1500,1500,1500,1500,1500,1500,1500,1500,1500,1500,1500,1500,1500,1500,1500,1500,1500,1500,1500,1500,1500,1500,7.4
2026-08-08,13:29:15.700,30.1,-0.1,-80,-85,99,10,0,8,10,-78,100,9,11.9,0.0,0,0,7,5,-1024,-8,8,-1024,-3,-561,-660,-1,0,-1,-1,-1,1,0,-1,0x0000000000000000,1514,1428,1530,1518,2012,1533,1519,1260,1701,988,1500,1500,1500,1500,1500,1500,1500,1500,1500,1500,1500,1500,1500,1500,1500,1500,1500,1500,1500,1500,1500,1500,7.4
2026-08-08,13:29:16.200,29.9,-0.6,-81,-85,98,9,0,8,10,-76,100,10,12.0,0.0,0,0,7,3,-1024,-8,8,-1024,-3,-560,-660,-1,0,-1,-1,-1,1,0,-1,0x0000000000000000,1514,1429,1530,1518,2012,1533,1519,1260,1701,988,1500,1500,1500,1500,1500,1500,1500,1500,1500,1500,1500,1500,1500,1500,1500,1500,1500,1500,1500,1500,1500,1500,7.4
2026-08-08,13:29:16.700,29.6,-0.4,-82,-79,99,9,1,8,10,-77,100,11,12.0,0.0,0,0,7,0,-1024,64,8,-1024,-3,-560,-660,-1,0,-1,-1,-1,1,0,-1,0x0000000000000000,1514,1429,1549,1530,2012,1555,1532,1260,1701,988,1500,1500,1500,1500,1500,1500,1500,1500,1500,1500,1500,1500,1500,1500,1500,1500,1500,1500,1500,1500,1500,1500,7.4
2026-08-08,13:29:17.200,29.0,-1.0,-82,-75,100,10,1,8,10,-67,100,10,11.9,0.0,0,0,7,5,-1024,415,8,-1024,-3,-560,-660,-1,0,-1,-1,-1,1,0,-1,0x0000000000000000,1514,1428,1643,1587,2012,1659,1594,1260,1701,988,1500,1500,1500,1500,1500,1500,1500,1500,1500,1500,1500,1500,1500,1500,1500,1500,1500,1500,1500,1500,1500,1500,7.4
2026-08-08,13:29:17.700,28.3,-1.3,-82,-76,100,10,1,8,10,-74,100,11,11.9,0.0,0,0,7,5,-1024,-6,8,-1024,-3,-561,-660,-1,0,-1,-1,-1,1,0,-1,0x0000000000000000,1514,1428,1530,1518,2012,1534,1520,1260,1701,988,1500,1500,1500,1500,1500,1500,1500,1500,1500,1500,1500,1500,1500,1500,1500,1500,1500,1500,1500,1500,1500,1500,7.4
2026-08-08,13:29:18.200,27.9,-1.3,-82,-73,100,10,1,8,10,-68,100,10,12.0,0.0,0,0,7,5,-1024,-6,8,-1024,-3,-560,-660,-1,0,-1,-1,-1,1,0,-1,0x0000000000000000,1514,1428,1530,1518,2012,1534,1520,1260,1701,988,1500,1500,1500,1500,1500,1500,1500,1500,1500,1500,1500,1500,1500,1500,1500,1500,1500,1500,1500,1500,1500,1500,7.4
2026-08-08,13:29:18.700,27.5,-0.9,-82,-75,100,10,1,8,10,-70,100,12,12.0,0.0,0,0,7,5,-1024,-6,8,-1024,-3,-561,-660,-1,0,-1,-1,-1,1,0,-1,0x0000000000000000,1514,1428,1530,1518,2012,1534,1520,1260,1701,988,1500,1500,1500,1500,1500,1500,1500,1500,1500,1500,1500,1500,1500,1500,1500,1500,1500,1500,1500,1500,1500,1500,7.4
2026-08-08,13:29:19.200,26.4,-1.7,-82,-75,100,11,1,8,10,-68,100,10,12.0,0.0,0,0,7,4,-1024,-6,8,-1024,-3,-560,-660,-1,0,-1,-1,-1,1,0,-1,0x0000000000000000,1514,1429,1530,1518,2012,1534,1520,1260,1701,988,1500,1500,1500,1500,1500,1500,1500,1500,1500,1500,1500,1500,1500,1500,1500,1500,1500,1500,1500,1500,1500,1500,7.4
2026-08-08,13:29:19.700,25.9,-1.4,-75,-79,100,11,0,8,10,-67,100,12,12.0,0.0,0,0,7,4,-1024,-7,8,-1024,-4,-560,-659,-1,0,-1,-1,-1,1,0,-1,0x0000000000000000,1514,1429,1530,1518,2012,1533,1520,1260,1701,988,1500,1500,1500,1500,1500,1500,1500,1500,1500,1500,1500,1500,1500,1500,1500,1500,1500,1500,1500,1500,1500,1500,7.4
2026-08-08,13:29:20.200,25.1,-2.4,-77,-79,100,11,0,8,10,-67,100,11,12.0,0.0,0,0,7,2,-1024,-6,8,-1024,-3,-560,-660,-1,0,-1,-1,-1,1,0,-1,0x0000000000000000,1514,1429,1530,1518,2012,1534,1520,1260,1701,988,1500,1500,1500,1500,1500,1500,1500,1500,1500,1500,1500,1500,1500,1500,1500,1500,1500,1500,1500,1500,1500,1500,7.4
2026-08-08,13:29:20.700,26.2,1.6,-74,-79,100,11,0,8,10,-72,100,10,12.0,0.0,0,0,7,5,-1024,-6,8,-1024,-3,-561,-660,-1,0,-1,-1,-1,1,0,-1,0x0000000000000000,1514,1428,1530,1518,2012,1534,1520,1260,1701,988,1500,1500,1500,1500,1500,1500,1500,1500,1500,1500,1500,1500,1500,1500,1500,1500,1500,1500,1500,1500,1500,1500,7.4
2026-08-08,13:29:21.200,26.3,0.6,-76,-79,100,11,0,8,10,-76,100,11,12.0,0.0,0,0,8,4,-1024,-12,8,-1024,-3,-561,-660,-1,0,-1,-1,-1,1,0,-1,0x0000000000000000,1514,1429,1529,1517,2012,1532,1519,1260,1701,988,1500,1500,1500,1500,1500,1500,1500,1500,1500,1500,1500,1500,1500,1500,1500,1500,1500,1500,1500,1500,1500,1500,7.4
2026-08-08,13:29:21.700,27.1,1.5,-77,-79,100,11,0,8,10,-66,100,10,12.0,0.0,0,0,7,5,-1024,-6,8,-1024,-3,-560,-660,-1,0,-1,-1,-1,1,0,-1,0x0000000000000000,1514,1428,1530,1518,2012,1534,1520,1260,1701,988,1500,1500,1500,1500,1500,1500,1500,1500,1500,1500,1500,1500,1500,1500,1500,1500,1500,1500,1500,1500,1500,1500,7.4
2026-08-08,13:29:22.200,27.6,1.4,-70,-79,100,12,0,8,10,-66,100,10,12.0,0.0,0,0,7,5,-1024,-6,8,-1024,-3,-561,-659,-1,0,-1,-1,-1,1,0,-1,0x0000000000000000,1514,1428,1530,1518,2012,1534,1520,1260,1701,988,1500,1500,1500,1500,1500,1500,1500,1500,1500,1500,1500,1500,1500,1500,1500,1500,1500,1500,1500,1500,1500,1500,7.4
2026-08-08,13:29:22.700,27.8,0.5,-69,-79,100,10,0,8,10,-63,100,11,12.0,0.0,0,0,7,2,-1024,-5,8,-1024,-3,-560,-660,-1,0,-1,-1,-1,1,0,-1,0x0000000000000000,1514,1429,1530,1518,2012,1534,1520,1260,1701,988,1500,1500,1500,1500,1500,1500,1500,1500,1500,1500,1500,1500,1500,1500,1500,1500,1500,1500,1500,1500,1500,1500,7.4
2026-08-08,13:29:23.200,27.4,-0.7,-69,-79,100,10,0,8,10,-63,100,11,11.9,0.0,0,0,7,1,-1024,-6,8,-1024,-3,-560,-660,-1,0,-1,-1,-1,1,0,-1,0x0000000000000000,1514,1429,1530,1518,2012,1534,1520,1260,1701,988,1500,1500,1500,1500,1500,1500,1500,1500,1500,1500,1500,1500,1500,1500,1500,1500,1500,1500,1500,1500,1500,1500,7.4
2026-08-08,13:29:23.700,26.5,-2.3,-67,-79,100,11,0,8,10,-62,100,11,11.9,0.0,0,0,7,-73,-1024,-6,8,-1024,-3,-560,-660,-1,0,-1,-1,-1,1,0,-1,0x0000000000000000,1514,1448,1530,1518,2012,1534,1520,1260,1701,988,1500,1500,1500,1500,1500,1500,1500,1500,1500,1500,1500,1500,1500,1500,1500,1500,1500,1500,1500,1500,1500,1500,7.4
2026-08-08,13:29:24.200,24.7,-3.4,-66,-79,100,10,0,8,10,-65,100,11,12.0,0.0,0,0,7,-187,-1024,-8,8,-1024,-3,-560,-660,-1,0,-1,-1,-1,1,0,-1,0x0000000000000000,1514,1477,1530,1518,2012,1533,1519,1260,1701,988,1500,1500,1500,1500,1500,1500,1500,1500,1500,1500,1500,1500,1500,1500,1500,1500,1500,1500,1500,1500,1500,1500,7.4
2026-08-08,13:29:24.700,24.0,-2.0,-71,-76,100,11,0,8,10,-61,100,11,12.0,0.0,0,0,7,4,-1024,-5,8,-1024,-4,-560,-660,-1,0,-1,-1,-1,1,0,-1,0x0000000000000000,1514,1429,1530,1518,2012,1534,1520,1260,1701,988,1500,1500,1500,1500,1500,1500,1500,1500,1500,1500,1500,1500,1500,1500,1500,1500,1500,1500,1500,1500,1500,1500,7.4
2026-08-08,13:29:25.200,23.9,-0.7,-68,-76,100,11,0,8,10,-60,100,10,12.0,0.0,0,0,7,-1,-1024,-5,8,-1024,-4,-561,-660,-1,0,-1,-1,-1,1,0,-1,0x0000000000000000,1514,1430,1530,1518,2012,1534,1520,1260,1701,988,1500,1500,1500,1500,1500,1500,1500,1500,1500,1500,1500,1500,1500,1500,1500,1500,1500,1500,1500,1500,1500,1500,7.4
2026-08-08,13:29:25.700,24.5,0.7,-67,-76,100,12,0,8,10,-62,100,11,12.0,0.0,0,0,7,6,-1024,-8,8,-1024,-3,-560,-660,-1,0,-1,-1,-1,1,0,-1,0x0000000000000000,1514,1428,1530,1518,2012,1533,1519,1260,1701,988,1500,1500,1500,1500,1500,1500,1500,1500,1500,1500,1500,1500,1500,1500,1500,1500,1500,1500,1500,1500,1500,1500,7.4
2026-08-08,13:29:26.200,25.1,0.8,-71,-76,100,11,0,8,10,-68,100,11,12.0,0.0,0,0,7,3,-1024,-9,8,-1024,-3,-560,-660,-1,0,-1,-1,-1,1,0,-1,0x0000000000000000,1514,1429,1530,1518,2012,1533,1519,1260,1701,988,1500,1500,1500,1500,1500,1500,1500,1500,1500,1500,1500,1500,1500,1500,1500,1500,1500,1500,1500,1500,1500,1500,7.4
2026-08-08,13:29:26.700,25.3,0.5,-73,-74,100,11,1,8,10,-70,100,11,12.0,0.0,0,0,7,2,-1024,-9,8,-1024,-3,-560,-659,-1,0,-1,-1,-1,1,0,-1,0x0000000000000000,1514,1429,1530,1518,2012,1533,1519,1260,1701,988,1500,1500,1500,1500,1500,1500,1500,1500,1500,1500,1500,1500,1500,1500,1500,1500,1500,1500,1500,1500,1500,1500,7.4
2026-08-08,13:29:27.200,25.2,0.0,-73,-74,100,11,1,8,10,-67,100,12,12.0,0.0,0,0,7,4,-1024,-7,8,-1024,-3,-561,-660,-1,0,-1,-1,-1,1,0,-1,0x0000000000000000,1514,1429,1530,1518,2012,1533,1520,1260,1701,988,1500,1500,1500,1500,1500,1500,1500,1500,1500,1500,1500,1500,1500,1500,1500,1500,1500,1500,1500,1500,1500,1500,7.4
2026-08-08,13:29:27.700,24.8,-0.8,-73,-74,100,11,1,8,10,-70,100,11,12.0,0.0,0,0,7,-98,-1024,-9,8,-1024,-3,-560,-660,-1,0,-1,-1,-1,1,0,-1,0x0000000000000000,1514,1454,1530,1518,2012,1533,1519,1260,1701,988,1500,1500,1500,1500,1500,1500,1500,1500,1500,1500,1500,1500,1500,1500,1500,1500,1500,1500,1500,1500,1500,1500,7.4
2026-08-08,13:29:28.200,24.1,-1.1,-73,-75,100,10,1,8,10,-71,100,12,12.0,0.0,0,0,7,-204,-1024,-7,8,-1024,-3,-561,-660,-1,0,-1,-1,-1,1,0,-1,0x0000000000000000,1514,1482,1530,1518,2012,1533,1520,1260,1701,988,1500,1500,1500,1500,1500,1500,1500,1500,1500,1500,1500,1500,1500,1500,1500,1500,1500,1500,1500,1500,1500,1500,7.4
2026-08-08,13:29:28.700,23.3,-1.6,-69,-78,100,11,0,8,10,-67,100,11,12.0,0.0,0,0,6,3,-1024,-6,8,-1024,-3,-560,-660,-1,0,-1,-1,-1,1,0,-1,0x0000000000000000,1514,1429,1530,1518,2012,1534,1520,1260,1701,988,1500,1500,1500,1500,1500,1500,1500,1500,1500,1500,1500,1500,1500,1500,1500,1500,1500,1500,1500,1500,1500,1500,7.4
2026-08-08,13:29:29.200,22.6,-1.3,-74,-74,100,10,1,8,10,-70,100,11,12.0,0.0,0,0,9,-420,-1024,-125,8,-1024,-4,-560,-660,-1,0,-1,-1,-1,1,0,-1,0x0000000000000000,1514,1548,1499,1499,2012,1499,1499,1260,1701,988,1500,1500,1500,1500,1500,1500,1500,1500,1500,1500,1500,1500,1500,1500,1500,1500,1500,1500,1500,1500,1500,1500,7.4
2026-08-08,13:29:29.700,22.1,-0.6,-75,-78,100,9,0,8,10,-71,100,10,12.0,0.0,0,0,14,-95,-1024,-288,8,-1024,-3,-560,-659,-1,0,-1,-1,-1,1,0,-1,0x0000000000000000,1516,1453,1461,1475,2012,1449,1471,1260,1701,988,1500,1500,1500,1500,1500,1500,1500,1500,1500,1500,1500,1500,1500,1500,1500,1500,1500,1500,1500,1500,1500,1500,7.4
2026-08-08,13:29:30.200,22.0,-0.1,-80,-78,100,6,1,8,10,-79,96,11,11.9,0.0,0,0,6,-339,-1024,-665,9,-1024,-3,-561,-660,-1,0,-1,-1,-1,1,0,-1,0x0000000000000000,1514,1523,1372,1418,2012,1336,1405,1260,1701,988,1500,1500,1500,1500,1500,1500,1500,1500,1500,1500,1500,1500,1500,1500,1500,1500,1500,1500,1500,1500,1500,1500,7.4
2026-08-08,13:29:30.700,22.4,0.5,-84,-80,96,10,0,8,50,-84,100,10,11.9,0.0,0,0,25,-328,-204,566,8,-1024,-3,-560,-660,-1,0,-1,-1,-1,1,0,-1,0x0000000000000000,1518,1489,1684,1612,2012,1704,1620,1260,1701,1373,1500,1500,1500,1500,1500,1500,1500,1500,1500,1500,1500,1500,1500,1500,1500,1500,1500,1500,1500,1500,1500,1500,7.4
2026-08-08,13:29:31.200,22.3,0.1,-83,-80,98,10,1,8,10,-73,100,10,11.9,0.0,0,0,5,2,729,5,8,-1024,-3,-561,-660,-1,0,-1,-1,-1,1,0,-1,0x0000000000000000,1513,1372,1536,1522,2012,1540,1524,1260,1701,1839,1500,1500,1500,1500,1500,1500,1500,1500,1500,1500,1500,1500,1500,1500,1500,1500,1500,1500,1500,1500,1500,1500,7.4
2026-08-08,13:29:31.700,22.0,-1.3,-88,-85,100,9,1,8,10,-79,100,9,11.9,0.0,0,0,5,-444,1024,-5,8,-1024,-4,-561,-660,-1,0,-1,-1,-1,1,0,-1,0x0000000000000000,1513,1480,1530,1518,2012,1534,1520,1260,1701,1986,1500,1500,1500,1500,1500,1500,1500,1500,1500,1500,1500,1500,1500,1500,1500,1500,1500,1500,1500,1500,1500,1500,7.4
2026-08-08,13:29:32.200,24.1,2.4,-88,-83,100,11,1,8,25,-77,100,11,11.7,0.0,0,0,5,-816,1024,-13,8,-1024,-3,-560,-660,-1,0,-1,-1,-1,1,0,-1,0x0000000000000000,1513,1624,1528,1517,2012,1532,1519,1260,1701,1986,1500,1500,1500,1500,1500,1500,1500,1500,1500,1500,1500,1500,1500,1500,1500,1500,1500,1500,1500,1500,1500,1500,7.4
2026-08-08,13:29:32.700,25.7,4.1,-88,-84,100,11,1,8,10,-73,100,11,11.7,0.0,0,0,5,3,1024,-7,8,-1024,-3,-560,-660,-1,0,-1,-1,-1,1,0,-1,0x0000000000000000,1513,1362,1530,1518,2012,1533,1520,1260,1701,1986,1500,1500,1500,1500,1500,1500,1500,1500,1500,1500,1500,1500,1500,1500,1500,1500,1500,1500,1500,1500,1500,1500,7.4
2026-08-08,13:29:33.200,29.7,6.1,-80,-83,99,11,0,8,10,-75,100,12,11.7,0.0,0,0,5,-1,1024,-10,8,-1024,-3,-560,-660,-1,0,-1,-1,-1,1,0,-1,0x0000000000000000,1513,1363,1529,1518,2012,1532,1519,1260,1701,1986,1500,1500,1500,1500,1500,1500,1500,1500,1500,1500,1500,1500,1500,1500,1500,1500,1500,1500,1500,1500,1500,1500,7.4
2026-08-08,13:29:33.700,31.4,2.8,-82,-83,100,6,0,8,10,-85,100,8,11.7,0.0,0,0,5,-561,1024,-115,8,-1024,-3,-560,-660,-1,0,-1,-1,-1,1,0,-1,0x0000000000000000,1513,1520,1501,1500,2012,1501,1501,1260,1701,1986,1500,1500,1500,1500,1500,1500,1500,1500,1500,1500,1500,1500,1500,1500,1500,1500,1500,1500,1500,1500,1500,1500,7.4
2026-08-08,13:29:34.200,35.9,7.7,-80,-83,99,10,0,8,10,-74,100,10,11.6,0.0,0,0,4,4,1024,-6,8,-1024,-3,-560,-660,-1,0,-1,-1,-1,1,0,-1,0x0000000000000000,1513,1362,1530,1518,2012,1534,1520,1260,1701,1986,1500,1500,1500,1500,1500,1500,1500,1500,1500,1500,1500,1500,1500,1500,1500,1500,1500,1500,1500,1500,1500,1500,7.4
2026-08-08,13:29:34.700,38.7,5.2,-80,-83,100,10,0,8,10,-76,100,11,11.6,0.0,0,0,4,-209,1024,-126,8,-1024,-3,-560,-660,-1,0,-1,-1,-1,1,0,-1,0x0000000000000000,1513,1414,1499,1499,2012,1499,1499,1260,1701,1986,1500,1500,1500,1500,1500,1500,1500,1500,1500,1500,1500,1500,1500,1500,1500,1500,1500,1500,1500,1500,1500,1500,7.4
2026-08-08,13:29:35.200,39.7,2.7,-82,-83,100,11,0,8,10,-78,100,9,11.6,0.0,0,0,5,-657,1024,-15,8,-1024,-4,-560,-660,-1,0,-1,-1,-1,1,0,-1,0x0000000000000000,1513,1557,1528,1517,2012,1531,1518,1260,1701,1986,1500,1500,1500,1500,1500,1500,1500,1500,1500,1500,1500,1500,1500,1500,1500,1500,1500,1500,1500,1500,1500,1500,7.4
2026-08-08,13:29:35.700,42.4,5.2,-83,-81,99,9,1,8,10,-76,100,10,11.6,0.0,0,0,4,-5,1024,543,8,-1024,-4,-560,-660,-1,0,-1,-1,-1,1,0,-1,0x0000000000000000,1513,1364,1677,1608,2012,1697,1616,1260,1701,1986,1500,1500,1500,1500,1500,1500,1500,1500,1500,1500,1500,1500,1500,1500,1500,1500,1500,1500,1500,1500,1500,1500,7.4
2026-08-08,13:29:36.200,45.4,5.9,-83,-82,99,9,1,8,10,-79,100,10,11.6,0.0,0,0,5,-410,1024,265,8,-1024,-3,-560,-660,-1,0,-1,-1,-1,1,0,-1,0x0000000000000000,1513,1469,1603,1563,2012,1614,1567,1260,1701,1986,1500,1500,1500,1500,1500,1500,1500,1500,1500,1500,1500,1500,1500,1500,1500,1500,1500,1500,1500,1500,1500,1500,7.4
2026-08-08,13:29:36.700,47.6,4.8,-83,-82,100,9,1,8,10,-76,100,10,11.6,0.0,0,0,5,-186,1024,978,8,-1024,-3,-560,-660,-1,0,-1,-1,-1,1,0,-1,0x0000000000000000,1513,1409,1794,1679,2012,1826,1692,1260,1701,1986,1500,1500,1500,1500,1500,1500,1500,1500,1500,1500,1500,1500,1500,1500,1500,1500,1500,1500,1500,1500,1500,1500,7.4
2026-08-08,13:29:37.200,48.8,3.0,-83,-83,100,10,1,8,10,-76,100,10,11.6,0.0,0,0,5,-519,1024,373,8,-1024,-3,-560,-659,-1,0,-1,-1,-1,1,0,-1,0x0000000000000000,1513,1505,1632,1580,2012,1646,1586,1260,1701,1986,1500,1500,1500,1500,1500,1500,1500,1500,1500,1500,1500,1500,1500,1500,1500,1500,1500,1500,1500,1500,1500,1500,7.4
2026-08-08,13:29:37.700,50.2,2.9,-83,-80,100,11,1,8,10,-76,100,10,11.6,0.0,0,0,5,-607,1024,-5,8,-1024,-3,-560,-660,-1,0,-1,-1,-1,1,0,-1,0x0000000000000000,1513,1537,1530,1518,2012,1534,1520,1260,1701,1986,1500,1500,1500,1500,1500,1500,1500,1500,1500,1500,1500,1500,1500,1500,1500,1500,1500,1500,1500,1500,1500,1500,7.4
2026-08-08,13:29:38.200,53.4,5.6,-83,-78,100,10,1,8,10,-73,96,11,11.6,0.0,0,0,5,2,1024,-6,8,-1024,-3,-560,-660,-1,0,-1,-1,-1,1,0,-1,0x0000000000000000,1513,1362,1530,1518,2012,1534,1520,1260,1701,1986,1500,1500,1500,1500,1500,1500,1500,1500,1500,1500,1500,1500,1500,1500,1500,1500,1500,1500,1500,1500,1500,1500,7.4
2026-08-08,13:29:38.700,55.9,4.6,-83,-81,100,11,1,8,10,-74,96,10,11.6,0.0,0,0,5,-219,1024,-4,8,-1024,-3,-560,-660,-1,0,-1,-1,-1,1,0,-1,0x0000000000000000,1513,1417,1531,1519,2012,1534,1520,1260,1701,1986,1500,1500,1500,1500,1500,1500,1500,1500,1500,1500,1500,1500,1500,1500,1500,1500,1500,1500,1500,1500,1500,1500,7.4
2026-08-08,13:29:39.200,57.8,3.6,-83,-82,100,5,1,8,50,-77,100,6,11.6,0.0,0,0,5,0,1024,-5,8,-1024,-3,-560,-660,-1,0,-1,-1,-1,1,0,-1,0x0000000000000000,1513,1363,1530,1518,2012,1534,1520,1260,1701,1986,1500,1500,1500,1500,1500,1500,1500,1500,1500,1500,1500,1500,1500,1500,1500,1500,1500,1500,1500,1500,1500,1500,7.4
2026-08-08,13:29:39.700,60.0,4.1,-73,-84,100,12,0,8,10,-70,100,11,11.6,0.0,0,0,5,-136,1024,597,8,-1024,-3,-560,-660,-1,0,-1,-1,-1,1,0,-1,0x0000000000000000,1513,1396,1692,1617,2012,1713,1625,1260,1701,1986,1500,1500,1500,1500,1500,1500,1500,1500,1500,1500,1500,1500,1500,1500,1500,1500,1500,1500,1500,1500,1500,1500,7.4
2026-08-08,13:29:40.200,60.9,2.1,-74,-84,100,9,0,8,10,-70,100,10,11.6,0.0,0,0,5,-27,1024,1024,7,-1024,-3,-560,-660,-1,0,-1,-1,-1,1,0,-1,0x0000000000000000,1513,1369,1806,1687,2012,1840,1700,1260,1701,1986,1500,1500,1500,1500,1500,1500,1500,1500,1500,1500,1500,1500,1500,1500,1500,1500,1500,1500,1500,1500,1500,1500,7.4
2026-08-08,13:29:40.700,62.7,3.4,-75,-84,100,10,0,8,10,-72,100,10,11.6,0.0,0,0,5,-567,1024,181,8,-1024,-4,-561,-660,-1,0,-1,-1,-1,1,0,-1,0x0000000000000000,1513,1522,1581,1549,2012,1589,1553,1260,1701,1986,1500,1500,1500,1500,1500,1500,1500,1500,1500,1500,1500,1500,1500,1500,1500,1500,1500,1500,1500,1500,1500,1500,7.4
2026-08-08,13:29:41.200,63.5,3.0,-74,-84,100,10,0,8,10,-66,100,10,11.6,0.0,0,0,5,-673,1024,-9,8,-1024,-4,-560,-660,-1,0,-1,-1,-1,1,0,-1,0x0000000000000000,1513,1563,1530,1518,2012,1533,1519,1260,1701,1986,1500,1500,1500,1500,1500,1500,1500,1500,1500,1500,1500,1500,1500,1500,1500,1500,1500,1500,1500,1500,1500,1500,7.4
2026-08-08,13:29:41.700,68.1,8.6,-69,-84,100,10,0,8,10,-63,100,11,11.6,0.0,0,0,4,0,1024,-9,8,-1024,-3,-560,-660,-1,0,-1,-1,-1,1,0,-1,0x0000000000000000,1513,1363,1530,1518,2012,1533,1519,1260,1701,1986,1500,1500,1500,1500,1500,1500,1500,1500,1500,1500,1500,1500,1500,1500,1500,1500,1500,1500,1500,1500,1500,1500,7.4
2026-08-08,13:29:42.200,71.5,6.7,-69,-84,100,11,0,8,10,-66,100,11,11.6,0.0,0,0,5,1,1024,-194,8,-1024,-3,-560,-660,-1,0,-1,-1,-1,1,0,-1,0x0000000000000000,1513,1362,1483,1489,2012,1478,1487,1260,1701,1986,1500,1500,1500,1500,1500,1500,1500,1500,1500,1500,1500,1500,1500,1500,1500,1500,1500,1500,1500,1500,1500,1500,7.4
2026-08-08,13:29:42.700,74.2,5.2,-69,-84,100,12,0,8,10,-65,100,11,11.6,0.0,0,0,5,428,1024,-347,8,-1024,-4,-560,-660,-1,0,-1,-1,-1,1,0,-1,0x0000000000000000,1513,1252,1447,1466,2012,1432,1460,1260,1701,1986,1500,1500,1500,1500,1500,1500,1500,1500,1500,1500,1500,1500,1500,1500,1500,1500,1500,1500,1500,1500,1500,1500,7.4
2026-08-08,13:29:43.200,74.0,-0.1,-71,-84,100,11,0,8,10,-66,100,11,11.6,0.0,0,0,4,-562,1024,-5,8,-1024,-3,-560,-660,-1,0,-1,-1,-1,1,0,-1,0x0000000000000000,1513,1521,1530,1518,2012,1534,1520,1260,1701,1986,1500,1500,1500,1500,1500,1500,1500,1500,1500,1500,1500,1500,1500,1500,1500,1500,1500,1500,1500,1500,1500,1500,7.4
2026-08-08,13:29:43.700,74.2,1.0,-69,-84,100,11,0,8,10,-64,100,10,11.6,0.0,0,0,5,-507,1024,293,8,-1024,-4,-561,-660,-1,0,-1,-1,-1,1,0,-1,0x0000000000000000,1513,1501,1610,1567,2012,1623,1572,1260,1701,1986,1500,1500,1500,1500,1500,1500,1500,1500,1500,1500,1500,1500,1500,1500,1500,1500,1500,1500,1500,1500,1500,1500,7.4
2026-08-08,13:29:44.200,77.7,5.6,-70,-84,100,12,0,8,10,-65,100,10,11.6,0.0,0,0,4,-25,1024,355,8,-1024,-3,-560,-660,-1,0,-1,-1,-1,1,0,-1,0x0000000000000000,1513,1369,1627,1577,2012,1641,1583,1260,1701,1986,1500,1500,1500,1500,1500,1500,1500,1500,1500,1500,1500,1500,1500,1500,1500,1500,1500,1500,1500,1500,1500,1500,7.4
2026-08-08,13:29:44.700,80.4,5.8,-72,-84,100,10,0,8,10,-68,100,10,11.6,0.0,0,0,5,3,1024,-6,8,-1024,-4,-560,-660,-1,0,-1,-1,-1,1,0,-1,0x0000000000000000,1513,1362,1530,1518,2012,1534,1520,1260,1701,1986,1500,1500,1500,1500,1500,1500,1500,1500,1500,1500,1500,1500,1500,1500,1500,1500,1500,1500,1500,1500,1500,1500,7.4
2026-08-08,13:29:45.200,82.3,3.3,-73,-84,100,11,0,8,10,-71,100,11,11.6,0.0,0,0,5,2,1024,-6,8,-1024,-3,-561,-660,-1,0,-1,-1,-1,1,0,-1,0x0000000000000000,1513,1362,1530,1518,2012,1534,1520,1260,1701,1986,1500,1500,1500,1500,1500,1500,1500,1500,1500,1500,1500,1500,1500,1500,1500,1500,1500,1500,1500,1500,1500,1500,7.4
2026-08-08,13:29:45.700,83.8,3.3,-73,-84,100,12,0,8,10,-68,100,11,11.5,0.0,0,0,5,6,1024,-101,8,-1024,-3,-560,-660,-1,0,-1,-1,-1,1,0,-1,0x0000000000000000,1513,1361,1505,1503,2012,1505,1503,1260,1701,1986,1500,1500,1500,1500,1500,1500,1500,1500,1500,1500,1500,1500,1500,1500,1500,1500,1500,1500,1500,1500,1500,1500,7.4
2026-08-08,13:29:46.200,84.2,0.8,-76,-87,100,9,0,8,10,-72,100,10,11.5,0.0,0,0,5,-874,1024,129,8,-1024,-3,-560,-660,-1,0,-1,-1,-1,1,0,-1,0x0000000000000000,1513,1652,1566,1540,2012,1574,1543,1260,1701,1986,1500,1500,1500,1500,1500,1500,1500,1500,1500,1500,1500,1500,1500,1500,1500,1500,1500,1500,1500,1500,1500,1500,7.4
2026-08-08,13:29:46.700,82.9,1.6,-74,-87,100,10,0,8,10,-68,100,10,11.5,0.0,0,0,5,2,1024,-6,8,-1024,-3,-560,-660,-1,0,-1,-1,-1,1,0,-1,0x0000000000000000,1513,1362,1530,1518,2012,1534,1520,1260,1701,1986,1500,1500,1500,1500,1500,1500,1500,1500,1500,1500,1500,1500,1500,1500,1500,1500,1500,1500,1500,1500,1500,1500,7.4
2026-08-08,13:29:47.200,88.8,8.5,-73,-87,100,10,0,8,10,-72,100,10,11.5,0.0,0,0,5,-27,1024,80,8,-1024,-4,-560,-660,-1,0,-1,-1,-1,1,0,-1,0x0000000000000000,1513,1369,1553,1532,2012,1560,1535,1260,1701,1986,1500,1500,1500,1500,1500,1500,1500,1500,1500,1500,1500,1500,1500,1500,1500,1500,1500,1500,1500,1500,1500,1500,7.4
2026-08-08,13:29:47.700,91.2,5.0,-74,-87,100,10,0,8,10,-68,100,11,11.6,0.0,0,0,5,-516,1024,101,8,-1024,-3,-560,-660,-1,0,-1,-1,-1,1,0,-1,0x0000000000000000,1513,1504,1559,1536,2012,1566,1539,1260,1701,1986,1500,1500,1500,1500,1500,1500,1500,1500,1500,1500,1500,1500,1500,1500,1500,1500,1500,1500,1500,1500,1500,1500,7.4
2026-08-08,13:29:48.200,94.0,6.2,-73,-87,100,12,0,8,10,-67,100,10,11.6,0.0,0,0,5,4,1024,-6,8,-1024,-4,-560,-660,-1,0,-1,-1,-1,1,0,-1,0x0000000000000000,1513,1362,1530,1518,2012,1534,1520,1260,1701,1986,1500,1500,1500,1500,1500,1500,1500,1500,1500,1500,1500,1500,1500,1500,1500,1500,1500,1500,1500,1500,1500,1500,7.4
2026-08-08,13:29:48.700,96.1,4.5,-75,-87,100,11,0,8,10,-71,100,11,11.5,0.0,0,0,5,3,1024,-4,8,-1024,-4,-560,-660,-1,0,-1,-1,-1,1,0,-1,0x0000000000000000,1513,1362,1531,1519,2012,1534,1520,1260,1701,1986,1500,1500,1500,1500,1500,1500,1500,1500,1500,1500,1500,1500,1500,1500,1500,1500,1500,1500,1500,1500,1500,1500,7.4
2026-08-08,13:29:49.200,96.8,1.8,-73,-87,100,11,0,8,10,-67,100,10,11.5,0.0,0,0,8,450,-1024,-19,8,-1024,-3,-560,-660,-1,0,-1,-1,-1,1,0,-1,0x0000000000000000,1514,1313,1527,1516,2012,1530,1518,1260,1701,988,1500,1500,1500,1500,1500,1500,1500,1500,1500,1500,1500,1500,1500,1500,1500,1500,1500,1500,1500,1500,1500,1500,7.4
2026-08-08,13:29:49.700,97.2,0.2,-74,-87,100,11,0,8,10,-72,100,10,11.6,0.0,0,0,8,49,-1024,978,7,-1024,-4,-561,-660,-1,0,-1,-1,-1,1,0,-1,0x0000000000000000,1514,1417,1794,1679,2012,1826,1692,1260,1701,988,1500,1500,1500,1500,1500,1500,1500,1500,1500,1500,1500,1500,1500,1500,1500,1500,1500,1500,1500,1500,1500,1500,7.4
2026-08-08,13:29:50.200,96.6,-0.7,-74,-87,100,11,0,8,10,-69,100,12,11.6,0.0,0,0,8,-170,-1024,1024,8,-1024,-4,-560,-660,-1,0,-1,-1,-1,1,0,-1,0x0000000000000000,1514,1472,1806,1687,2012,1840,1700,1260,1701,988,1500,1500,1500,1500,1500,1500,1500,1500,1500,1500,1500,1500,1500,1500,1500,1500,1500,1500,1500,1500,1500,1500,7.4
2026-08-08,13:29:50.700,95.7,-1.0,-72,-87,100,11,0,8,10,-70,100,10,11.7,0.0,0,0,8,5,-1024,-5,8,-1024,-3,-560,-660,-1,0,-1,-1,-1,1,0,-1,0x0000000000000000,1514,1428,1530,1518,2012,1534,1520,1260,1701,988,1500,1500,1500,1500,1500,1500,1500,1500,1500,1500,1500,1500,1500,1500,1500,1500,1500,1500,1500,1500,1500,1500,7.4
2026-08-08,13:29:51.200,95.8,-0.3,-72,-87,100,11,0,8,10,-70,100,11,11.7,0.0,0,0,7,5,-1024,-5,8,-1024,-3,-560,-660,-1,0,-1,-1,-1,1,0,-1,0x0000000000000000,1514,1428,1530,1518,2012,1534,1520,1260,1701,988,1500,1500,1500,1500,1500,1500,1500,1500,1500,1500,1500,1500,1500,1500,1500,1500,1500,1500,1500,1500,1500,1500,7.4
2026-08-08,13:29:51.700,95.8,-0.1,-72,-87,100,11,0,8,10,-69,100,12,11.8,0.0,0,0,7,5,-1024,-5,8,-1024,-3,-560,-660,-1,0,-1,-1,-1,1,0,-1,0x0000000000000000,1514,1428,1530,1518,2012,1534,1520,1260,1701,988,1500,1500,1500,1500,1500,1500,1500,1500,1500,1500,1500,1500,1500,1500,1500,1500,1500,1500,1500,1500,1500,1500,7.4
2026-08-08,13:29:52.200,95.9,0.0,-74,-87,100,10,0,8,10,-70,100,10,11.8,0.0,0,0,7,1,-1024,42,8,-1024,-3,-560,-660,-1,0,-1,-1,-1,1,0,-1,0x0000000000000000,1514,1429,1543,1526,2012,1548,1528,1260,1701,988,1500,1500,1500,1500,1500,1500,1500,1500,1500,1500,1500,1500,1500,1500,1500,1500,1500,1500,1500,1500,1500,1500,7.4
2026-08-08,13:29:52.700,95.7,-0.7,-75,-87,100,10,0,8,10,-71,100,10,11.8,0.0,0,0,10,2,-1024,729,8,-1024,-3,-560,-660,-1,0,-1,-1,-1,1,0,-1,0x0000000000000000,1515,1429,1727,1638,2012,1752,1648,1260,1701,988,1500,1500,1500,1500,1500,1500,1500,1500,1500,1500,1500,1500,1500,1500,1500,1500,1500,1500,1500,1500,1500,1500,7.4
2026-08-08,13:29:53.200,95.5,-0.2,-76,-87,100,10,0,8,10,-72,100,10,11.8,0.0,0,0,8,5,-1024,-6,8,-1024,-4,-560,-659,-1,0,-1,-1,-1,1,0,-1,0x0000000000000000,1514,1428,1530,1518,2012,1534,1520,1260,1701,988,1500,1500,1500,1500,1500,1500,1500,1500,1500,1500,1500,1500,1500,1500,1500,1500,1500,1500,1500,1500,1500,1500,7.4
2026-08-08,13:29:53.700,94.8,-0.9,-82,-83,100,10,0,8,10,-77,100,10,11.8,0.0,0,0,8,6,-1024,-6,8,-1024,-3,-560,-660,-1,0,-1,-1,-1,1,0,-1,0x0000000000000000,1514,1428,1530,1518,2012,1534,1520,1260,1701,988,1500,1500,1500,1500,1500,1500,1500,1500,1500,1500,1500,1500,1500,1500,1500,1500,1500,1500,1500,1500,1500,1500,7.4
2026-08-08,13:29:54.200,93.9,-1.2,-82,-83,100,10,0,8,10,-74,100,9,11.8,0.0,0,0,8,6,-1024,-7,8,-1024,-3,-560,-660,-1,0,-1,-1,-1,1,0,-1,0x0000000000000000,1514,1428,1530,1518,2012,1533,1520,1260,1701,988,1500,1500,1500,1500,1500,1500,1500,1500,1500,1500,1500,1500,1500,1500,1500,1500,1500,1500,1500,1500,1500,1500,7.4
2026-08-08,13:29:54.700,93.3,-1.1,-83,-77,99,8,1,8,10,-81,100,10,11.8,0.0,0,0,8,5,-1024,-6,8,-1024,-3,-560,-660,-1,0,-1,-1,-1,1,0,-1,0x0000000000000000,1514,1428,1530,1518,2012,1534,1520,1260,1701,988,1500,1500,1500,1500,1500,1500,1500,1500,1500,1500,1500,1500,1500,1500,1500,1500,1500,1500,1500,1500,1500,1500,7.4
2026-08-08,13:29:55.200,92.6,-1.2,-73,-87,100,10,0,8,10,-66,100,10,11.8,0.0,0,0,8,5,-1024,-6,8,-1024,-3,-560,-660,-1,0,-1,-1,-1,1,0,-1,0x0000000000000000,1514,1428,1530,1518,2012,1534,1520,1260,1701,988,1500,1500,1500,1500,1500,1500,1500,1500,1500,1500,1500,1500,1500,1500,1500,1500,1500,1500,1500,1500,1500,1500,7.4
2026-08-08,13:29:55.700,92.3,-0.7,-74,-87,100,11,0,8,10,-73,100,10,11.8,0.0,0,0,7,5,-1024,-6,8,-1024,-3,-560,-660,-1,0,-1,-1,-1,1,0,-1,0x0000000000000000,1514,1428,1530,1518,2012,1534,1520,1260,1701,988,1500,1500,1500,1500,1500,1500,1500,1500,1500,1500,1500,1500,1500,1500,1500,1500,1500,1500,1500,1500,1500,1500,7.4
2026-08-08,13:29:56.200,91.6,-0.9,-83,-84,100,11,0,8,10,-72,100,11,11.8,0.0,0,0,7,-246,-1024,-5,8,-1024,-4,-560,-660,-1,0,-1,-1,-1,1,0,-1,0x0000000000000000,1514,1498,1530,1518,2012,1534,1520,1260,1701,988,1500,1500,1500,1500,1500,1500,1500,1500,1500,1500,1500,1500,1500,1500,1500,1500,1500,1500,1500,1500,1500,1500,7.4
2026-08-08,13:29:56.700,91.0,-0.8,-79,-84,100,11,0,8,10,-73,100,10,11.8,0.0,0,0,8,4,-1024,-6,8,-1024,-3,-560,-660,-1,0,-1,-1,-1,1,0,-1,0x0000000000000000,1514,1429,1530,1518,2012,1534,1520,1260,1701,988,1500,1500,1500,1500,1500,1500,1500,1500,1500,1500,1500,1500,1500,1500,1500,1500,1500,1500,1500,1500,1500,1500,7.4
2026-08-08,13:29:57.200,91.5,0.4,-76,-84,100,10,0,8,10,-72,100,10,11.8,0.0,0,0,8,3,-1024,-6,8,-1024,-3,-561,-660,-1,0,-1,-1,-1,1,0,-1,0x0000000000000000,1514,1429,1530,1518,2012,1534,1520,1260,1701,988,1500,1500,1500,1500,1500,1500,1500,1500,1500,1500,1500,1500,1500,1500,1500,1500,1500,1500,1500,1500,1500,1500,7.4
2026-08-08,13:29:57.700,91.8,0.5,-76,-79,99,8,0,8,10,-76,100,10,11.8,0.0,0,0,8,-328,-1024,-525,9,-1024,-3,-560,-660,-1,0,-1,-1,-1,1,0,-1,0x0000000000000000,1514,1519,1405,1439,2012,1378,1429,1260,1701,988,1500,1500,1500,1500,1500,1500,1500,1500,1500,1500,1500,1500,1500,1500,1500,1500,1500,1500,1500,1500,1500,1500,7.4
2026-08-08,13:29:58.200,92.5,1.3,-76,-79,99,9,0,8,10,-72,100,11,11.8,0.0,0,0,8,4,-1024,-110,8,-1024,-3,-560,-660,-1,0,-1,-1,-1,1,0,-1,0x0000000000000000,1514,1429,1502,1501,2012,1503,1502,1260,1701,988,1500,1500,1500,1500,1500,1500,1500,1500,1500,1500,1500,1500,1500,1500,1500,1500,1500,1500,1500,1500,1500,1500,7.4
2026-08-08,13:29:58.700,93.0,0.9,-77,-79,100,10,0,8,10,-74,100,10,11.8,0.0,0,0,8,-182,-1024,-308,8,-1024,-3,-560,-660,-1,0,-1,-1,-1,1,0,-1,0x0000000000000000,1514,1476,1456,1472,2012,1443,1467,1260,1701,988,1500,1500,1500,1500,1500,1500,1500,1500,1500,1500,1500,1500,1500,1500,1500,1500,1500,1500,1500,1500,1500,1500,7.4
2026-08-08,13:29:59.200,93.4,0.8,-76,-79,100,10,0,8,10,-72,100,11,11.8,0.0,0,0,8,-389,-1024,-827,8,-1024,-3,-561,-660,-1,0,-1,-1,-1,1,0,-1,0x0000000000000000,1514,1538,1334,1394,2012,1287,1376,1260,1701,988,1500,1500,1500,1500,1500,1500,1500,1500,1500,1500,1500,1500,1500,1500,1500,1500,1500,1500,1500,1500,1500,1500,7.4
2026-08-08,13:29:59.700,93.6,0.6,-74,-79,100,11,0,8,10,-68,100,10,11.8,0.0,0,0,7,2,-1024,44,8,-1024,-4,-560,-660,-1,0,-1,-1,-1,1,0,-1,0x0000000000000000,1514,1429,1544,1527,2012,1549,1529,1260,1701,988,1500,1500,1500,1500,1500,1500,1500,1500,1500,1500,1500,1500,1500,1500,1500,1500,1500,1500,1500,1500,1500,1500,7.4
2026-08-08,13:30:00.200,93.5,-0.3,-73,-79,100,10,0,8,10,-69,100,11,11.8,0.0,0,0,8,-440,-1024,318,8,-1024,-3,-560,-659,-1,0,-1,-1,-1,1,0,-1,0x0000000000000000,1514,1559,1617,1571,2012,1630,1577,1260,1701,988,1500,1500,1500,1500,1500,1500,1500,1500,1500,1500,1500,1500,1500,1500,1500,1500,1500,1500,1500,1500,1500,1500,7.4
2026-08-08,13:30:00.700,92.7,-1.4,-74,-79,100,11,0,8,10,-71,100,11,11.8,0.0,0,0,8,3,-1024,170,8,-1024,-3,-560,-660,-1,0,-1,-1,-1,1,0,-1,0x0000000000000000,1514,1429,1577,1547,2012,1586,1551,1260,1701,988,1500,1500,1500,1500,1500,1500,1500,1500,1500,1500,1500,1500,1500,1500,1500,1500,1500,1500,1500,1500,1500,1500,7.4
2026-08-08,13:30:01.200,91.9,-1.7,-77,-79,100,10,0,8,10,-72,100,11,11.8,0.0,0,0,8,5,-1024,-6,8,-1024,-3,-560,-660,-1,0,-1,-1,-1,1,0,-1,0x0000000000000000,1514,1428,1530,1518,2012,1534,1520,1260,1701,988,1500,1500,1500,1500,1500,1500,1500,1500,1500,1500,1500,1500,1500,1500,1500,1500,1500,1500,1500,1500,1500,1500,7.4
2026-08-08,13:30:01.700,91.0,-1.8,-76,-79,100,10,0,8,10,-70,100,11,11.8,0.0,0,0,8,5,-1024,-6,8,-1024,-4,-560,-660,-1,0,-1,-1,-1,1,0,-1,0x0000000000000000,1514,1428,1530,1518,2012,1534,1520,1260,1701,988,1500,1500,1500,1500,1500,1500,1500,1500,1500,1500,1500,1500,1500,1500,1500,1500,1500,1500,1500,1500,1500,1500,7.4
2026-08-08,13:30:02.200,90.1,-1.5,-76,-79,100,10,0,8,10,-73,100,9,11.8,0.0,0,0,8,4,-1024,-5,8,-1024,-3,-560,-660,-1,0,-1,-1,-1,1,0,-1,0x0000000000000000,1514,1429,1530,1518,2012,1534,1520,1260,1701,988,1500,1500,1500,1500,1500,1500,1500,1500,1500,1500,1500,1500,1500,1500,1500,1500,1500,1500,1500,1500,1500,1500,7.4
2026-08-08,13:30:02.700,88.6,-3.1,-77,-79,100,11,0,8,10,-73,100,10,11.8,0.0,0,0,8,-209,-1024,119,8,-1024,-3,-560,-660,-1,0,-1,-1,-1,1,0,-1,0x0000000000000000,1514,1484,1564,1539,2012,1571,1542,1260,1701,988,1500,1500,1500,1500,1500,1500,1500,1500,1500,1500,1500,1500,1500,1500,1500,1500,1500,1500,1500,1500,1500,1500,7.4
2026-08-08,13:30:03.200,87.7,-2.7,-78,-79,100,10,0,8,10,-72,100,10,11.8,0.0,0,0,8,5,-1024,-5,8,-1024,-3,-560,-660,-1,0,-1,-1,-1,1,0,-1,0x0000000000000000,1514,1428,1530,1518,2012,1534,1520,1260,1701,988,1500,1500,1500,1500,1500,1500,1500,1500,1500,1500,1500,1500,1500,1500,1500,1500,1500,1500,1500,1500,1500,1500,7.4
2026-08-08,13:30:03.700,86.7,-1.7,-77,-79,100,11,0,8,10,-73,96,11,11.8,0.0,0,0,8,5,-1024,-6,8,-1024,-3,-560,-660,-1,0,-1,-1,-1,1,0,-1,0x0000000000000000,1514,1428,1530,1518,2012,1534,1520,1260,1701,988,1500,1500,1500,1500,1500,1500,1500,1500,1500,1500,1500,1500,1500,1500,1500,1500,1500,1500,1500,1500,1500,1500,7.4
2026-08-08,13:30:04.200,87.1,-0.3,-79,-79,100,9,1,8,10,-80,96,10,11.8,0.0,0,0,8,6,-1024,-11,8,-1024,-3,-561,-660,-1,0,-1,-1,-1,1,0,-1,0x0000000000000000,1514,1428,1529,1517,2012,1532,1519,1260,1701,988,1500,1500,1500,1500,1500,1500,1500,1500,1500,1500,1500,1500,1500,1500,1500,1500,1500,1500,1500,1500,1500,1500,7.4
2026-08-08,13:30:04.700,87.9,1.3,-79,-82,100,9,1,8,10,-72,100,10,11.8,0.0,0,0,8,5,-1024,-6,8,-1024,-3,-560,-660,-1,0,-1,-1,-1,1,0,-1,0x0000000000000000,1514,1428,1530,1518,2012,1534,1520,1260,1701,988,1500,1500,1500,1500,1500,1500,1500,1500,1500,1500,1500,1500,1500,1500,1500,1500,1500,1500,1500,1500,1500,1500,7.4
2026-08-08,13:30:05.200,88.0,0.4,-79,-80,100,11,1,8,10,-70,96,11,11.8,0.0,0,0,8,5,-1024,-6,8,-1024,-3,-561,-660,-1,0,-1,-1,-1,1,0,-1,0x0000000000000000,1514,1428,1530,1518,2012,1534,1520,1260,1701,988,1500,1500,1500,1500,1500,1500,1500,1500,1500,1500,1500,1500,1500,1500,1500,1500,1500,1500,1500,1500,1500,1500,7.4
2026-08-08,13:30:05.700,88.4,0.4,-79,-77,100,11,1,8,10,-70,100,11,11.9,0.0,0,0,8,5,-1024,-6,8,-1024,-4,-560,-660,-1,0,-1,-1,-1,1,0,-1,0x0000000000000000,1514,1428,1530,1518,2012,1534,1520,1260,1701,988,1500,1500,1500,1500,1500,1500,1500,1500,1500,1500,1500,1500,1500,1500,1500,1500,1500,1500,1500,1500,1500,1500,7.4
2026-08-08,13:30:06.200,88.6,-0.1,-79,-79,100,10,1,8,10,-71,96,11,11.9,0.0,0,0,8,5,-1024,-6,8,-1024,-3,-560,-660,-1,0,-1,-1,-1,1,0,-1,0x0000000000000000,1514,1428,1530,1518,2012,1534,1520,1260,1701,988,1500,1500,1500,1500,1500,1500,1500,1500,1500,1500,1500,1500,1500,1500,1500,1500,1500,1500,1500,1500,1500,1500,7.4
2026-08-08,13:30:06.700,88.3,-0.4,-79,-80,100,10,1,8,10,-72,100,10,11.8,0.0,0,0,8,5,-1024,-6,8,-1024,-3,-560,-660,-1,0,-1,-1,-1,1,0,-1,0x0000000000000000,1514,1428,1530,1518,2012,1534,1520,1260,1701,988,1500,1500,1500,1500,1500,1500,1500,1500,1500,1500,1500,1500,1500,1500,1500,1500,1500,1500,1500,1500,1500,1500,7.4
2026-08-08,13:30:07.200,88.3,0.0,-79,-80,100,10,1,8,10,-71,100,10,11.8,0.0,0,0,8,-17,-1024,-7,8,-1024,-3,-560,-660,-1,0,-1,-1,-1,1,0,-1,0x0000000000000000,1514,1434,1530,1518,2012,1533,1520,1260,1701,988,1500,1500,1500,1500,1500,1500,1500,1500,1500,1500,1500,1500,1500,1500,1500,1500,1500,1500,1500,1500,1500,1500,7.4
2026-08-08,13:30:07.700,88.1,-0.2,-79,-78,100,10,1,8,10,-69,100,-5,11.9,0.0,0,0,8,-98,-1024,-54,8,-1024,-3,-560,-660,-1,0,-1,-1,-1,1,0,-1,0x0000000000000000,1514,1454,1517,1510,2012,1519,1511,1260,1701,988,1500,1500,1500,1500,1500,1500,1500,1500,1500,1500,1500,1500,1500,1500,1500,1500,1500,1500,1500,1500,1500,1500,7.4
2026-08-08,13:30:08.200,87.7,-0.8,-79,-78,100,11,1,8,10,-71,100,11,11.9,0.0,0,0,8,-182,-1024,-210,8,-1024,-3,-560,-660,-1,0,-1,-1,-1,1,0,-1,0x0000000000000000,1514,1476,1479,1487,2012,1473,1484,1260,1701,988,1500,1500,1500,1500,1500,1500,1500,1500,1500,1500,1500,1500,1500,1500,1500,1500,1500,1500,1500,1500,1500,1500,7.4
2026-08-08,13:30:08.700,87.8,-0.1,-79,-79,100,10,1,8,10,-71,100,11,11.8,0.0,0,0,8,5,-1024,-6,8,-1024,-3,-560,-660,-1,0,-1,-1,-1,1,0,-1,0x0000000000000000,1514,1428,1530,1518,2012,1534,1520,1260,1701,988,1500,1500,1500,1500,1500,1500,1500,1500,1500,1500,1500,1500,1500,1500,1500,1500,1500,1500,1500,1500,1500,1500,7.4
2026-08-08,13:30:09.200,87.7,0.1,-79,-79,100,11,1,8,10,-71,96,11,11.8,0.0,0,0,8,2,-1024,-8,8,-1024,-3,-560,-660,-1,0,-1,-1,-1,1,0,-1,0x0000000000000000,1514,1429,1530,1518,2012,1533,1519,1260,1701,988,1500,1500,1500,1500,1500,1500,1500,1500,1500,1500,1500,1500,1500,1500,1500,1500,1500,1500,1500,1500,1500,1500,7.4
2026-08-08,13:30:09.700,88.2,0.6,-79,-77,100,4,1,8,25,-75,96,10,11.8,0.0,0,0,8,5,-1024,-6,8,-1024,-3,-561,-660,-1,0,-1,-1,-1,1,0,-1,0x0000000000000000,1514,1428,1530,1518,2012,1534,1520,1260,1701,988,1500,1500,1500,1500,1500,1500,1500,1500,1500,1500,1500,1500,1500,1500,1500,1500,1500,1500,1500,1500,1500,1500,7.4
2026-08-08,13:30:10.200,88.3,0.0,-79,-78,100,10,1,8,10,-67,100,10,11.9,0.0,0,0,8,5,-1024,-6,8,-1024,-3,-560,-660,-1,0,-1,-1,-1,1,0,-1,0x0000000000000000,1514,1428,1530,1518,2012,1534,1520,1260,1701,988,1500,1500,1500,1500,1500,1500,1500,1500,1500,1500,1500,1500,1500,1500,1500,1500,1500,1500,1500,1500,1500,1500,7.4
2026-08-08,13:30:10.700,88.1,-0.1,-79,-78,100,10,1,8,10,-70,100,11,11.9,0.0,0,0,8,5,-1024,-6,8,-1024,-4,-560,-660,-1,0,-1,-1,-1,1,0,-1,0x0000000000000000,1514,1428,1530,1518,2012,1534,1520,1260,1701,988,1500,1500,1500,1500,1500,1500,1500,1500,1500,1500,1500,1500,1500,1500,1500,1500,1500,1500,1500,1500,1500,1500,7.4
2026-08-08,13:30:11.200,88.9,1.2,-79,-79,100,11,1,8,10,-75,92,10,11.9,0.0,0,0,8,5,-1024,-6,8,-1024,-3,-560,-660,-1,0,-1,-1,-1,1,0,-1,0x0000000000000000,1514,1428,1530,1518,2012,1534,1520,1260,1701,988,1500,1500,1500,1500,1500,1500,1500,1500,1500,1500,1500,1500,1500,1500,1500,1500,1500,1500,1500,1500,1500,1500,7.4
2026-08-08,13:30:11.700,89.4,1.3,-79,-79,100,11,1,8,10,-71,100,10,11.9,0.0,0,0,8,5,-1024,-6,8,-1024,-4,-560,-660,-1,0,-1,-1,-1,1,0,-1,0x0000000000000000,1514,1428,1530,1518,2012,1534,1520,1260,1701,988,1500,1500,1500,1500,1500,1500,1500,1500,1500,1500,1500,1500,1500,1500,1500,1500,1500,1500,1500,1500,1500,1500,7.4
2026-08-08,13:30:12.200,89.5,0.2,-79,-78,100,10,1,8,10,-70,100,10,11.8,0.0,0,0,7,5,-1024,-6,8,-1024,-3,-560,-660,-1,0,-1,-1,-1,1,0,-1,0x0000000000000000,1514,1428,1530,1518,2012,1534,1520,1260,1701,988,1500,1500,1500,1500,1500,1500,1500,1500,1500,1500,1500,1500,1500,1500,1500,1500,1500,1500,1500,1500,1500,1500,7.4
2026-08-08,13:30:12.700,89.6,-0.2,-79,-79,100,11,1,8,10,-78,100,10,11.8,0.0,0,0,7,5,-1024,-6,8,-1024,-3,-560,-660,-1,0,-1,-1,-1,1,0,-1,0x0000000000000000,1514,1428,1530,1518,2012,1534,1520,1260,1701,988,1500,1500,1500,1500,1500,1500,1500,1500,1500,1500,1500,1500,1500,1500,1500,1500,1500,1500,1500,1500,1500,1500,7.4
2026-08-08,13:30:13.200,89.9,0.3,-79,-81,100,9,1,8,10,-71,100,10,11.9,0.0,0,0,8,5,-1024,-6,8,-1024,-3,-560,-660,-1,0,-1,-1,-1,1,0,-1,0x0000000000000000,1514,1428,1530,1518,2012,1534,1520,1260,1701,988,1500,1500,1500,1500,1500,1500,1500,1500,1500,1500,1500,1500,1500,1500,1500,1500,1500,1500,1500,1500,1500,1500,7.4
2026-08-08,13:30:13.700,90.1,0.1,-79,-80,100,10,1,8,10,-73,100,10,11.9,0.0,0,0,7,5,-1024,-7,8,-1024,-3,-560,-660,-1,0,-1,-1,-1,1,0,-1,0x0000000000000000,1514,1428,1530,1518,2012,1533,1520,1260,1701,988,1500,1500,1500,1500,1500,1500,1500,1500,1500,1500,1500,1500,1500,1500,1500,1500,1500,1500,1500,1500,1500,1500,7.4
2026-08-08,13:30:14.200,90.0,-0.5,-79,-82,100,8,1,8,10,-73,100,11,11.9,0.0,0,0,8,5,-1024,-6,8,-1024,-3,-560,-660,-1,0,-1,-1,-1,1,0,-1,0x0000000000000000,1514,1428,1530,1518,2012,1534,1520,1260,1701,988,1500,1500,1500,1500,1500,1500,1500,1500,1500,1500,1500,1500,1500,1500,1500,1500,1500,1500,1500,1500,1500,1500,7.4
2026-08-08,13:30:14.700,89.4,-1.2,-79,-81,100,10,1,8,10,-72,100,10,11.9,0.0,0,0,8,4,-1024,-7,8,-1024,-4,-560,-660,-1,0,-1,-1,-1,1,0,-1,0x0000000000000000,1514,1429,1530,1518,2012,1533,1520,1260,1701,988,1500,1500,1500,1500,1500,1500,1500,1500,1500,1500,1500,1500,1500,1500,1500,1500,1500,1500,1500,1500,1500,1500,7.4
2026-08-08,13:30:15.200,89.2,-0.5,-79,-83,100,10,0,8,10,-72,100,11,11.9,0.0,0,0,7,3,-1024,-10,8,-1024,-3,-560,-660,-1,0,-1,-1,-1,1,0,-1,0x0000000000000000,1514,1429,1529,1518,2012,1532,1519,1260,1701,988,1500,1500,1500,1500,1500,1500,1500,1500,1500,1500,1500,1500,1500,1500,1500,1500,1500,1500,1500,1500,1500,1500,7.4
2026-08-08,13:30:15.700,88.5,-1.2,-80,-83,100,11,0,8,10,-76,100,12,11.9,0.0,0,0,8,5,-1024,-6,8,-1024,-3,-560,-660,-1,0,-1,-1,-1,1,0,-1,0x0000000000000000,1514,1428,1530,1518,2012,1534,1520,1260,1701,988,1500,1500,1500,1500,1500,1500,1500,1500,1500,1500,1500,1500,1500,1500,1500,1500,1500,1500,1500,1500,1500,1500,7.4
2026-08-08,13:30:16.200,88.3,-0.6,-89,-83,98,9,1,8,10,-80,100,11,11.9,0.0,0,0,8,4,-1024,-6,8,-1024,-3,-561,-660,-1,0,-1,-1,-1,1,0,-1,0x0000000000000000,1514,1429,1530,1518,2012,1534,1520,1260,1701,988,1500,1500,1500,1500,1500,1500,1500,1500,1500,1500,1500,1500,1500,1500,1500,1500,1500,1500,1500,1500,1500,1500,7.4
2026-08-08,13:30:16.700,89.1,0.7,-89,-85,99,9,1,8,10,-74,100,10,11.9,0.0,0,0,8,5,-1024,-6,8,-1024,-3,-560,-660,-1,0,-1,-1,-1,1,0,-1,0x0000000000000000,1514,1428,1530,1518,2012,1534,1520,1260,1701,988,1500,1500,1500,1500,1500,1500,1500,1500,1500,1500,1500,1500,1500,1500,1500,1500,1500,1500,1500,1500,1500,1500,7.4
2026-08-08,13:30:17.200,88.5,-0.8,-78,-85,99,11,0,8,10,-71,100,11,11.9,0.0,0,0,8,5,-1024,-6,8,-1024,-3,-560,-660,-1,0,-1,-1,-1,1,0,-1,0x0000000000000000,1514,1428,1530,1518,2012,1534,1520,1260,1701,988,1500,1500,1500,1500,1500,1500,1500,1500,1500,1500,1500,1500,1500,1500,1500,1500,1500,1500,1500,1500,1500,1500,7.4
2026-08-08,13:30:17.700,88.3,-0.3,-72,-85,100,12,0,8,10,-65,100,11,11.9,0.0,0,0,7,5,-1024,-6,8,-1024,-4,-560,-660,-1,0,-1,-1,-1,1,0,-1,0x0000000000000000,1514,1428,1530,1518,2012,1534,1520,1260,1701,988,1500,1500,1500,1500,1500,1500,1500,1500,1500,1500,1500,1500,1500,1500,1500,1500,1500,1500,1500,1500,1500,1500,7.4
2026-08-08,13:30:18.200,88.0,-0.8,-72,-85,100,11,0,8,10,-68,100,11,11.9,0.0,0,0,8,5,-1024,-6,8,-1024,-3,-560,-660,-1,0,-1,-1,-1,1,0,-1,0x0000000000000000,1514,1428,1530,1518,2012,1534,1520,1260,1701,988,1500,1500,1500,1500,1500,1500,1500,1500,1500,1500,1500,1500,1500,1500,1500,1500,1500,1500,1500,1500,1500,1500,7.4
2026-08-08,13:30:18.700,87.8,-0.2,-76,-89,100,11,0,8,10,-72,100,10,11.9,0.0,0,0,7,5,-1024,-6,8,-1024,-3,-561,-660,-1,0,-1,-1,-1,1,0,-1,0x0000000000000000,1514,1428,1530,1518,2012,1534,1520,1260,1701,988,1500,1500,1500,1500,1500,1500,1500,1500,1500,1500,1500,1500,1500,1500,1500,1500,1500,1500,1500,1500,1500,1500,7.4
2026-08-08,13:30:19.200,86.9,-1.6,-73,-89,100,11,0,8,10,-69,96,11,11.9,0.0,0,0,7,5,-1024,-6,8,-1024,-3,-560,-660,-1,0,-1,-1,-1,1,0,-1,0x0000000000000000,1514,1428,1530,1518,2012,1534,1520,1260,1701,988,1500,1500,1500,1500,1500,1500,1500,1500,1500,1500,1500,1500,1500,1500,1500,1500,1500,1500,1500,1500,1500,1500,7.4
2026-08-08,13:30:19.700,85.9,-2.2,-72,-89,100,11,0,8,10,-70,100,10,11.9,0.0,0,0,7,5,-1024,-6,8,-1024,-3,-560,-660,-1,0,-1,-1,-1,1,0,-1,0x0000000000000000,1514,1428,1530,1518,2012,1534,1520,1260,1701,988,1500,1500,1500,1500,1500,1500,1500,1500,1500,1500,1500,1500,1500,1500,1500,1500,1500,1500,1500,1500,1500,1500,7.4
2026-08-08,13:30:20.200,85.1,-2.0,-74,-89,100,11,0,8,10,-71,100,11,11.9,0.0,0,0,8,5,-1024,-7,8,-1024,-4,-560,-660,-1,0,-1,-1,-1,1,0,-1,0x0000000000000000,1514,1428,1530,1518,2012,1533,1520,1260,1701,988,1500,1500,1500,1500,1500,1500,1500,1500,1500,1500,1500,1500,1500,1500,1500,1500,1500,1500,1500,1500,1500,1500,7.4
2026-08-08,13:30:20.700,83.4,-3.0,-81,-85,100,10,0,8,10,-78,96,10,11.9,0.0,0,0,7,-226,-1024,-8,8,-1024,-3,-560,-660,-1,0,-1,-1,-1,1,0,-1,0x0000000000000000,1514,1488,1530,1518,2012,1533,1519,1260,1701,988,1500,1500,1500,1500,1500,1500,1500,1500,1500,1500,1500,1500,1500,1500,1500,1500,1500,1500,1500,1500,1500,1500,7.4
2026-08-08,13:30:21.200,82.5,-1.8,-81,-89,99,9,0,8,10,-77,100,9,11.9,0.0,0,0,7,-266,-1024,-21,8,-1024,-3,-560,-660,-1,0,-1,-1,-1,1,0,-1,0x0000000000000000,1514,1500,1526,1516,2012,1529,1517,1260,1701,988,1500,1500,1500,1500,1500,1500,1500,1500,1500,1500,1500,1500,1500,1500,1500,1500,1500,1500,1500,1500,1500,1500,7.4
2026-08-08,13:30:21.700,82.4,-0.5,-82,-85,99,10,0,8,10,-75,100,10,11.9,0.0,0,0,7,5,-1024,-6,8,-1024,-3,-561,-659,-1,0,-1,-1,-1,1,0,-1,0x0000000000000000,1514,1428,1530,1518,2012,1534,1520,1260,1701,988,1500,1500,1500,1500,1500,1500,1500,1500,1500,1500,1500,1500,1500,1500,1500,1500,1500,1500,1500,1500,1500,1500,7.4
2026-08-08,13:30:22.200,82.0,-0.9,-83,-85,99,8,0,8,10,-86,100,9,11.9,0.0,0,0,7,2,-1024,-7,8,-1024,-3,-560,-660,-1,0,-1,-1,-1,1,0,-1,0x0000000000000000,1514,1429,1530,1518,2012,1533,1520,1260,1701,988,1500,1500,1500,1500,1500,1500,1500,1500,1500,1500,1500,1500,1500,1500,1500,1500,1500,1500,1500,1500,1500,1500,7.4
2026-08-08,13:30:22.700,81.5,-1.3,-85,-78,99,10,1,8,10,-80,100,11,11.9,0.0,0,0,7,5,-1024,-6,8,-1024,-3,-561,-659,-1,0,-1,-1,-1,1,0,-1,0x0000000000000000,1514,1428,1530,1518,2012,1534,1520,1260,1701,988,1500,1500,1500,1500,1500,1500,1500,1500,1500,1500,1500,1500,1500,1500,1500,1500,1500,1500,1500,1500,1500,1500,7.4
2026-08-08,13:30:23.200,81.6,0.1,-79,-88,98,11,0,8,50,-78,100,10,11.9,0.0,0,0,7,5,-1024,-6,8,-1024,-3,-560,-660,-1,0,-1,-1,-1,1,0,-1,0x0000000000000000,1514,1428,1530,1518,2012,1534,1520,1260,1701,988,1500,1500,1500,1500,1500,1500,1500,1500,1500,1500,1500,1500,1500,1500,1500,1500,1500,1500,1500,1500,1500,1500,7.3
2026-08-08,13:30:23.700,81.5,-0.5,-86,-90,99,10,0,8,25,-88,100,8,11.9,0.0,0,0,7,5,-1024,-6,8,-1024,-3,-560,-660,-1,0,-1,-1,-1,1,0,-1,0x0000000000000000,1514,1428,1530,1518,2012,1534,1520,1260,1701,988,1500,1500,1500,1500,1500,1500,1500,1500,1500,1500,1500,1500,1500,1500,1500,1500,1500,1500,1500,1500,1500,1500,7.3
2026-08-08,13:30:24.200,81.2,-0.8,-87,-85,99,7,1,8,10,-83,100,10,11.9,0.0,0,0,7,5,-1024,-6,8,-1024,-3,-560,-660,-1,0,-1,-1,-1,1,0,-1,0x0000000000000000,1514,1428,1530,1518,2012,1534,1520,1260,1701,988,1500,1500,1500,1500,1500,1500,1500,1500,1500,1500,1500,1500,1500,1500,1500,1500,1500,1500,1500,1500,1500,1500,7.3
2026-08-08,13:30:24.700,79.8,-2.2,-80,-86,98,9,0,8,10,-80,100,10,11.9,0.0,0,0,7,4,-1024,-5,8,-1024,-3,-560,-660,-1,0,-1,-1,-1,1,0,-1,0x0000000000000000,1514,1429,1530,1518,2012,1534,1520,1260,1701,988,1500,1500,1500,1500,1500,1500,1500,1500,1500,1500,1500,1500,1500,1500,1500,1500,1500,1500,1500,1500,1500,1500,7.3
2026-08-08,13:30:25.200,77.9,-3.5,-82,-83,99,11,1,8,100,-72,96,10,11.9,0.0,0,0,7,-47,-1024,-5,8,-1024,-3,-560,-660,-1,0,-1,-1,-1,1,0,-1,0x0000000000000000,1514,1441,1530,1518,2012,1534,1520,1260,1701,988,1500,1500,1500,1500,1500,1500,1500,1500,1500,1500,1500,1500,1500,1500,1500,1500,1500,1500,1500,1500,1500,1500,7.3
2026-08-08,13:30:25.700,77.2,-2.2,-82,-84,100,8,1,8,10,-83,100,9,11.9,0.0,0,0,7,5,-1024,-6,8,-1024,-3,-560,-660,-1,0,-1,-1,-1,1,0,-1,0x0000000000000000,1514,1428,1530,1518,2012,1534,1520,1260,1701,988,1500,1500,1500,1500,1500,1500,1500,1500,1500,1500,1500,1500,1500,1500,1500,1500,1500,1500,1500,1500,1500,1500,7.3
2026-08-08,13:30:26.200,76.0,-2.3,-82,-84,100,8,1,8,10,-78,96,10,11.9,0.0,0,0,8,6,-1024,-7,8,-1024,-3,-560,-660,-1,0,-1,-1,-1,1,0,-1,0x0000000000000000,1514,1428,1530,1518,2012,1533,1520,1260,1701,988,1500,1500,1500,1500,1500,1500,1500,1500,1500,1500,1500,1500,1500,1500,1500,1500,1500,1500,1500,1500,1500,1500,7.3
2026-08-08,13:30:26.700,75.1,-1.6,-77,-86,100,10,0,8,10,-73,100,10,11.9,0.0,0,0,7,5,-1024,-6,8,-1024,-3,-561,-660,-1,0,-1,-1,-1,1,0,-1,0x0000000000000000,1514,1428,1530,1518,2012,1534,1520,1260,1701,988,1500,1500,1500,1500,1500,1500,1500,1500,1500,1500,1500,1500,1500,1500,1500,1500,1500,1500,1500,1500,1500,1500,7.3
2026-08-08,13:30:27.200,74.5,-0.7,-78,-86,100,11,0,8,10,-72,100,11,11.8,0.0,0,0,7,5,-1024,-6,8,-1024,-3,-560,-660,-1,0,-1,-1,-1,1,0,-1,0x0000000000000000,1514,1428,1530,1518,2012,1534,1520,1260,1701,988,1500,1500,1500,1500,1500,1500,1500,1500,1500,1500,1500,1500,1500,1500,1500,1500,1500,1500,1500,1500,1500,1500,7.3
2026-08-08,13:30:27.700,73.7,-1.4,-78,-80,99,10,0,8,10,-76,100,10,11.8,0.0,0,0,7,5,-1024,-7,8,-1024,-4,-560,-660,-1,0,-1,-1,-1,1,0,-1,0x0000000000000000,1514,1428,1530,1518,2012,1533,1520,1260,1701,988,1500,1500,1500,1500,1500,1500,1500,1500,1500,1500,1500,1500,1500,1500,1500,1500,1500,1500,1500,1500,1500,1500,7.3
2026-08-08,13:30:28.200,73.7,-0.1,-79,-80,100,11,0,8,10,-77,100,10,11.9,0.0,0,0,7,5,-1024,-6,8,-1024,-3,-560,-660,-1,0,-1,-1,-1,1,0,-1,0x0000000000000000,1514,1428,1530,1518,2012,1534,1520,1260,1701,988,1500,1500,1500,1500,1500,1500,1500,1500,1500,1500,1500,1500,1500,1500,1500,1500,1500,1500,1500,1500,1500,1500,7.3
2026-08-08,13:30:28.700,72.8,-1.0,-82,-80,100,8,0,8,10,-85,100,9,11.9,0.0,0,0,7,2,-1024,-6,8,-1024,-3,-561,-660,-1,0,-1,-1,-1,1,0,-1,0x0000000000000000,1514,1429,1530,1518,2012,1534,1520,1260,1701,988,1500,1500,1500,1500,1500,1500,1500,1500,1500,1500,1500,1500,1500,1500,1500,1500,1500,1500,1500,1500,1500,1500,7.3
2026-08-08,13:30:29.200,71.9,-1.6,-82,-90,100,10,0,8,10,-76,100,11,11.9,0.0,0,0,7,5,-1024,-6,8,-1024,-3,-560,-660,-1,0,-1,-1,-1,1,0,-1,0x0000000000000000,1514,1428,1530,1518,2012,1534,1520,1260,1701,988,1500,1500,1500,1500,1500,1500,1500,1500,1500,1500,1500,1500,1500,1500,1500,1500,1500,1500,1500,1500,1500,1500,7.3
2026-08-08,13:30:29.700,71.3,-1.6,-80,-90,100,11,0,8,10,-76,100,10,11.9,0.0,0,0,7,5,-1024,-6,8,-1024,-4,-560,-659,-1,0,-1,-1,-1,1,0,-1,0x0000000000000000,1514,1428,1530,1518,2012,1534,1520,1260,1701,988,1500,1500,1500,1500,1500,1500,1500,1500,1500,1500,1500,1500,1500,1500,1500,1500,1500,1500,1500,1500,1500,1500,7.3
2026-08-08,13:30:30.200,70.6,-1.5,-79,-90,100,10,0,8,10,-75,100,11,11.9,0.0,0,0,7,5,-1024,-6,8,-1024,-3,-560,-660,-1,0,-1,-1,-1,1,0,-1,0x0000000000000000,1514,1428,1530,1518,2012,1534,1520,1260,1701,988,1500,1500,1500,1500,1500,1500,1500,1500,1500,1500,1500,1500,1500,1500,1500,1500,1500,1500,1500,1500,1500,1500,7.3
2026-08-08,13:30:30.700,69.9,-1.2,-79,-94,97,10,0,8,10,-81,100,9,11.9,0.0,0,0,7,5,-1024,-6,8,-1024,-3,-561,-660,-1,0,-1,-1,-1,1,0,-1,0x0000000000000000,1514,1428,1530,1518,2012,1534,1520,1260,1701,988,1500,1500,1500,1500,1500,1500,1500,1500,1500,1500,1500,1500,1500,1500,1500,1500,1500,1500,1500,1500,1500,1500,7.3
2026-08-08,13:30:31.200,69.0,-1.7,-76,-94,98,10,0,8,10,-73,100,10,11.9,0.0,0,0,7,5,-1024,-6,8,-1024,-3,-560,-660,-1,0,-1,-1,-1,1,0,-1,0x0000000000000000,1514,1428,1530,1518,2012,1534,1520,1260,1701,988,1500,1500,1500,1500,1500,1500,1500,1500,1500,1500,1500,1500,1500,1500,1500,1500,1500,1500,1500,1500,1500,1500,7.3
2026-08-08,13:30:31.700,67.3,-3.4,-80,-92,98,8,0,8,25,-83,100,10,11.9,0.0,0,0,7,-215,-1024,-350,8,-1024,-3,-560,-660,-1,0,-1,-1,-1,1,0,-1,0x0000000000000000,1514,1481,1446,1466,2012,1431,1460,1260,1701,988,1500,1500,1500,1500,1500,1500,1500,1500,1500,1500,1500,1500,1500,1500,1500,1500,1500,1500,1500,1500,1500,1500,7.3
2026-08-08,13:30:32.200,67.4,-0.4,-81,-92,100,9,0,8,10,-76,100,10,11.9,0.0,0,0,7,5,-1024,-6,8,-1024,-3,-560,-660,-1,0,-1,-1,-1,1,0,-1,0x0000000000000000,1514,1428,1530,1518,2012,1534,1520,1260,1701,988,1500,1500,1500,1500,1500,1500,1500,1500,1500,1500,1500,1500,1500,1500,1500,1500,1500,1500,1500,1500,1500,1500,7.3
2026-08-08,13:30:32.700,67.1,-0.7,-84,-87,95,10,0,8,50,-85,92,7,11.9,0.0,0,0,7,5,-1024,-7,8,-1024,-3,-560,-660,-1,0,-1,-1,-1,1,0,-1,0x0000000000000000,1514,1428,1530,1518,2012,1533,1520,1260,1701,988,1500,1500,1500,1500,1500,1500,1500,1500,1500,1500,1500,1500,1500,1500,1500,1500,1500,1500,1500,1500,1500,1500,7.3
2026-08-08,13:30:33.200,67.7,0.5,-84,-86,95,9,0,8,10,-78,92,11,11.9,0.0,0,0,7,-466,-1024,-5,8,-1024,-4,-560,-660,-1,0,-1,-1,-1,1,0,-1,0x0000000000000000,1514,1564,1530,1518,2012,1534,1520,1260,1701,988,1500,1500,1500,1500,1500,1500,1500,1500,1500,1500,1500,1500,1500,1500,1500,1500,1500,1500,1500,1500,1500,1500,7.3
2026-08-08,13:30:33.700,68.4,1.3,-85,-85,97,4,1,8,25,-82,100,9,11.9,0.0,0,0,7,-1,-1024,766,8,-1024,-3,-560,-660,-1,0,-1,-1,-1,1,0,-1,0x0000000000000000,1514,1430,1737,1644,2012,1763,1655,1260,1701,988,1500,1500,1500,1500,1500,1500,1500,1500,1500,1500,1500,1500,1500,1500,1500,1500,1500,1500,1500,1500,1500,1500,7.3
2026-08-08,13:30:34.200,68.5,0.4,-85,-84,98,9,0,8,10,-75,92,11,11.9,0.0,0,0,7,3,-1024,-5,8,-1024,-3,-560,-660,-1,0,-1,-1,-1,1,0,-1,0x0000000000000000,1514,1429,1530,1518,2012,1534,1520,1260,1701,988,1500,1500,1500,1500,1500,1500,1500,1500,1500,1500,1500,1500,1500,1500,1500,1500,1500,1500,1500,1500,1500,1500,7.3
2026-08-08,13:30:34.700,68.3,-0.3,-79,-86,96,9,0,8,10,-75,100,10,11.9,0.0,0,0,7,4,-1024,-5,8,-1024,-3,-560,-659,-1,0,-1,-1,-1,1,0,-1,0x0000000000000000,1514,1429,1530,1518,2012,1534,1520,1260,1701,988,1500,1500,1500,1500,1500,1500,1500,1500,1500,1500,1500,1500,1500,1500,1500,1500,1500,1500,1500,1500,1500,1500,7.3
2026-08-08,13:30:35.200,67.8,-1.0,-77,-86,100,10,0,8,10,-73,100,10,11.8,0.0,0,0,7,-35,-1024,-10,8,-1024,-3,-560,-660,-1,0,-1,-1,-1,1,0,-1,0x0000000000000000,1514,1438,1529,1518,2012,1532,1519,1260,1701,988,1500,1500,1500,1500,1500,1500,1500,1500,1500,1500,1500,1500,1500,1500,1500,1500,1500,1500,1500,1500,1500,1500,7.3
2026-08-08,13:30:35.700,67.2,-0.9,-81,-86,100,10,0,8,10,-77,100,9,11.8,0.0,0,0,7,5,-1024,-5,8,-1024,-3,-560,-659,-1,0,-1,-1,-1,1,0,-1,0x0000000000000000,1514,1428,1530,1518,2012,1534,1520,1260,1701,988,1500,1500,1500,1500,1500,1500,1500,1500,1500,1500,1500,1500,1500,1500,1500,1500,1500,1500,1500,1500,1500,1500,7.3
2026-08-08,13:30:36.200,66.6,-1.2,-76,-93,99,11,0,8,10,-69,100,10,11.9,0.0,0,0,7,5,-1024,-5,8,-1024,-3,-560,-660,-1,0,-1,-1,-1,1,0,-1,0x0000000000000000,1514,1428,1530,1518,2012,1534,1520,1260,1701,988,1500,1500,1500,1500,1500,1500,1500,1500,1500,1500,1500,1500,1500,1500,1500,1500,1500,1500,1500,1500,1500,1500,7.3
2026-08-08,13:30:36.700,65.6,-2.1,-76,-85,99,10,1,8,10,-82,100,9,11.9,0.0,0,0,7,2,-1024,-5,8,-1024,-4,-560,-660,-1,0,-1,-1,-1,1,0,-1,0x0000000000000000,1514,1429,1530,1518,2012,1534,1520,1260,1701,988,1500,1500,1500,1500,1500,1500,1500,1500,1500,1500,1500,1500,1500,1500,1500,1500,1500,1500,1500,1500,1500,1500,7.3
2026-08-08,13:30:37.200,63.5,-3.6,-77,-84,97,10,0,8,10,-80,100,9,11.9,0.0,0,0,6,-67,-1024,-5,8,-1024,-3,-560,-660,-1,0,-1,-1,-1,1,0,-1,0x0000000000000000,1514,1446,1530,1518,2012,1534,1520,1260,1701,988,1500,1500,1500,1500,1500,1500,1500,1500,1500,1500,1500,1500,1500,1500,1500,1500,1500,1500,1500,1500,1500,1500,7.3
2026-08-08,13:30:37.700,63.1,-1.3,-80,-86,99,10,0,8,10,-76,100,10,11.9,0.0,0,0,7,-377,-1024,-5,8,-1024,-4,-560,-660,-1,0,-1,-1,-1,1,0,-1,0x0000000000000000,1514,1527,1530,1518,2012,1534,1520,1260,1701,988,1500,1500,1500,1500,1500,1500,1500,1500,1500,1500,1500,1500,1500,1500,1500,1500,1500,1500,1500,1500,1500,1500,7.3
2026-08-08,13:30:38.200,62.7,-0.4,-82,-86,100,11,0,8,10,-79,100,9,11.9,0.0,0,0,7,4,-1024,-5,8,-1024,-4,-560,-660,-1,0,-1,-1,-1,1,0,-1,0x0000000000000000,1514,1429,1530,1518,2012,1534,1520,1260,1701,988,1500,1500,1500,1500,1500,1500,1500,1500,1500,1500,1500,1500,1500,1500,1500,1500,1500,1500,1500,1500,1500,1500,7.3
2026-08-08,13:30:38.700,62.6,-0.1,-79,-86,100,10,0,8,10,-71,100,11,11.9,0.0,0,0,7,5,-1024,-6,8,-1024,-3,-560,-660,-1,0,-1,-1,-1,1,0,-1,0x0000000000000000,1514,1428,1530,1518,2012,1534,1520,1260,1701,988,1500,1500,1500,1500,1500,1500,1500,1500,1500,1500,1500,1500,1500,1500,1500,1500,1500,1500,1500,1500,1500,1500,7.3
2026-08-08,13:30:39.200,62.3,-0.1,-77,-85,99,11,0,8,10,-72,100,11,11.9,0.0,0,0,7,-222,-1024,-645,8,-1024,-3,-560,-660,-1,0,-1,-1,-1,1,0,-1,0x0000000000000000,1514,1487,1377,1421,2012,1342,1408,1260,1701,988,1500,1500,1500,1500,1500,1500,1500,1500,1500,1500,1500,1500,1500,1500,1500,1500,1500,1500,1500,1500,1500,1500,7.3
2026-08-08,13:30:39.700,61.9,-0.6,-79,-85,100,9,0,8,10,-74,100,11,11.9,0.0,0,0,7,3,-1024,-11,8,-1024,-3,-561,-660,-1,0,-1,-1,-1,1,0,-1,0x0000000000000000,1514,1429,1529,1517,2012,1532,1519,1260,1701,988,1500,1500,1500,1500,1500,1500,1500,1500,1500,1500,1500,1500,1500,1500,1500,1500,1500,1500,1500,1500,1500,1500,7.3
2026-08-08,13:30:40.200,62.1,0.2,-78,-85,100,11,0,8,10,-78,100,10,11.9,0.0,0,0,7,-339,-1024,-554,9,-1024,-4,-560,-660,-1,0,-1,-1,-1,1,0,-1,0x0000000000000000,1514,1523,1398,1435,2012,1369,1424,1260,1701,988,1500,1500,1500,1500,1500,1500,1500,1500,1500,1500,1500,1500,1500,1500,1500,1500,1500,1500,1500,1500,1500,1500,7.3
2026-08-08,13:30:40.700,62.1,0.5,-81,-85,100,9,0,8,10,-80,100,10,11.9,0.0,0,0,6,5,-1024,-6,8,-1024,-4,-560,-660,-1,0,-1,-1,-1,1,0,-1,0x0000000000000000,1514,1428,1530,1518,2012,1534,1520,1260,1701,988,1500,1500,1500,1500,1500,1500,1500,1500,1500,1500,1500,1500,1500,1500,1500,1500,1500,1500,1500,1500,1500,1500,7.3
2026-08-08,13:30:41.200,62.4,0.3,-81,-90,100,10,0,8,10,-74,96,11,11.9,0.0,0,0,7,-1,-1024,-147,8,-1024,-3,-560,-660,-1,0,-1,-1,-1,1,0,-1,0x0000000000000000,1514,1430,1494,1496,2012,1492,1495,1260,1701,988,1500,1500,1500,1500,1500,1500,1500,1500,1500,1500,1500,1500,1500,1500,1500,1500,1500,1500,1500,1500,1500,1500,7.3
2026-08-08,13:30:41.700,62.1,-0.4,-78,-90,100,10,0,8,10,-82,100,9,11.9,0.0,0,0,7,4,-1024,-8,8,-1024,-3,-560,-660,-1,0,-1,-1,-1,1,0,-1,0x0000000000000000,1514,1429,1530,1518,2012,1533,1519,1260,1701,988,1500,1500,1500,1500,1500,1500,1500,1500,1500,1500,1500,1500,1500,1500,1500,1500,1500,1500,1500,1500,1500,1500,7.3
2026-08-08,13:30:42.200,61.5,-1.0,-86,-88,97,2,0,8,100,-93,100,6,11.9,0.0,0,0,7,5,-1024,-6,8,-1024,-4,-560,-660,-1,0,-1,-1,-1,1,0,-1,0x0000000000000000,1514,1428,1530,1518,2012,1534,1520,1260,1701,988,1500,1500,1500,1500,1500,1500,1500,1500,1500,1500,1500,1500,1500,1500,1500,1500,1500,1500,1500,1500,1500,1500,7.3
2026-08-08,13:30:42.700,61.0,-1.1,-82,-88,100,8,0,8,10,-83,100,9,11.9,0.0,0,0,8,-3,-1024,-122,8,-1024,-3,-560,-660,-1,0,-1,-1,-1,1,0,-1,0x0000000000000000,1514,1430,1500,1500,2012,1500,1500,1260,1701,988,1500,1500,1500,1500,1500,1500,1500,1500,1500,1500,1500,1500,1500,1500,1500,1500,1500,1500,1500,1500,1500,1500,7.3
2026-08-08,13:30:43.200,60.5,-1.0,-88,-92,98,10,0,8,25,-84,96,9,11.9,0.0,0,0,7,-365,-1024,-10,8,-1024,-3,-560,-660,-1,0,-1,-1,-1,1,0,-1,0x0000000000000000,1514,1531,1529,1518,2012,1532,1519,1260,1701,988,1500,1500,1500,1500,1500,1500,1500,1500,1500,1500,1500,1500,1500,1500,1500,1500,1500,1500,1500,1500,1500,1500,7.3
2026-08-08,13:30:43.700,59.4,-1.6,-90,-80,97,9,1,8,10,-78,100,10,11.9,0.0,0,0,7,-276,-1024,-42,8,-1024,-4,-560,-660,-1,0,-1,-1,-1,1,0,-1,0x0000000000000000,1514,1503,1520,1512,2012,1523,1513,1260,1701,988,1500,1500,1500,1500,1500,1500,1500,1500,1500,1500,1500,1500,1500,1500,1500,1500,1500,1500,1500,1500,1500,1500,7.3
2026-08-08,13:30:44.200,59.0,-0.7,-89,-83,99,9,1,8,10,-78,84,11,11.9,0.0,0,0,7,-79,-1024,-424,8,-1024,-3,-560,-660,-1,0,-1,-1,-1,1,0,-1,0x0000000000000000,1514,1449,1429,1455,2012,1409,1447,1260,1701,988,1500,1500,1500,1500,1500,1500,1500,1500,1500,1500,1500,1500,1500,1500,1500,1500,1500,1500,1500,1500,1500,1500,7.3
2026-08-08,13:30:44.700,58.6,-0.6,-89,-84,100,8,1,8,10,-82,96,11,11.9,0.0,0,0,7,4,-1024,-6,8,-1024,-3,-560,-660,-1,0,-1,-1,-1,1,0,-1,0x0000000000000000,1514,1429,1530,1518,2012,1534,1520,1260,1701,988,1500,1500,1500,1500,1500,1500,1500,1500,1500,1500,1500,1500,1500,1500,1500,1500,1500,1500,1500,1500,1500,1500,7.3
2026-08-08,13:30:45.200,58.1,-1.1,-89,-85,100,8,1,8,10,-76,96,11,11.9,0.0,0,0,7,-187,-1024,-114,8,-1024,-3,-560,-660,-1,0,-1,-1,-1,1,0,-1,0x0000000000000000,1514,1477,1501,1501,2012,1501,1501,1260,1701,988,1500,1500,1500,1500,1500,1500,1500,1500,1500,1500,1500,1500,1500,1500,1500,1500,1500,1500,1500,1500,1500,1500,7.3
2026-08-08,13:30:45.700,57.6,-0.8,-89,-82,100,9,1,8,10,-75,92,10,11.9,0.0,0,0,7,4,-1024,-6,8,-1024,-3,-561,-660,-1,0,-1,-1,-1,1,0,-1,0x0000000000000000,1514,1429,1530,1518,2012,1534,1520,1260,1701,988,1500,1500,1500,1500,1500,1500,1500,1500,1500,1500,1500,1500,1500,1500,1500,1500,1500,1500,1500,1500,1500,1500,7.3
2026-08-08,13:30:46.200,57.1,-1.0,-89,-83,100,10,1,8,10,-79,96,11,11.9,0.0,0,0,7,4,-1024,-6,8,-1024,-4,-560,-660,-1,0,-1,-1,-1,1,0,-1,0x0000000000000000,1514,1429,1530,1518,2012,1534,1520,1260,1701,988,1500,1500,1500,1500,1500,1500,1500,1500,1500,1500,1500,1500,1500,1500,1500,1500,1500,1500,1500,1500,1500,1500,7.3
2026-08-08,13:30:46.700,56.5,-1.1,-89,-84,100,10,1,8,10,-78,100,10,11.9,0.0,0,0,7,1,-1024,-8,8,-1024,-3,-560,-660,-1,0,-1,-1,-1,1,0,-1,0x0000000000000000,1514,1429,1530,1518,2012,1533,1519,1260,1701,988,1500,1500,1500,1500,1500,1500,1500,1500,1500,1500,1500,1500,1500,1500,1500,1500,1500,1500,1500,1500,1500,1500,7.3
2026-08-08,13:30:47.200,55.4,-2.5,-89,-86,100,2,1,8,50,-82,100,10,11.9,0.0,0,0,7,-354,-1024,-10,8,-1024,-4,-560,-660,-1,0,-1,-1,-1,1,0,-1,0x0000000000000000,1514,1527,1529,1518,2012,1532,1519,1260,1701,988,1500,1500,1500,1500,1500,1500,1500,1500,1500,1500,1500,1500,1500,1500,1500,1500,1500,1500,1500,1500,1500,1500,7.3
2026-08-08,13:30:47.700,54.5,-1.8,-89,-86,100,8,1,8,10,-80,100,11,11.9,0.0,0,0,8,-86,-1024,-236,8,-1024,-4,-560,-660,-1,0,-1,-1,-1,1,0,-1,0x0000000000000000,1514,1448,1473,1483,2012,1465,1480,1260,1701,988,1500,1500,1500,1500,1500,1500,1500,1500,1500,1500,1500,1500,1500,1500,1500,1500,1500,1500,1500,1500,1500,1500,7.3
2026-08-08,13:30:48.200,54.3,-0.4,-78,-87,100,10,0,8,10,-75,96,11,11.9,0.0,0,0,8,5,-1024,-6,8,-1024,-3,-560,-660,-1,0,-1,-1,-1,1,0,-1,0x0000000000000000,1514,1428,1530,1518,2012,1534,1520,1260,1701,988,1500,1500,1500,1500,1500,1500,1500,1500,1500,1500,1500,1500,1500,1500,1500,1500,1500,1500,1500,1500,1500,1500,7.3
2026-08-08,13:30:48.700,54.0,-0.4,-79,-87,100,11,0,8,10,-74,100,10,11.9,0.0,0,0,19,-331,-1024,-451,8,-1024,-3,-560,-660,-1,0,-1,-1,-1,1,0,-1,0x0000000000000000,1517,1520,1423,1451,2012,1400,1442,1260,1701,988,1500,1500,1500,1500,1500,1500,1500,1500,1500,1500,1500,1500,1500,1500,1500,1500,1500,1500,1500,1500,1500,1500,7.3
2026-08-08,13:30:49.200,53.6,-0.4,-82,-87,100,9,0,8,10,-77,100,11,11.9,0.0,0,0,7,4,-1024,-6,8,-1024,-3,-560,-660,-1,0,-1,-1,-1,1,0,-1,0x0000000000000000,1514,1429,1530,1518,2012,1534,1520,1260,1701,988,1500,1500,1500,1500,1500,1500,1500,1500,1500,1500,1500,1500,1500,1500,1500,1500,1500,1500,1500,1500,1500,1500,7.3
2026-08-08,13:30:49.700,53.1,-1.0,-83,-85,100,10,0,8,10,-75,100,10,11.9,0.0,0,0,7,-256,-1024,-534,9,-1024,-3,-560,-660,-1,0,-1,-1,-1,1,0,-1,0x0000000000000000,1514,1497,1403,1438,2012,1376,1428,1260,1701,988,1500,1500,1500,1500,1500,1500,1500,1500,1500,1500,1500,1500,1500,1500,1500,1500,1500,1500,1500,1500,1500,1500,7.3
2026-08-08,13:30:50.200,52.5,-1.1,-81,-85,100,9,0,8,10,-77,100,11,11.9,0.0,0,0,12,-2,-1024,-106,8,-1024,-3,-560,-660,-1,0,-1,-1,-1,1,0,-1,0x0000000000000000,1515,1430,1504,1502,2012,1504,1502,1260,1701,988,1500,1500,1500,1500,1500,1500,1500,1500,1500,1500,1500,1500,1500,1500,1500,1500,1500,1500,1500,1500,1500,1500,7.3
2026-08-08,13:30:50.700,51.6,-1.7,-82,-85,100,9,0,8,10,-80,100,11,11.9,0.0,0,0,7,1,-1024,-8,8,-1024,-4,-561,-660,-1,0,-1,-1,-1,1,0,-1,0x0000000000000000,1514,1429,1530,1518,2012,1533,1519,1260,1701,988,1500,1500,1500,1500,1500,1500,1500,1500,1500,1500,1500,1500,1500,1500,1500,1500,1500,1500,1500,1500,1500,1500,7.3
2026-08-08,13:30:51.200,50.7,-2.2,-81,-85,100,10,0,8,10,-76,100,10,11.9,0.0,0,0,9,-5,-1024,-9,8,-1024,-3,-560,-660,-1,0,-1,-1,-1,1,0,-1,0x0000000000000000,1514,1431,1530,1518,2012,1533,1519,1260,1701,988,1500,1500,1500,1500,1500,1500,1500,1500,1500,1500,1500,1500,1500,1500,1500,1500,1500,1500,1500,1500,1500,1500,7.3
2026-08-08,13:30:51.700,49.4,-2.3,-78,-85,100,10,0,8,10,-76,100,10,11.9,0.0,0,0,7,3,-1024,-6,8,-1024,-3,-560,-660,-1,0,-1,-1,-1,1,0,-1,0x0000000000000000,1514,1429,1530,1518,2012,1534,1520,1260,1701,988,1500,1500,1500,1500,1500,1500,1500,1500,1500,1500,1500,1500,1500,1500,1500,1500,1500,1500,1500,1500,1500,1500,7.3
2026-08-08,13:30:52.200,47.8,-3.1,-79,-85,100,11,0,8,10,-73,100,11,11.9,0.0,0,0,7,-43,-1024,-5,8,-1024,-3,-560,-660,-1,0,-1,-1,-1,1,0,-1,0x0000000000000000,1514,1440,1530,1518,2012,1534,1520,1260,1701,988,1500,1500,1500,1500,1500,1500,1500,1500,1500,1500,1500,1500,1500,1500,1500,1500,1500,1500,1500,1500,1500,1500,7.3
2026-08-08,13:30:52.700,47.0,-1.1,-78,-85,100,11,0,8,10,-76,100,11,11.9,0.0,0,0,7,1,-1024,324,8,-1024,-4,-560,-660,-1,0,-1,-1,-1,1,0,-1,0x0000000000000000,1514,1429,1625,1576,2012,1638,1581,1260,1701,988,1500,1500,1500,1500,1500,1500,1500,1500,1500,1500,1500,1500,1500,1500,1500,1500,1500,1500,1500,1500,1500,1500,7.3
2026-08-08,13:30:53.200,46.0,-2.1,-78,-78,99,11,0,8,10,-73,100,10,11.9,0.0,0,0,160,-94,-1024,77,8,-1024,-3,-560,-660,-1,0,-1,-1,-1,1,0,-1,0x0000000000000000,1554,1453,1553,1532,2012,1558,1534,1260,1701,988,1500,1500,1500,1500,1500,1500,1500,1500,1500,1500,1500,1500,1500,1500,1500,1500,1500,1500,1500,1500,1500,1500,7.3
2026-08-08,13:30:53.700,45.2,-1.4,-77,-78,100,11,0,8,10,-71,100,10,11.9,0.0,0,0,8,2,-1024,-7,8,-1024,-4,-560,-660,-1,0,-1,-1,-1,1,0,-1,0x0000000000000000,1514,1429,1530,1518,2012,1533,1520,1260,1701,988,1500,1500,1500,1500,1500,1500,1500,1500,1500,1500,1500,1500,1500,1500,1500,1500,1500,1500,1500,1500,1500,1500,7.3
2026-08-08,13:30:54.200,44.4,-1.2,-77,-78,100,11,0,8,10,-74,100,10,11.9,0.0,0,0,116,-1,-1024,-7,8,-1024,-4,-560,-660,-1,0,-1,-1,-1,1,0,-1,0x0000000000000000,1542,1430,1530,1518,2012,1533,1520,1260,1701,988,1500,1500,1500,1500,1500,1500,1500,1500,1500,1500,1500,1500,1500,1500,1500,1500,1500,1500,1500,1500,1500,1500,7.3
2026-08-08,13:30:54.700,44.4,-0.1,-77,-78,100,11,0,8,10,-71,100,11,11.9,0.0,0,0,10,0,-1024,-5,8,-1024,-3,-560,-660,-1,0,-1,-1,-1,1,0,-1,0x0000000000000000,1515,1429,1530,1518,2012,1534,1520,1260,1701,988,1500,1500,1500,1500,1500,1500,1500,1500,1500,1500,1500,1500,1500,1500,1500,1500,1500,1500,1500,1500,1500,1500,7.3
2026-08-08,13:30:55.200,44.3,-0.3,-73,-78,100,11,0,8,10,-68,100,10,11.9,0.0,0,0,9,1,-1024,-5,8,-1024,-3,-560,-659,-1,0,-1,-1,-1,1,0,-1,0x0000000000000000,1514,1429,1530,1518,2012,1534,1520,1260,1701,988,1500,1500,1500,1500,1500,1500,1500,1500,1500,1500,1500,1500,1500,1500,1500,1500,1500,1500,1500,1500,1500,1500,7.3
2026-08-08,13:30:55.700,44.1,-0.2,-74,-81,99,10,0,8,10,-69,100,10,11.9,0.0,0,0,8,-46,-1024,-5,8,-1024,-4,-560,-660,-1,0,-1,-1,-1,1,0,-1,0x0000000000000000,1514,1438,1530,1518,2012,1534,1520,1260,1701,988,1500,1500,1500,1500,1500,1500,1500,1500,1500,1500,1500,1500,1500,1500,1500,1500,1500,1500,1500,1500,1500,1500,7.3
2026-08-08,13:30:56.200,44.0,0.0,-76,-81,100,11,0,8,10,-72,100,10,11.9,0.0,0,0,8,1,-1024,-6,8,-1024,-3,-560,-660,-1,0,-1,-1,-1,1,0,-1,0x0000000000000000,1514,1429,1530,1518,2012,1534,1520,1260,1701,988,1500,1500,1500,1500,1500,1500,1500,1500,1500,1500,1500,1500,1500,1500,1500,1500,1500,1500,1500,1500,1500,1500,7.3
2026-08-08,13:30:56.700,43.9,-0.1,-75,-81,100,11,0,8,10,-71,100,11,11.9,0.0,0,0,8,3,-1024,-6,8,-1024,-3,-560,-660,-1,0,-1,-1,-1,1,0,-1,0x0000000000000000,1514,1429,1530,1518,2012,1534,1520,1260,1701,988,1500,1500,1500,1500,1500,1500,1500,1500,1500,1500,1500,1500,1500,1500,1500,1500,1500,1500,1500,1500,1500,1500,7.3
2026-08-08,13:30:57.200,43.9,0.0,-75,-81,100,10,0,8,10,-70,100,11,11.9,0.0,0,0,8,1,-1024,-6,8,-1024,-3,-560,-660,-1,0,-1,-1,-1,1,0,-1,0x0000000000000000,1514,1429,1530,1518,2012,1534,1520,1260,1701,988,1500,1500,1500,1500,1500,1500,1500,1500,1500,1500,1500,1500,1500,1500,1500,1500,1500,1500,1500,1500,1500,1500,7.3
2026-08-08,13:30:57.700,43.7,-0.4,-73,-81,100,10,0,8,10,-70,100,12,11.9,0.0,0,0,8,3,-1024,-6,8,-1024,-4,-560,-660,-1,0,-1,-1,-1,1,0,-1,0x0000000000000000,1514,1429,1530,1518,2012,1534,1520,1260,1701,988,1500,1500,1500,1500,1500,1500,1500,1500,1500,1500,1500,1500,1500,1500,1500,1500,1500,1500,1500,1500,1500,1500,7.3
2026-08-08,13:30:58.200,42.9,-1.4,-73,-81,100,11,0,8,10,-69,100,10,11.9,0.0,0,0,8,-124,-1024,154,8,-1024,-3,-560,-660,-1,0,-1,-1,-1,1,0,-1,0x0000000000000000,1514,1460,1573,1545,2012,1581,1548,1260,1701,988,1500,1500,1500,1500,1500,1500,1500,1500,1500,1500,1500,1500,1500,1500,1500,1500,1500,1500,1500,1500,1500,1500,7.3
2026-08-08,13:30:58.700,42.1,-1.6,-73,-81,100,10,0,8,10,-70,100,10,11.9,0.0,0,0,7,2,-1024,92,8,-1024,-3,-560,-660,-1,0,-1,-1,-1,1,0,-1,0x0000000000000000,1514,1429,1556,1534,2012,1563,1537,1260,1701,988,1500,1500,1500,1500,1500,1500,1500,1500,1500,1500,1500,1500,1500,1500,1500,1500,1500,1500,1500,1500,1500,1500,7.3
2026-08-08,13:30:59.200,41.4,-1.8,-73,-81,100,11,0,8,10,-68,100,11,11.9,0.0,0,0,8,2,-1024,164,8,-1024,-3,-560,-660,-1,0,-1,-1,-1,1,0,-1,0x0000000000000000,1514,1429,1576,1546,2012,1584,1550,1260,1701,988,1500,1500,1500,1500,1500,1500,1500,1500,1500,1500,1500,1500,1500,1500,1500,1500,1500,1500,1500,1500,1500,1500,7.3
2026-08-08,13:30:59.700,40.5,-1.5,-72,-81,100,11,0,8,10,-66,100,10,11.9,0.0,0,0,8,1,-1024,360,8,-1024,-3,-560,-659,-1,0,-1,-1,-1,1,0,-1,0x0000000000000000,1514,1429,1628,1578,2012,1642,1584,1260,1701,988,1500,1500,1500,1500,1500,1500,1500,1500,1500,1500,1500,1500,1500,1500,1500,1500,1500,1500,1500,1500,1500,1500,7.3
2026-08-08,13:31:00.200,39.4,-1.9,-72,-81,100,11,0,8,10,-67,100,11,11.9,0.0,0,0,191,4,-1024,-5,8,-1024,-4,-560,-660,-1,0,-1,-1,-1,1,0,-1,0x0000000000000000,1563,1429,1530,1518,2012,1534,1520,1260,1701,988,1500,1500,1500,1500,1500,1500,1500,1500,1500,1500,1500,1500,1500,1500,1500,1500,1500,1500,1500,1500,1500,1500,7.3
2026-08-08,13:31:00.700,37.8,-2.9,-72,-81,100,11,0,8,10,-68,100,10,11.9,0.0,0,0,813,1,-1024,233,8,-1024,-3,-560,-660,-1,0,-1,-1,-1,1,0,-1,0x0000000000000000,1765,1429,1594,1557,2012,1605,1562,1260,1701,988,1500,1500,1500,1500,1500,1500,1500,1500,1500,1500,1500,1500,1500,1500,1500,1500,1500,1500,1500,1500,1500,1500,7.3
2026-08-08,13:31:01.200,36.7,-2.1,-71,-81,100,11,0,8,10,-66,100,10,11.9,0.0,0,0,57,4,-1024,-6,8,-1024,-3,-560,-660,-1,0,-1,-1,-1,1,0,-1,0x0000000000000000,1527,1429,1530,1518,2012,1534,1520,1260,1701,988,1500,1500,1500,1500,1500,1500,1500,1500,1500,1500,1500,1500,1500,1500,1500,1500,1500,1500,1500,1500,1500,1500,7.3
2026-08-08,13:31:01.700,36.0,-1.8,-71,-81,100,11,0,8,10,-68,100,10,11.9,0.0,0,0,7,2,-1024,324,8,-1024,-4,-560,-660,-1,0,-1,-1,-1,1,0,-1,0x0000000000000000,1514,1429,1619,1572,2012,1632,1578,1260,1701,988,1500,1500,1500,1500,1500,1500,1500,1500,1500,1500,1500,1500,1500,1500,1500,1500,1500,1500,1500,1500,1500,1500,7.3
2026-08-08,13:31:02.200,35.9,-1.1,-70,-81,100,11,0,8,10,-64,100,11,11.9,0.0,0,0,8,-8,-1024,-722,9,-1024,-4,-561,-660,-1,0,-1,-1,-1,1,0,-1,0x0000000000000000,1514,1431,1359,1410,2012,1319,1395,1260,1701,988,1500,1500,1500,1500,1500,1500,1500,1500,1500,1500,1500,1500,1500,1500,1500,1500,1500,1500,1500,1500,1500,1500,7.3
2026-08-08,13:31:02.700,36.0,0.0,-69,-81,100,11,0,8,10,-63,100,11,11.9,0.0,0,0,8,4,-1024,-6,8,-1024,-3,-560,-660,-1,0,-1,-1,-1,1,0,-1,0x0000000000000000,1514,1429,1530,1518,2012,1534,1520,1260,1701,988,1500,1500,1500,1500,1500,1500,1500,1500,1500,1500,1500,1500,1500,1500,1500,1500,1500,1500,1500,1500,1500,1500,7.3
2026-08-08,13:31:03.200,36.6,0.7,-69,-81,100,11,0,8,10,-63,100,11,11.9,0.0,0,0,8,3,-1024,-7,8,-1024,-3,-560,-659,-1,0,-1,-1,-1,1,0,-1,0x0000000000000000,1514,1429,1530,1518,2012,1533,1520,1260,1701,988,1500,1500,1500,1500,1500,1500,1500,1500,1500,1500,1500,1500,1500,1500,1500,1500,1500,1500,1500,1500,1500,1500,7.4
2026-08-08,13:31:03.700,37.4,1.3,-66,-81,100,11,0,8,10,-61,100,11,11.9,0.0,0,0,7,4,-1024,-6,8,-1024,-3,-560,-660,-1,0,-1,-1,-1,1,0,-1,0x0000000000000000,1514,1429,1530,1518,2012,1534,1520,1260,1701,988,1500,1500,1500,1500,1500,1500,1500,1500,1500,1500,1500,1500,1500,1500,1500,1500,1500,1500,1500,1500,1500,1500,7.4
2026-08-08,13:31:04.200,37.4,0.4,-66,-81,100,11,0,8,10,-63,100,11,11.9,0.0,0,0,8,5,-1024,-6,8,-1024,-3,-560,-660,-1,0,-1,-1,-1,1,0,-1,0x0000000000000000,1514,1428,1530,1518,2012,1534,1520,1260,1701,988,1500,1500,1500,1500,1500,1500,1500,1500,1500,1500,1500,1500,1500,1500,1500,1500,1500,1500,1500,1500,1500,1500,7.4
2026-08-08,13:31:04.700,37.3,-0.1,-68,-81,100,11,0,8,10,-62,100,11,11.9,0.0,0,0,8,0,-1024,-5,8,-1024,-3,-560,-660,-1,0,-1,-1,-1,1,0,-1,0x0000000000000000,1514,1429,1530,1518,2012,1534,1520,1260,1701,988,1500,1500,1500,1500,1500,1500,1500,1500,1500,1500,1500,1500,1500,1500,1500,1500,1500,1500,1500,1500,1500,1500,7.4
2026-08-08,13:31:05.200,37.0,-0.8,-70,-81,100,11,0,8,10,-65,100,10,11.9,0.0,0,0,8,4,-1024,-6,8,-1024,-3,-560,-660,-1,0,-1,-1,-1,1,0,-1,0x0000000000000000,1514,1429,1530,1518,2012,1534,1520,1260,1701,988,1500,1500,1500,1500,1500,1500,1500,1500,1500,1500,1500,1500,1500,1500,1500,1500,1500,1500,1500,1500,1500,1500,7.4
2026-08-08,13:31:05.700,36.8,0.1,-74,-91,100,12,0,8,10,-67,100,10,11.9,0.0,0,0,7,4,-1024,-6,8,-1024,-3,-560,-660,-1,0,-1,-1,-1,1,0,-1,0x0000000000000000,1514,1429,1530,1518,2012,1534,1520,1260,1701,988,1500,1500,1500,1500,1500,1500,1500,1500,1500,1500,1500,1500,1500,1500,1500,1500,1500,1500,1500,1500,1500,1500,7.4
2026-08-08,13:31:06.200,36.1,-1.9,-77,-91,100,10,0,8,10,-75,100,10,11.9,0.0,0,0,8,-6,-1024,296,8,-1024,-4,-560,-660,-1,0,-1,-1,-1,1,0,-1,0x0000000000000000,1514,1431,1611,1568,2012,1623,1573,1260,1701,988,1500,1500,1500,1500,1500,1500,1500,1500,1500,1500,1500,1500,1500,1500,1500,1500,1500,1500,1500,1500,1500,1500,7.4
2026-08-08,13:31:06.700,34.7,-2.7,-78,-83,98,11,0,8,10,-68,100,11,11.9,0.0,0,0,8,-42,-1024,258,8,-1024,-4,-560,-660,-1,0,-1,-1,-1,1,0,-1,0x0000000000000000,1514,1440,1601,1562,2012,1612,1566,1260,1701,988,1500,1500,1500,1500,1500,1500,1500,1500,1500,1500,1500,1500,1500,1500,1500,1500,1500,1500,1500,1500,1500,1500,7.4
2026-08-08,13:31:07.200,33.9,-1.6,-74,-83,100,11,0,8,10,-68,100,9,11.9,0.0,0,0,8,0,-1024,154,8,-1024,-3,-560,-660,-1,0,-1,-1,-1,1,0,-1,0x0000000000000000,1514,1429,1573,1545,2012,1581,1548,1260,1701,988,1500,1500,1500,1500,1500,1500,1500,1500,1500,1500,1500,1500,1500,1500,1500,1500,1500,1500,1500,1500,1500,1500,7.4
2026-08-08,13:31:07.700,33.0,-1.6,-70,-83,96,11,0,8,10,-67,96,10,11.9,0.0,0,0,271,-182,-1024,-3,8,-1024,-3,-560,-660,-1,0,-1,-1,-1,1,0,-1,0x0000000000000000,1585,1476,1531,1519,2012,1534,1520,1260,1701,988,1500,1500,1500,1500,1500,1500,1500,1500,1500,1500,1500,1500,1500,1500,1500,1500,1500,1500,1500,1500,1500,1500,7.4
2026-08-08,13:31:08.200,32.3,-1.2,-70,-83,98,11,0,8,10,-63,100,10,11.9,0.0,0,0,127,3,-1024,-6,8,-1024,-4,-560,-659,-1,0,-1,-1,-1,1,0,-1,0x0000000000000000,1545,1429,1530,1518,2012,1534,1520,1260,1701,988,1500,1500,1500,1500,1500,1500,1500,1500,1500,1500,1500,1500,1500,1500,1500,1500,1500,1500,1500,1500,1500,1500,7.4
2026-08-08,13:31:08.700,32.0,-0.9,-71,-83,100,10,0,8,10,-67,100,10,11.9,0.0,0,0,13,-1,-1024,215,8,-1024,-3,-560,-660,-1,0,-1,-1,-1,1,0,-1,0x0000000000000000,1515,1430,1590,1555,2012,1600,1559,1260,1701,988,1500,1500,1500,1500,1500,1500,1500,1500,1500,1500,1500,1500,1500,1500,1500,1500,1500,1500,1500,1500,1500,1500,7.4
2026-08-08,13:31:09.200,31.8,-0.2,-72,-83,100,9,0,8,10,-73,100,10,11.9,0.0,0,0,18,-141,-1024,-6,8,-1024,-3,-560,-660,-1,0,-1,-1,-1,1,0,-1,0x0000000000000000,1517,1464,1530,1518,2012,1534,1520,1260,1701,988,1500,1500,1500,1500,1500,1500,1500,1500,1500,1500,1500,1500,1500,1500,1500,1500,1500,1500,1500,1500,1500,1500,7.4
2026-08-08,13:31:09.700,31.6,-0.3,-75,-85,100,9,0,8,10,-72,100,10,11.9,0.0,0,0,8,3,-1024,-6,8,-1024,-3,-560,-660,-1,0,-1,-1,-1,1,0,-1,0x0000000000000000,1514,1429,1530,1518,2012,1534,1520,1260,1701,988,1500,1500,1500,1500,1500,1500,1500,1500,1500,1500,1500,1500,1500,1500,1500,1500,1500,1500,1500,1500,1500,1500,7.4
2026-08-08,13:31:10.200,30.9,-1.1,-79,-85,100,9,0,8,10,-76,92,11,11.9,0.0,0,0,27,-215,-1024,-41,8,-1024,-3,-561,-659,-1,0,-1,-1,-1,1,0,-1,0x0000000000000000,1519,1486,1521,1513,2012,1523,1514,1260,1701,988,1500,1500,1500,1500,1500,1500,1500,1500,1500,1500,1500,1500,1500,1500,1500,1500,1500,1500,1500,1500,1500,1500,7.4
2026-08-08,13:31:10.700,30.1,-1.6,-84,-84,100,8,0,8,25,-85,100,9,11.9,0.0,0,0,9,-80,-1024,-6,8,-1024,-3,-560,-660,-1,0,-1,-1,-1,1,0,-1,0x0000000000000000,1514,1449,1530,1518,2012,1534,1520,1260,1701,988,1500,1500,1500,1500,1500,1500,1500,1500,1500,1500,1500,1500,1500,1500,1500,1500,1500,1500,1500,1500,1500,1500,7.4
2026-08-08,13:31:11.200,30.6,0.3,-81,-86,100,10,0,8,10,-76,100,11,11.9,0.0,0,0,7,4,-1024,-6,8,-1024,-3,-560,-660,-1,0,-1,-1,-1,1,0,-1,0x0000000000000000,1514,1429,1530,1518,2012,1534,1520,1260,1701,988,1500,1500,1500,1500,1500,1500,1500,1500,1500,1500,1500,1500,1500,1500,1500,1500,1500,1500,1500,1500,1500,1500,7.4
2026-08-08,13:31:11.700,30.5,0.3,-84,-86,100,7,0,8,10,-80,96,9,11.9,0.0,0,0,8,2,-1024,-7,8,-1024,-3,-560,-660,-1,0,-1,-1,-1,1,0,-1,0x0000000000000000,1514,1429,1530,1518,2012,1533,1520,1260,1701,988,1500,1500,1500,1500,1500,1500,1500,1500,1500,1500,1500,1500,1500,1500,1500,1500,1500,1500,1500,1500,1500,1500,7.4
2026-08-08,13:31:12.200,30.6,0.0,-81,-83,97,11,0,8,10,-76,100,10,11.9,0.0,0,0,8,5,-1024,-6,8,-1024,-3,-560,-660,-1,0,-1,-1,-1,1,0,-1,0x0000000000000000,1514,1428,1530,1518,2012,1534,1520,1260,1701,988,1500,1500,1500,1500,1500,1500,1500,1500,1500,1500,1500,1500,1500,1500,1500,1500,1500,1500,1500,1500,1500,1500,7.4
2026-08-08,13:31:12.700,31.8,2.6,-77,-83,100,11,0,8,10,-73,96,10,11.9,0.0,0,0,8,5,-1024,-6,8,-1024,-3,-560,-660,-1,0,-1,-1,-1,1,0,-1,0x0000000000000000,1514,1428,1530,1518,2012,1534,1520,1260,1701,988,1500,1500,1500,1500,1500,1500,1500,1500,1500,1500,1500,1500,1500,1500,1500,1500,1500,1500,1500,1500,1500,1500,7.4
2026-08-08,13:31:13.200,32.4,1.6,-82,-81,100,10,1,8,10,-73,96,11,11.9,0.0,0,0,8,5,-1024,-6,8,-1024,-4,-560,-660,-1,0,-1,-1,-1,1,0,-1,0x0000000000000000,1514,1428,1530,1518,2012,1534,1520,1260,1701,988,1500,1500,1500,1500,1500,1500,1500,1500,1500,1500,1500,1500,1500,1500,1500,1500,1500,1500,1500,1500,1500,1500,7.4
2026-08-08,13:31:13.700,32.3,0.1,-82,-86,100,7,1,8,250,-82,96,1,11.9,0.0,0,0,8,4,-1024,-7,8,-1024,-3,-560,-660,-1,0,-1,-1,-1,1,0,-1,0x0000000000000000,1514,1429,1530,1518,2012,1533,1520,1260,1701,988,1500,1500,1500,1500,1500,1500,1500,1500,1500,1500,1500,1500,1500,1500,1500,1500,1500,1500,1500,1500,1500,1500,7.4
2026-08-08,13:31:14.200,32.8,0.7,-82,-85,98,8,0,8,10,-83,100,9,11.9,0.0,0,0,8,-131,-1024,-6,8,-1024,-3,-560,-660,-1,0,-1,-1,-1,1,0,-1,0x0000000000000000,1514,1462,1530,1518,2012,1534,1520,1260,1701,988,1500,1500,1500,1500,1500,1500,1500,1500,1500,1500,1500,1500,1500,1500,1500,1500,1500,1500,1500,1500,1500,1500,7.4
2026-08-08,13:31:14.700,32.3,-0.2,-76,-96,100,11,0,8,25,-96,96,4,11.9,0.0,0,0,7,5,-1024,-6,8,-1024,-3,-560,-660,-1,0,-1,-1,-1,1,0,-1,0x0000000000000000,1514,1428,1530,1518,2012,1534,1520,1260,1701,988,1500,1500,1500,1500,1500,1500,1500,1500,1500,1500,1500,1500,1500,1500,1500,1500,1500,1500,1500,1500,1500,1500,7.4
2026-08-08,13:31:15.200,33.2,1.9,-93,-82,99,9,1,8,10,-75,100,11,11.9,0.0,0,0,7,5,-1024,-6,8,-1024,-4,-560,-659,-1,0,-1,-1,-1,1,0,-1,0x0000000000000000,1514,1428,1530,1518,2012,1534,1520,1260,1701,988,1500,1500,1500,1500,1500,1500,1500,1500,1500,1500,1500,1500,1500,1500,1500,1500,1500,1500,1500,1500,1500,1500,7.4
2026-08-08,13:31:15.700,32.0,-1.2,-86,-84,100,2,0,8,50,-86,96,9,11.9,0.0,0,0,7,5,-1024,-6,8,-1024,-3,-560,-660,-1,0,-1,-1,-1,1,0,-1,0x0000000000000000,1514,1428,1530,1518,2012,1534,1520,1260,1701,988,1500,1500,1500,1500,1500,1500,1500,1500,1500,1500,1500,1500,1500,1500,1500,1500,1500,1500,1500,1500,1500,1500,7.4
2026-08-08,13:31:16.200,32.3,0.5,-87,-99,99,6,0,8,10,-87,100,10,11.9,0.0,0,0,8,5,-1024,-6,8,-1024,-4,-560,-660,-1,0,-1,-1,-1,1,0,-1,0x0000000000000000,1514,1428,1530,1518,2012,1534,1520,1260,1701,988,1500,1500,1500,1500,1500,1500,1500,1500,1500,1500,1500,1500,1500,1500,1500,1500,1500,1500,1500,1500,1500,1500,7.4
2026-08-08,13:31:16.700,31.3,-1.6,-84,-99,100,10,0,8,10,-76,100,10,11.9,0.0,0,0,8,-56,-1024,-46,8,-1024,-3,-560,-660,-1,0,-1,-1,-1,1,0,-1,0x0000000000000000,1514,1443,1520,1512,2012,1522,1513,1260,1701,988,1500,1500,1500,1500,1500,1500,1500,1500,1500,1500,1500,1500,1500,1500,1500,1500,1500,1500,1500,1500,1500,1500,7.4
2026-08-08,13:31:17.200,30.7,-1.9,-74,-99,100,9,0,8,10,-65,100,10,11.9,0.0,0,0,7,-111,-1024,-571,9,-1024,-4,-560,-660,-1,0,-1,-1,-1,1,0,-1,0x0000000000000000,1514,1457,1394,1433,2012,1364,1421,1260,1701,988,1500,1500,1500,1500,1500,1500,1500,1500,1500,1500,1500,1500,1500,1500,1500,1500,1500,1500,1500,1500,1500,1500,7.4
2026-08-08,13:31:17.700,30.5,-0.2,-72,-99,100,11,0,8,10,-68,100,11,11.9,0.0,0,0,7,-36,-1024,-45,8,-1024,-3,-560,-660,-1,0,-1,-1,-1,1,0,-1,0x0000000000000000,1514,1439,1517,1510,2012,1519,1511,1260,1701,988,1500,1500,1500,1500,1500,1500,1500,1500,1500,1500,1500,1500,1500,1500,1500,1500,1500,1500,1500,1500,1500,1500,7.4
2026-08-08,13:31:18.200,30.4,-0.1,-70,-99,100,11,0,8,10,-65,100,10,11.9,0.0,0,0,8,5,-1024,-6,8,-1024,-4,-560,-660,-1,0,-1,-1,-1,1,0,-1,0x0000000000000000,1514,1428,1530,1518,2012,1534,1520,1260,1701,988,1500,1500,1500,1500,1500,1500,1500,1500,1500,1500,1500,1500,1500,1500,1500,1500,1500,1500,1500,1500,1500,1500,7.4
2026-08-08,13:31:18.700,29.9,-0.4,-73,-99,100,11,0,8,10,-72,100,10,11.9,0.0,0,0,7,7,-1024,-9,8,-1024,-3,-560,-660,-1,0,-1,-1,-1,1,0,-1,0x0000000000000000,1514,1428,1530,1518,2012,1533,1519,1260,1701,988,1500,1500,1500,1500,1500,1500,1500,1500,1500,1500,1500,1500,1500,1500,1500,1500,1500,1500,1500,1500,1500,1500,7.4
2026-08-08,13:31:19.200,29.7,-0.7,-76,-78,100,11,0,8,10,-73,100,10,11.9,0.0,0,0,7,3,-1024,-7,8,-1024,-3,-560,-660,-1,0,-1,-1,-1,1,0,-1,0x0000000000000000,1514,1429,1530,1518,2012,1533,1520,1260,1701,988,1500,1500,1500,1500,1500,1500,1500,1500,1500,1500,1500,1500,1500,1500,1500,1500,1500,1500,1500,1500,1500,1500,7.4
2026-08-08,13:31:19.700,30.1,0.6,-78,-78,100,10,0,8,10,-75,100,11,11.9,0.0,0,0,8,2,-1024,-6,8,-1024,-3,-560,-660,-1,0,-1,-1,-1,1,0,-1,0x0000000000000000,1514,1429,1530,1518,2012,1534,1520,1260,1701,988,1500,1500,1500,1500,1500,1500,1500,1500,1500,1500,1500,1500,1500,1500,1500,1500,1500,1500,1500,1500,1500,1500,7.4
2026-08-08,13:31:20.200,30.6,1.2,-81,-79,100,9,1,8,10,-72,100,10,11.9,0.0,0,0,7,-98,-1024,-1,8,-1024,-4,-560,-660,-1,0,-1,-1,-1,1,0,-1,0x0000000000000000,1514,1454,1532,1519,2012,1535,1521,1260,1701,988,1500,1500,1500,1500,1500,1500,1500,1500,1500,1500,1500,1500,1500,1500,1500,1500,1500,1500,1500,1500,1500,1500,7.4
2026-08-08,13:31:20.700,30.9,0.3,-81,-82,100,10,1,8,10,-77,100,10,11.9,0.0,0,0,8,4,-1024,-6,8,-1024,-3,-560,-660,-1,0,-1,-1,-1,1,0,-1,0x0000000000000000,1514,1429,1530,1518,2012,1534,1520,1260,1701,988,1500,1500,1500,1500,1500,1500,1500,1500,1500,1500,1500,1500,1500,1500,1500,1500,1500,1500,1500,1500,1500,1500,7.4
2026-08-08,13:31:21.200,31.8,1.6,-81,-82,100,10,1,8,10,-72,100,10,11.9,0.0,0,0,8,-190,-1024,611,8,-1024,-3,-560,-660,-1,0,-1,-1,-1,1,0,-1,0x0000000000000000,1514,1478,1696,1619,2012,1717,1628,1260,1701,988,1500,1500,1500,1500,1500,1500,1500,1500,1500,1500,1500,1500,1500,1500,1500,1500,1500,1500,1500,1500,1500,1500,7.4
2026-08-08,13:31:21.700,32.0,0.7,-81,-81,100,9,1,8,10,-75,96,10,11.9,0.0,0,0,188,-281,-1024,284,8,-1024,-3,-560,-660,-1,0,-1,-1,-1,1,0,-1,0x0000000000000000,1562,1504,1608,1566,2012,1620,1571,1260,1701,988,1500,1500,1500,1500,1500,1500,1500,1500,1500,1500,1500,1500,1500,1500,1500,1500,1500,1500,1500,1500,1500,1500,7.4
2026-08-08,13:31:22.200,33.7,2.9,-81,-83,100,10,1,8,10,-82,100,9,11.9,0.0,0,0,8,-15,-1024,1009,7,-1024,-3,-560,-659,-1,0,-1,-1,-1,1,0,-1,0x0000000000000000,1514,1433,1802,1684,2012,1835,1697,1260,1701,988,1500,1500,1500,1500,1500,1500,1500,1500,1500,1500,1500,1500,1500,1500,1500,1500,1500,1500,1500,1500,1500,1500,7.4
2026-08-08,13:31:22.700,34.9,2.1,-80,-85,100,10,0,8,10,-78,100,10,11.8,0.0,0,0,20,-289,-1024,299,8,-1024,-3,-560,-660,-1,0,-1,-1,-1,1,0,-1,0x0000000000000000,1517,1507,1612,1568,2012,1624,1573,1260,1701,988,1500,1500,1500,1500,1500,1500,1500,1500,1500,1500,1500,1500,1500,1500,1500,1500,1500,1500,1500,1500,1500,1500,7.4
2026-08-08,13:31:23.200,35.5,1.1,-82,-85,100,11,0,8,50,-77,100,11,11.8,0.0,0,0,35,-156,-1024,1004,7,-1024,-3,-560,-660,-1,0,-1,-1,-1,1,0,-1,0x0000000000000000,1521,1469,1801,1683,2012,1834,1697,1260,1701,988,1500,1500,1500,1500,1500,1500,1500,1500,1500,1500,1500,1500,1500,1500,1500,1500,1500,1500,1500,1500,1500,1500,7.4
2026-08-08,13:31:23.700,35.3,-0.3,-77,-78,99,11,0,8,10,-74,92,10,11.9,0.0,0,0,7,-753,-1024,-70,8,-1024,-3,-561,-660,-1,0,-1,-1,-1,1,0,-1,0x0000000000000000,1514,1673,1513,1508,2012,1515,1509,1260,1701,988,1500,1500,1500,1500,1500,1500,1500,1500,1500,1500,1500,1500,1500,1500,1500,1500,1500,1500,1500,1500,1500,1500,7.4
2026-08-08,13:31:24.200,34.7,-1.0,-79,-70,99,9,1,8,10,-75,96,10,11.9,0.0,0,0,87,-558,-1024,-696,9,-1024,-3,-560,-660,-1,0,-1,-1,-1,1,0,-1,0x0000000000000000,1535,1596,1365,1414,2012,1327,1399,1260,1701,988,1500,1500,1500,1500,1500,1500,1500,1500,1500,1500,1500,1500,1500,1500,1500,1500,1500,1500,1500,1500,1500,1500,7.4
2026-08-08,13:31:24.700,33.7,-1.8,-83,-81,99,10,1,8,10,-77,100,10,11.9,0.0,0,0,106,-627,-1024,-793,9,-1024,-3,-560,-659,-1,0,-1,-1,-1,1,0,-1,0x0000000000000000,1540,1621,1342,1399,2012,1298,1382,1260,1701,988,1500,1500,1500,1500,1500,1500,1500,1500,1500,1500,1500,1500,1500,1500,1500,1500,1500,1500,1500,1500,1500,1500,7.4
2026-08-08,13:31:25.200,33.0,-1.6,-78,-85,100,10,0,8,10,-78,100,10,11.9,0.0,0,0,14,3,-1024,-45,8,-1024,-4,-560,-659,-1,0,-1,-1,-1,1,0,-1,0x0000000000000000,1516,1429,1520,1512,2012,1522,1513,1260,1701,988,1500,1500,1500,1500,1500,1500,1500,1500,1500,1500,1500,1500,1500,1500,1500,1500,1500,1500,1500,1500,1500,1500,7.4
2026-08-08,13:31:25.700,32.7,-1.2,-76,-85,100,10,0,8,10,-74,100,10,11.9,0.0,0,0,364,-5,-1024,-4,8,-1024,-3,-560,-660,-1,0,-1,-1,-1,1,0,-1,0x0000000000000000,1611,1431,1531,1519,2012,1534,1520,1260,1701,988,1500,1500,1500,1500,1500,1500,1500,1500,1500,1500,1500,1500,1500,1500,1500,1500,1500,1500,1500,1500,1500,1500,7.4
2026-08-08,13:31:26.200,33.0,-0.4,-74,-85,100,11,0,8,10,-72,100,10,11.9,0.0,0,0,594,-226,-1024,296,8,-1024,-3,-560,-660,-1,0,-1,-1,-1,1,0,-1,0x0000000000000000,1685,1488,1611,1568,2012,1623,1573,1260,1701,988,1500,1500,1500,1500,1500,1500,1500,1500,1500,1500,1500,1500,1500,1500,1500,1500,1500,1500,1500,1500,1500,1500,7.4
2026-08-08,13:31:26.700,32.9,-0.2,-72,-85,100,9,0,8,10,-67,100,11,11.9,0.0,0,0,203,-340,-1024,75,8,-1024,-4,-560,-660,-1,0,-1,-1,-1,1,0,-1,0x0000000000000000,1566,1523,1552,1532,2012,1558,1534,1260,1701,988,1500,1500,1500,1500,1500,1500,1500,1500,1500,1500,1500,1500,1500,1500,1500,1500,1500,1500,1500,1500,1500,1500,7.4
2026-08-08,13:31:27.200,33.3,0.2,-78,-79,100,10,0,8,10,-75,100,11,11.9,0.0,0,0,261,-517,-1024,-90,8,-1024,-4,-560,-660,-1,0,-1,-1,-1,1,0,-1,0x0000000000000000,1582,1581,1508,1505,2012,1509,1505,1260,1701,988,1500,1500,1500,1500,1500,1500,1500,1500,1500,1500,1500,1500,1500,1500,1500,1500,1500,1500,1500,1500,1500,1500,7.4
2026-08-08,13:31:27.700,35.1,3.2,-83,-72,100,9,1,8,50,-81,100,10,11.9,0.0,0,0,187,-479,-1024,-5,8,-1024,-3,-560,-660,-1,0,-1,-1,-1,1,0,-1,0x0000000000000000,1561,1568,1530,1518,2012,1534,1520,1260,1701,988,1500,1500,1500,1500,1500,1500,1500,1500,1500,1500,1500,1500,1500,1500,1500,1500,1500,1500,1500,1500,1500,1500,7.4
2026-08-08,13:31:28.200,35.9,1.6,-92,-83,99,9,1,8,10,-76,96,11,11.9,0.0,0,0,145,-393,-1024,130,8,-1024,-3,-560,-660,-1,0,-1,-1,-1,1,0,-1,0x0000000000000000,1550,1539,1567,1541,2012,1574,1544,1260,1701,988,1500,1500,1500,1500,1500,1500,1500,1500,1500,1500,1500,1500,1500,1500,1500,1500,1500,1500,1500,1500,1500,1500,7.4
2026-08-08,13:31:28.700,37.4,2.9,-92,-79,100,10,1,8,10,-78,100,10,11.9,0.0,0,0,272,-591,-1024,-6,8,-1024,-3,-560,-660,-1,0,-1,-1,-1,1,0,-1,0x0000000000000000,1585,1607,1530,1518,2012,1534,1520,1260,1701,988,1500,1500,1500,1500,1500,1500,1500,1500,1500,1500,1500,1500,1500,1500,1500,1500,1500,1500,1500,1500,1500,1500,7.4
2026-08-08,13:31:29.200,37.5,0.1,-75,-81,99,11,0,8,10,-71,100,10,11.9,0.0,0,0,117,-672,-1024,-306,8,-1024,-4,-560,-659,-1,0,-1,-1,-1,1,0,-1,0x0000000000000000,1543,1639,1457,1472,2012,1444,1468,1260,1701,988,1500,1500,1500,1500,1500,1500,1500,1500,1500,1500,1500,1500,1500,1500,1500,1500,1500,1500,1500,1500,1500,1500,7.4
2026-08-08,13:31:29.700,36.3,-2.4,-84,-84,100,8,1,8,10,-77,100,3,11.9,0.0,0,0,242,-831,-1024,-380,8,-1024,-4,-560,-660,-1,0,-1,-1,-1,1,0,-1,0x0000000000000000,1577,1708,1439,1461,2012,1422,1455,1260,1701,988,1500,1500,1500,1500,1500,1500,1500,1500,1500,1500,1500,1500,1500,1500,1500,1500,1500,1500,1500,1500,1500,1500,7.4
2026-08-08,13:31:30.200,35.9,-0.5,-81,-86,98,9,0,8,10,-79,92,10,11.9,0.0,0,0,307,-690,-1024,-194,8,-1024,-3,-560,-660,-1,0,-1,-1,-1,1,0,-1,0x0000000000000000,1595,1646,1483,1489,2012,1478,1487,1260,1701,988,1500,1500,1500,1500,1500,1500,1500,1500,1500,1500,1500,1500,1500,1500,1500,1500,1500,1500,1500,1500,1500,1500,7.4
2026-08-08,13:31:30.700,37.5,2.5,-82,-86,98,9,0,8,10,-79,100,11,11.9,0.0,0,0,284,-686,-1024,-186,8,-1024,-3,-560,-660,-1,0,-1,-1,-1,1,0,-1,0x0000000000000000,1588,1645,1485,1490,2012,1480,1489,1260,1701,988,1500,1500,1500,1500,1500,1500,1500,1500,1500,1500,1500,1500,1500,1500,1500,1500,1500,1500,1500,1500,1500,1500,7.4
2026-08-08,13:31:31.200,39.4,4.0,-84,-86,100,10,0,8,10,-81,100,9,11.9,0.0,0,0,269,-646,-1024,-9,8,-1024,-3,-560,-660,-1,0,-1,-1,-1,1,0,-1,0x0000000000000000,1584,1629,1530,1518,2012,1533,1519,1260,1701,988,1500,1500,1500,1500,1500,1500,1500,1500,1500,1500,1500,1500,1500,1500,1500,1500,1500,1500,1500,1500,1500,1500,7.4
2026-08-08,13:31:31.700,41.2,3.5,-79,-86,100,10,0,8,10,-70,100,10,11.9,0.0,0,0,257,-714,-1024,-30,8,-1024,-4,-560,-660,-1,0,-1,-1,-1,1,0,-1,0x0000000000000000,1581,1656,1524,1514,2012,1527,1516,1260,1701,988,1500,1500,1500,1500,1500,1500,1500,1500,1500,1500,1500,1500,1500,1500,1500,1500,1500,1500,1500,1500,1500,1500,7.4
2026-08-08,13:31:32.200,41.8,1.3,-82,-86,98,11,0,8,10,-72,100,10,11.9,0.0,0,0,335,-549,-1024,-278,8,-1024,-3,-560,-660,-1,0,-1,-1,-1,1,0,-1,0x0000000000000000,1603,1593,1463,1476,2012,1453,1472,1260,1701,988,1500,1500,1500,1500,1500,1500,1500,1500,1500,1500,1500,1500,1500,1500,1500,1500,1500,1500,1500,1500,1500,1500,7.4
2026-08-08,13:31:32.700,40.9,-1.7,-81,-86,100,10,0,8,25,-78,100,11,11.9,0.0,0,0,388,-814,-1024,28,8,-1024,-3,-560,-660,-1,0,-1,-1,-1,1,0,-1,0x0000000000000000,1619,1700,1540,1524,2012,1544,1526,1260,1701,988,1500,1500,1500,1500,1500,1500,1500,1500,1500,1500,1500,1500,1500,1500,1500,1500,1500,1500,1500,1500,1500,1500,7.4
2026-08-08,13:31:33.200,39.7,-1.7,-83,-83,99,9,0,8,10,-79,100,10,11.9,0.0,0,0,164,-839,-1024,-8,8,-1024,-3,-560,-660,-1,0,-1,-1,-1,1,0,-1,0x0000000000000000,1555,1712,1530,1518,2012,1533,1519,1260,1701,988,1500,1500,1500,1500,1500,1500,1500,1500,1500,1500,1500,1500,1500,1500,1500,1500,1500,1500,1500,1500,1500,1500,7.4
2026-08-08,13:31:33.700,39.5,0.0,-79,-88,99,9,0,8,10,-71,100,1,11.9,0.0,0,0,343,-670,-1024,84,8,-1024,-3,-560,-660,-1,0,-1,-1,-1,1,0,-1,0x0000000000000000,1608,1635,1554,1533,2012,1560,1536,1260,1701,988,1500,1500,1500,1500,1500,1500,1500,1500,1500,1500,1500,1500,1500,1500,1500,1500,1500,1500,1500,1500,1500,1500,7.4
2026-08-08,13:31:34.200,41.1,2.3,-74,-85,100,11,0,8,10,-72,100,11,11.9,0.0,0,0,270,-750,-1024,-11,8,-1024,-3,-560,-660,-1,0,-1,-1,-1,1,0,-1,0x0000000000000000,1584,1672,1529,1517,2012,1532,1519,1260,1701,988,1500,1500,1500,1500,1500,1500,1500,1500,1500,1500,1500,1500,1500,1500,1500,1500,1500,1500,1500,1500,1500,1500,7.4
2026-08-08,13:31:34.700,41.2,0.4,-76,-85,100,9,0,8,10,-72,100,11,11.9,0.0,0,0,362,-787,-1024,-194,8,-1024,-3,-560,-660,-1,0,-1,-1,-1,1,0,-1,0x0000000000000000,1611,1688,1483,1489,2012,1478,1487,1260,1701,988,1500,1500,1500,1500,1500,1500,1500,1500,1500,1500,1500,1500,1500,1500,1500,1500,1500,1500,1500,1500,1500,1500,7.4
2026-08-08,13:31:35.200,41.1,-0.3,-83,-83,100,9,0,8,10,-78,96,9,11.9,0.0,0,0,363,-833,-1024,-247,8,-1024,-3,-560,-659,-1,0,-1,-1,-1,1,0,-1,0x0000000000000000,1611,1709,1470,1481,2012,1462,1478,1260,1701,988,1500,1500,1500,1500,1500,1500,1500,1500,1500,1500,1500,1500,1500,1500,1500,1500,1500,1500,1500,1500,1500,1500,7.4
2026-08-08,13:31:35.700,41.2,0.3,-85,-83,100,4,0,8,25,-90,100,8,11.9,0.0,0,0,353,-754,-1024,-170,8,-1024,-3,-561,-660,-1,0,-1,-1,-1,1,0,-1,0x0000000000000000,1608,1674,1489,1493,2012,1485,1491,1260,1701,988,1500,1500,1500,1500,1500,1500,1500,1500,1500,1500,1500,1500,1500,1500,1500,1500,1500,1500,1500,1500,1500,1500,7.4
2026-08-08,13:31:36.200,42.2,1.8,-83,-83,100,6,0,8,25,-77,96,10,11.9,0.0,0,0,404,-754,-1024,-142,8,-1024,-3,-560,-659,-1,0,-1,-1,-1,1,0,-1,0x0000000000000000,1623,1674,1495,1497,2012,1494,1496,1260,1701,988,1500,1500,1500,1500,1500,1500,1500,1500,1500,1500,1500,1500,1500,1500,1500,1500,1500,1500,1500,1500,1500,1500,7.4
2026-08-08,13:31:36.700,43.4,2.1,-83,-83,100,8,0,8,250,-94,100,4,11.9,0.0,0,0,400,-751,-1024,-47,8,-1024,-3,-560,-659,-1,0,-1,-1,-1,1,0,-1,0x0000000000000000,1622,1672,1519,1512,2012,1521,1513,1260,1701,988,1500,1500,1500,1500,1500,1500,1500,1500,1500,1500,1500,1500,1500,1500,1500,1500,1500,1500,1500,1500,1500,1500,7.4
2026-08-08,13:31:37.200,44.0,1.2,-84,-83,100,8,0,8,10,-84,100,9,11.9,0.0,0,0,381,-831,-1024,-7,8,-1024,-4,-560,-660,-1,0,-1,-1,-1,1,0,-1,0x0000000000000000,1616,1708,1530,1518,2012,1533,1520,1260,1701,988,1500,1500,1500,1500,1500,1500,1500,1500,1500,1500,1500,1500,1500,1500,1500,1500,1500,1500,1500,1500,1500,1500,7.4
2026-08-08,13:31:37.700,43.9,-0.2,-84,-78,99,10,1,8,10,-72,100,11,11.9,0.0,0,0,385,-837,-1024,-8,8,-1024,-3,-560,-660,-1,0,-1,-1,-1,1,0,-1,0x0000000000000000,1617,1711,1530,1518,2012,1533,1519,1260,1701,988,1500,1500,1500,1500,1500,1500,1500,1500,1500,1500,1500,1500,1500,1500,1500,1500,1500,1500,1500,1500,1500,1500,7.4
2026-08-08,13:31:38.200,43.4,-0.9,-84,-81,100,8,1,8,10,-80,100,10,11.9,0.0,0,0,385,-869,-1024,-50,8,-1024,-3,-560,-660,-1,0,-1,-1,-1,1,0,-1,0x0000000000000000,1617,1726,1519,1511,2012,1521,1512,1260,1701,988,1500,1500,1500,1500,1500,1500,1500,1500,1500,1500,1500,1500,1500,1500,1500,1500,1500,1500,1500,1500,1500,1500,7.4
2026-08-08,13:31:38.700,42.9,-0.6,-78,-83,100,10,0,8,10,-74,100,10,11.9,0.0,0,0,379,-924,-1024,-47,8,-1024,-4,-560,-660,-1,0,-1,-1,-1,1,0,-1,0x0000000000000000,1616,1753,1519,1512,2012,1521,1513,1260,1701,988,1500,1500,1500,1500,1500,1500,1500,1500,1500,1500,1500,1500,1500,1500,1500,1500,1500,1500,1500,1500,1500,1500,7.4
2026-08-08,13:31:39.200,43.3,0.7,-80,-83,100,11,0,8,10,-77,100,12,11.9,0.0,0,0,396,-902,-1024,-50,8,-1024,-4,-560,-659,-1,0,-1,-1,-1,1,0,-1,0x0000000000000000,1621,1742,1519,1511,2012,1521,1512,1260,1701,988,1500,1500,1500,1500,1500,1500,1500,1500,1500,1500,1500,1500,1500,1500,1500,1500,1500,1500,1500,1500,1500,1500,7.4
2026-08-08,13:31:39.700,45.1,3.1,-81,-83,100,9,0,8,10,-95,92,2,11.9,0.0,0,0,196,-796,-1024,-157,8,-1024,-3,-560,-660,-1,0,-1,-1,-1,1,0,-1,0x0000000000000000,1564,1692,1492,1495,2012,1489,1494,1260,1701,988,1500,1500,1500,1500,1500,1500,1500,1500,1500,1500,1500,1500,1500,1500,1500,1500,1500,1500,1500,1500,1500,1500,7.4
2026-08-08,13:31:40.200,45.5,0.8,-69,-84,97,10,0,8,10,-70,92,11,11.9,0.0,0,0,176,-865,-1024,-371,8,-1024,-4,-560,-660,-1,0,-1,-1,-1,1,0,-1,0x0000000000000000,1558,1724,1441,1463,2012,1425,1456,1260,1701,988,1500,1500,1500,1500,1500,1500,1500,1500,1500,1500,1500,1500,1500,1500,1500,1500,1500,1500,1500,1500,1500,1500,7.4
2026-08-08,13:31:40.700,44.4,-1.8,-84,-88,99,9,0,8,10,-79,100,11,11.9,0.0,0,0,296,-908,-1024,-256,8,-1024,-3,-560,-660,-1,0,-1,-1,-1,1,0,-1,0x0000000000000000,1592,1745,1468,1480,2012,1459,1476,1260,1701,988,1500,1500,1500,1500,1500,1500,1500,1500,1500,1500,1500,1500,1500,1500,1500,1500,1500,1500,1500,1500,1500,1500,7.4
2026-08-08,13:31:41.200,44.1,-0.3,-84,-76,99,7,1,8,10,-84,96,9,11.9,0.0,0,0,313,-859,-1024,-37,8,-1024,-4,-560,-660,-1,0,-1,-1,-1,1,0,-1,0x0000000000000000,1596,1721,1522,1513,2012,1524,1514,1260,1701,988,1500,1500,1500,1500,1500,1500,1500,1500,1500,1500,1500,1500,1500,1500,1500,1500,1500,1500,1500,1500,1500,1500,7.4
2026-08-08,13:31:41.700,45.9,3.6,-92,-78,99,10,1,8,10,-74,100,11,11.9,0.0,0,0,326,-856,-1024,-17,8,-1024,-3,-560,-660,-1,0,-1,-1,-1,1,0,-1,0x0000000000000000,1600,1720,1527,1517,2012,1530,1518,1260,1701,988,1500,1500,1500,1500,1500,1500,1500,1500,1500,1500,1500,1500,1500,1500,1500,1500,1500,1500,1500,1500,1500,1500,7.4
2026-08-08,13:31:42.200,47.2,3.2,-70,-79,99,11,0,8,10,-67,96,10,11.9,0.0,0,0,318,-859,-1024,-13,8,-1024,-3,-560,-660,-1,0,-1,-1,-1,1,0,-1,0x0000000000000000,1598,1721,1528,1517,2012,1532,1519,1260,1701,988,1500,1500,1500,1500,1500,1500,1500,1500,1500,1500,1500,1500,1500,1500,1500,1500,1500,1500,1500,1500,1500,1500,7.4
2026-08-08,13:31:42.700,48.5,1.9,-73,-79,99,11,0,8,10,-71,100,10,11.9,0.0,0,0,312,-882,-1024,-113,8,-1024,-3,-560,-659,-1,0,-1,-1,-1,1,0,-1,0x0000000000000000,1596,1732,1502,1501,2012,1502,1501,1260,1701,988,1500,1500,1500,1500,1500,1500,1500,1500,1500,1500,1500,1500,1500,1500,1500,1500,1500,1500,1500,1500,1500,1500,7.4
2026-08-08,13:31:43.200,47.5,-1.9,-79,-81,100,11,0,8,10,-77,100,10,11.9,0.0,0,0,309,-911,-1024,-78,8,-1024,-4,-560,-660,-1,0,-1,-1,-1,1,0,-1,0x0000000000000000,1595,1747,1511,1507,2012,1512,1507,1260,1701,988,1500,1500,1500,1500,1500,1500,1500,1500,1500,1500,1500,1500,1500,1500,1500,1500,1500,1500,1500,1500,1500,1500,7.3
2026-08-08,13:31:43.700,45.8,-2.5,-81,-85,100,6,0,8,10,-72,100,10,11.9,0.0,0,0,342,-862,-1024,-304,8,-1024,-4,-560,-660,-1,0,-1,-1,-1,1,0,-1,0x0000000000000000,1605,1722,1457,1473,2012,1445,1468,1260,1701,988,1500,1500,1500,1500,1500,1500,1500,1500,1500,1500,1500,1500,1500,1500,1500,1500,1500,1500,1500,1500,1500,1500,7.3
2026-08-08,13:31:44.200,45.2,-1.1,-80,-85,100,10,0,8,10,-76,100,10,11.9,0.0,0,0,340,-762,-1024,-303,8,-1024,-3,-560,-660,-1,0,-1,-1,-1,1,0,-1,0x0000000000000000,1604,1677,1457,1473,2012,1445,1468,1260,1701,988,1500,1500,1500,1500,1500,1500,1500,1500,1500,1500,1500,1500,1500,1500,1500,1500,1500,1500,1500,1500,1500,1500,7.3
2026-08-08,13:31:44.700,46.4,1.8,-83,-85,100,8,0,8,10,-81,100,9,11.9,0.0,0,0,376,-743,-1024,-7,8,-1024,-3,-560,-659,-1,0,-1,-1,-1,1,0,-1,0x0000000000000000,1615,1669,1530,1518,2012,1533,1520,1260,1701,988,1500,1500,1500,1500,1500,1500,1500,1500,1500,1500,1500,1500,1500,1500,1500,1500,1500,1500,1500,1500,1500,1500,7.3
2026-08-08,13:31:45.200,50.5,6.3,-89,-81,98,8,1,8,10,-74,100,11,11.9,0.0,0,0,230,-283,-1024,337,8,-1024,-3,-560,-660,-1,0,-1,-1,-1,1,0,-1,0x0000000000000000,1573,1505,1622,1574,2012,1636,1580,1260,1701,988,1500,1500,1500,1500,1500,1500,1500,1500,1500,1500,1500,1500,1500,1500,1500,1500,1500,1500,1500,1500,1500,1500,7.3
2026-08-08,13:31:45.700,52.3,3.8,-89,-82,100,9,1,8,10,-77,100,10,11.9,0.0,0,0,294,-602,-1024,-4,8,-1024,-3,-560,-660,-1,0,-1,-1,-1,1,0,-1,0x0000000000000000,1591,1613,1531,1519,2012,1534,1520,1260,1701,988,1500,1500,1500,1500,1500,1500,1500,1500,1500,1500,1500,1500,1500,1500,1500,1500,1500,1500,1500,1500,1500,1500,7.3
2026-08-08,13:31:46.200,52.0,0.0,-89,-81,100,10,1,8,10,-77,100,10,11.9,0.0,0,0,299,-803,-1024,-4,8,-1024,-4,-560,-660,-1,0,-1,-1,-1,1,0,-1,0x0000000000000000,1593,1695,1531,1519,2012,1534,1520,1260,1701,988,1500,1500,1500,1500,1500,1500,1500,1500,1500,1500,1500,1500,1500,1500,1500,1500,1500,1500,1500,1500,1500,1500,7.3
2026-08-08,13:31:46.700,50.0,-3.4,-89,-84,100,11,1,8,50,-77,100,11,11.9,0.0,0,0,42,-963,-1024,-308,9,-1024,-4,-560,-660,-1,0,-1,-1,-1,1,0,-1,0x0000000000000000,1523,1774,1456,1472,2012,1443,1467,1260,1701,988,1500,1500,1500,1500,1500,1500,1500,1500,1500,1500,1500,1500,1500,1500,1500,1500,1500,1500,1500,1500,1500,1500,7.3
2026-08-08,13:31:47.200,48.0,-3.5,-81,-86,100,11,0,8,10,-73,100,11,11.9,0.0,0,0,127,-488,-1024,217,8,-1024,-3,-560,-660,-1,0,-1,-1,-1,1,0,-1,0x0000000000000000,1545,1571,1590,1555,2012,1600,1559,1260,1701,988,1500,1500,1500,1500,1500,1500,1500,1500,1500,1500,1500,1500,1500,1500,1500,1500,1500,1500,1500,1500,1500,1500,7.3
2026-08-08,13:31:47.700,48.7,0.0,-81,-81,97,6,1,8,10,-82,96,9,11.9,0.0,0,0,422,-361,-1024,329,8,-1024,-3,-561,-659,-1,0,-1,-1,-1,1,0,-1,0x0000000000000000,1629,1529,1620,1573,2012,1633,1578,1260,1701,988,1500,1500,1500,1500,1500,1500,1500,1500,1500,1500,1500,1500,1500,1500,1500,1500,1500,1500,1500,1500,1500,1500,7.3
2026-08-08,13:31:48.200,50.5,3.3,-80,-85,100,9,0,8,10,-80,100,10,11.9,0.0,0,0,256,-404,-1024,93,8,-1024,-3,-561,-659,-1,0,-1,-1,-1,1,0,-1,0x0000000000000000,1580,1543,1557,1535,2012,1563,1537,1260,1701,988,1500,1500,1500,1500,1500,1500,1500,1500,1500,1500,1500,1500,1500,1500,1500,1500,1500,1500,1500,1500,1500,1500,7.3
2026-08-08,13:31:48.700,52.7,3.9,-85,-85,100,6,1,8,25,-82,100,11,11.9,0.0,0,0,225,-600,-1024,-85,8,-1024,-3,-560,-660,-1,0,-1,-1,-1,1,0,-1,0x0000000000000000,1572,1611,1509,1505,2012,1510,1506,1260,1701,988,1500,1500,1500,1500,1500,1500,1500,1500,1500,1500,1500,1500,1500,1500,1500,1500,1500,1500,1500,1500,1500,1500,7.3
2026-08-08,13:31:49.200,53.9,2.3,-78,-86,99,11,0,8,10,-70,100,8,11.9,0.0,0,0,334,-615,-1024,-204,8,-1024,-4,-560,-659,-1,0,-1,-1,-1,1,0,-1,0x0000000000000000,1602,1617,1480,1488,2012,1475,1485,1260,1701,988,1500,1500,1500,1500,1500,1500,1500,1500,1500,1500,1500,1500,1500,1500,1500,1500,1500,1500,1500,1500,1500,1500,7.3
2026-08-08,13:31:49.700,53.5,0.1,-80,-85,99,10,0,8,10,-75,96,10,11.9,0.0,0,0,343,-778,-1024,-9,8,-1024,-3,-560,-660,-1,0,-1,-1,-1,1,0,-1,0x0000000000000000,1605,1684,1530,1518,2012,1533,1519,1260,1701,988,1500,1500,1500,1500,1500,1500,1500,1500,1500,1500,1500,1500,1500,1500,1500,1500,1500,1500,1500,1500,1500,1500,7.3
2026-08-08,13:31:50.200,53.0,-0.7,-80,-85,100,9,0,8,10,-85,100,9,11.9,0.0,0,0,267,-636,-1024,-5,8,-1024,-3,-560,-660,-1,0,-1,-1,-1,1,0,-1,0x0000000000000000,1584,1625,1530,1518,2012,1534,1520,1260,1701,988,1500,1500,1500,1500,1500,1500,1500,1500,1500,1500,1500,1500,1500,1500,1500,1500,1500,1500,1500,1500,1500,1500,7.3
2026-08-08,13:31:50.700,53.1,0.0,-84,-78,100,3,1,8,50,-70,100,10,11.9,0.0,0,0,264,-502,-1024,-4,8,-1024,-4,-560,-660,-1,0,-1,-1,-1,1,0,-1,0x0000000000000000,1582,1576,1531,1519,2012,1534,1520,1260,1701,988,1500,1500,1500,1500,1500,1500,1500,1500,1500,1500,1500,1500,1500,1500,1500,1500,1500,1500,1500,1500,1500,1500,7.3
2026-08-08,13:31:51.200,53.8,1.7,-84,-78,100,9,1,8,10,-78,100,11,11.9,0.0,0,0,266,-511,-1024,10,8,-1024,-4,-560,-660,-1,0,-1,-1,-1,1,0,-1,0x0000000000000000,1583,1579,1535,1521,2012,1538,1523,1260,1701,988,1500,1500,1500,1500,1500,1500,1500,1500,1500,1500,1500,1500,1500,1500,1500,1500,1500,1500,1500,1500,1500,1500,7.4
2026-08-08,13:31:51.700,54.4,1.3,-74,-83,100,9,0,8,10,-72,100,10,11.9,0.0,0,0,285,-614,-1024,-4,8,-1024,-3,-560,-660,-1,0,-1,-1,-1,1,0,-1,0x0000000000000000,1588,1617,1531,1519,2012,1534,1520,1260,1701,988,1500,1500,1500,1500,1500,1500,1500,1500,1500,1500,1500,1500,1500,1500,1500,1500,1500,1500,1500,1500,1500,1500,7.4
2026-08-08,13:31:52.200,55.0,1.1,-76,-83,100,10,0,8,10,-71,100,11,11.9,0.0,0,0,279,-735,-1024,-8,8,-1024,-4,-560,-660,-1,0,-1,-1,-1,1,0,-1,0x0000000000000000,1587,1665,1530,1518,2012,1533,1519,1260,1701,988,1500,1500,1500,1500,1500,1500,1500,1500,1500,1500,1500,1500,1500,1500,1500,1500,1500,1500,1500,1500,1500,1500,7.4
2026-08-08,13:31:52.700,55.0,-0.1,-78,-83,100,10,0,8,10,-79,100,11,11.9,0.0,0,0,292,-775,-1024,-83,8,-1024,-3,-560,-660,-1,0,-1,-1,-1,1,0,-1,0x0000000000000000,1591,1682,1510,1506,2012,1511,1506,1260,1701,988,1500,1500,1500,1500,1500,1500,1500,1500,1500,1500,1500,1500,1500,1500,1500,1500,1500,1500,1500,1500,1500,1500,7.4
2026-08-08,13:31:53.200,54.4,-1.4,-80,-82,100,10,0,8,10,-75,100,10,11.8,0.0,0,0,324,-741,-1024,-40,8,-1024,-3,-560,-660,-1,0,-1,-1,-1,1,0,-1,0x0000000000000000,1600,1668,1521,1513,2012,1524,1514,1260,1701,988,1500,1500,1500,1500,1500,1500,1500,1500,1500,1500,1500,1500,1500,1500,1500,1500,1500,1500,1500,1500,1500,1500,7.4
2026-08-08,13:31:53.700,54.4,-0.1,-78,-82,100,11,0,8,10,-76,100,10,11.8,0.0,0,0,329,-640,-1024,-45,8,-1024,-3,-560,-660,-1,0,-1,-1,-1,1,0,-1,0x0000000000000000,1601,1627,1520,1512,2012,1522,1513,1260,1701,988,1500,1500,1500,1500,1500,1500,1500,1500,1500,1500,1500,1500,1500,1500,1500,1500,1500,1500,1500,1500,1500,1500,7.4
2026-08-08,13:31:54.200,54.9,0.9,-79,-82,100,10,0,8,10,-78,100,10,11.9,0.0,0,0,328,-659,-1024,-18,8,-1024,-3,-560,-660,-1,0,-1,-1,-1,1,0,-1,0x0000000000000000,1601,1634,1527,1516,2012,1530,1518,1260,1701,988,1500,1500,1500,1500,1500,1500,1500,1500,1500,1500,1500,1500,1500,1500,1500,1500,1500,1500,1500,1500,1500,1500,7.4
2026-08-08,13:31:54.700,56.0,2.1,-84,-84,98,6,1,8,10,-79,100,10,11.9,0.0,0,0,320,-679,-1024,-11,8,-1024,-3,-560,-660,-1,0,-1,-1,-1,1,0,-1,0x0000000000000000,1599,1642,1529,1517,2012,1532,1519,1260,1701,988,1500,1500,1500,1500,1500,1500,1500,1500,1500,1500,1500,1500,1500,1500,1500,1500,1500,1500,1500,1500,1500,1500,7.4
2026-08-08,13:31:55.200,56.4,1.0,-84,-80,100,9,1,8,10,-74,92,10,11.9,0.0,0,0,299,-668,-1024,-12,8,-1024,-3,-560,-660,-1,0,-1,-1,-1,1,0,-1,0x0000000000000000,1593,1637,1529,1517,2012,1532,1519,1260,1701,988,1500,1500,1500,1500,1500,1500,1500,1500,1500,1500,1500,1500,1500,1500,1500,1500,1500,1500,1500,1500,1500,1500,7.4
2026-08-08,13:31:55.700,57.5,1.4,-84,-84,100,9,1,8,25,-87,100,9,11.9,0.0,0,0,281,-695,-1024,-22,8,-1024,-3,-560,-659,-1,0,-1,-1,-1,1,0,-1,0x0000000000000000,1587,1649,1526,1516,2012,1529,1517,1260,1701,988,1500,1500,1500,1500,1500,1500,1500,1500,1500,1500,1500,1500,1500,1500,1500,1500,1500,1500,1500,1500,1500,1500,7.4
2026-08-08,13:31:56.200,57.3,-0.1,-78,-86,100,10,0,8,10,-72,100,12,11.9,0.0,0,0,286,-717,-1024,-50,8,-1024,-3,-560,-660,-1,0,-1,-1,-1,1,0,-1,0x0000000000000000,1589,1658,1519,1511,2012,1521,1512,1260,1701,988,1500,1500,1500,1500,1500,1500,1500,1500,1500,1500,1500,1500,1500,1500,1500,1500,1500,1500,1500,1500,1500,1500,7.4
2026-08-08,13:31:56.700,56.9,-1.0,-78,-86,100,8,0,8,10,-76,100,10,11.9,0.0,0,0,295,-702,-1024,-44,8,-1024,-3,-560,-660,-1,0,-1,-1,-1,1,0,-1,0x0000000000000000,1591,1651,1520,1512,2012,1522,1513,1260,1701,988,1500,1500,1500,1500,1500,1500,1500,1500,1500,1500,1500,1500,1500,1500,1500,1500,1500,1500,1500,1500,1500,1500,7.4
2026-08-08,13:31:57.200,55.6,-2.4,-83,-81,100,5,1,8,10,-84,96,10,11.9,0.0,0,0,284,-712,-1024,-42,8,-1024,-3,-560,-660,-1,0,-1,-1,-1,1,0,-1,0x0000000000000000,1588,1656,1521,1513,2012,1523,1514,1260,1701,988,1500,1500,1500,1500,1500,1500,1500,1500,1500,1500,1500,1500,1500,1500,1500,1500,1500,1500,1500,1500,1500,1500,7.4
2026-08-08,13:31:57.700,56.6,1.3,-83,-83,100,8,1,8,10,-80,100,9,11.9,0.0,0,0,292,-700,-1024,-41,8,-1024,-3,-560,-660,-1,0,-1,-1,-1,1,0,-1,0x0000000000000000,1591,1651,1521,1513,2012,1523,1514,1260,1701,988,1500,1500,1500,1500,1500,1500,1500,1500,1500,1500,1500,1500,1500,1500,1500,1500,1500,1500,1500,1500,1500,1500,7.4
2026-08-08,13:31:58.200,57.6,2.1,-83,-84,100,8,1,8,10,-78,100,10,11.9,0.0,0,0,290,-700,-1024,-31,8,-1024,-3,-560,-660,-1,0,-1,-1,-1,1,0,-1,0x0000000000000000,1590,1651,1523,1514,2012,1526,1515,1260,1701,988,1500,1500,1500,1500,1500,1500,1500,1500,1500,1500,1500,1500,1500,1500,1500,1500,1500,1500,1500,1500,1500,1500,7.4
2026-08-08,13:31:58.700,59.7,3.5,-83,-84,100,9,1,8,10,-79,100,10,11.9,0.0,0,0,310,-714,-1024,-28,8,-1024,-4,-560,-660,-1,0,-1,-1,-1,1,0,-1,0x0000000000000000,1596,1656,1524,1515,2012,1527,1516,1260,1701,988,1500,1500,1500,1500,1500,1500,1500,1500,1500,1500,1500,1500,1500,1500,1500,1500,1500,1500,1500,1500,1500,1500,7.4
2026-08-08,13:31:59.200,60.3,1.7,-83,-82,100,8,1,8,10,-77,92,10,11.9,0.0,0,0,326,-712,-1024,-23,8,-1024,-3,-560,-660,-1,0,-1,-1,-1,1,0,-1,0x0000000000000000,1600,1656,1526,1516,2012,1529,1517,1260,1701,988,1500,1500,1500,1500,1500,1500,1500,1500,1500,1500,1500,1500,1500,1500,1500,1500,1500,1500,1500,1500,1500,1500,7.4
2026-08-08,13:31:59.700,60.0,-0.6,-83,-81,100,10,1,8,10,-83,100,9,11.9,0.0,0,0,331,-739,-1024,-9,8,-1024,-3,-561,-659,-1,0,-1,-1,-1,1,0,-1,0x0000000000000000,1602,1667,1530,1518,2012,1533,1519,1260,1701,988,1500,1500,1500,1500,1500,1500,1500,1500,1500,1500,1500,1500,1500,1500,1500,1500,1500,1500,1500,1500,1500,1500,7.4
2026-08-08,13:32:00.200,58.9,-1.9,-83,-84,100,10,1,8,10,-79,100,10,11.9,0.0,0,0,328,-733,-1024,-7,8,-1024,-4,-560,-660,-1,0,-1,-1,-1,1,0,-1,0x0000000000000000,1601,1665,1530,1518,2012,1533,1520,1260,1701,988,1500,1500,1500,1500,1500,1500,1500,1500,1500,1500,1500,1500,1500,1500,1500,1500,1500,1500,1500,1500,1500,1500,7.4
2026-08-08,13:32:00.700,57.5,-2.7,-83,-82,100,9,1,8,10,-79,100,6,11.9,0.0,0,0,354,-791,-1024,81,8,-1024,-4,-560,-660,-1,0,-1,-1,-1,1,0,-1,0x0000000000000000,1608,1690,1554,1533,2012,1560,1535,1260,1701,988,1500,1500,1500,1500,1500,1500,1500,1500,1500,1500,1500,1500,1500,1500,1500,1500,1500,1500,1500,1500,1500,1500,7.4
2026-08-08,13:32:01.200,58.2,0.6,-83,-86,100,8,0,8,10,-81,100,9,11.9,0.0,0,0,373,-716,-1024,69,8,-1024,-3,-560,-660,-1,0,-1,-1,-1,1,0,-1,0x0000000000000000,1614,1658,1550,1531,2012,1556,1533,1260,1701,988,1500,1500,1500,1500,1500,1500,1500,1500,1500,1500,1500,1500,1500,1500,1500,1500,1500,1500,1500,1500,1500,1500,7.4
2026-08-08,13:32:01.700,59.5,0.1,-82,-86,100,9,0,8,50,-79,100,9,11.9,0.0,0,0,375,-671,-1024,118,8,-1024,-3,-560,-660,-1,0,-1,-1,-1,1,0,-1,0x0000000000000000,1615,1639,1563,1538,2012,1570,1541,1260,1701,988,1500,1500,1500,1500,1500,1500,1500,1500,1500,1500,1500,1500,1500,1500,1500,1500,1500,1500,1500,1500,1500,1500,7.4
2026-08-08,13:32:02.200,60.3,0.9,-84,-81,99,8,1,8,10,-82,92,8,11.9,0.0,0,0,420,-676,-1024,106,8,-1024,-3,-560,-660,-1,0,-1,-1,-1,1,0,-1,0x0000000000000000,1628,1641,1560,1537,2012,1567,1539,1260,1701,988,1500,1500,1500,1500,1500,1500,1500,1500,1500,1500,1500,1500,1500,1500,1500,1500,1500,1500,1500,1500,1500,1500,7.4
2026-08-08,13:32:02.700,59.4,-1.2,-82,-82,100,8,0,8,10,-78,100,11,11.9,0.0,0,0,419,-707,-1024,117,8,-1024,-3,-560,-660,-1,0,-1,-1,-1,1,0,-1,0x0000000000000000,1628,1654,1563,1538,2012,1570,1541,1260,1701,988,1500,1500,1500,1500,1500,1500,1500,1500,1500,1500,1500,1500,1500,1500,1500,1500,1500,1500,1500,1500,1500,1500,7.4
2026-08-08,13:32:03.200,58.1,-2.8,-84,-82,99,7,0,8,100,-79,100,10,11.9,0.0,0,0,436,-720,-1024,107,8,-1024,-4,-560,-660,-1,0,-1,-1,-1,1,0,-1,0x0000000000000000,1633,1659,1561,1537,2012,1567,1540,1260,1701,988,1500,1500,1500,1500,1500,1500,1500,1500,1500,1500,1500,1500,1500,1500,1500,1500,1500,1500,1500,1500,1500,1500,7.4
2026-08-08,13:32:03.700,56.9,-2.1,-83,-87,99,9,1,8,25,-84,100,10,11.9,0.0,0,0,468,-717,-1024,152,8,-1024,-3,-560,-660,-1,0,-1,-1,-1,1,0,-1,0x0000000000000000,1643,1658,1572,1544,2012,1580,1547,1260,1701,988,1500,1500,1500,1500,1500,1500,1500,1500,1500,1500,1500,1500,1500,1500,1500,1500,1500,1500,1500,1500,1500,1500,7.4
2026-08-08,13:32:04.200,56.5,-0.3,-93,-84,98,8,1,8,25,-86,100,9,11.9,0.0,0,0,483,-632,-1024,251,8,-1024,-3,-560,-660,-1,0,-1,-1,-1,1,0,-1,0x0000000000000000,1648,1623,1599,1560,2012,1610,1565,1260,1701,988,1500,1500,1500,1500,1500,1500,1500,1500,1500,1500,1500,1500,1500,1500,1500,1500,1500,1500,1500,1500,1500,1500,7.4
2026-08-08,13:32:04.700,58.1,2.6,-84,-86,100,10,0,8,10,-79,100,10,11.9,0.0,0,0,487,-647,-1024,87,8,-1024,-3,-560,-660,-1,0,-1,-1,-1,1,0,-1,0x0000000000000000,1649,1629,1555,1534,2012,1561,1536,1260,1701,988,1500,1500,1500,1500,1500,1500,1500,1500,1500,1500,1500,1500,1500,1500,1500,1500,1500,1500,1500,1500,1500,1500,7.4
2026-08-08,13:32:05.200,59.4,2.1,-83,-86,100,7,0,8,250,-82,100,10,11.9,0.0,0,0,426,-768,-1024,-54,8,-1024,-3,-560,-660,-1,0,-1,-1,-1,1,0,-1,0x0000000000000000,1630,1680,1517,1510,2012,1519,1511,1260,1701,988,1500,1500,1500,1500,1500,1500,1500,1500,1500,1500,1500,1500,1500,1500,1500,1500,1500,1500,1500,1500,1500,1500,7.4
2026-08-08,13:32:05.700,58.8,-0.1,-90,-85,99,8,1,8,50,-89,100,8,11.9,0.0,0,0,377,-792,-1024,-17,8,-1024,-3,-560,-660,-1,0,-1,-1,-1,1,0,-1,0x0000000000000000,1615,1685,1527,1517,2012,1530,1518,1260,1701,988,1500,1500,1500,1500,1500,1500,1500,1500,1500,1500,1500,1500,1500,1500,1500,1500,1500,1500,1500,1500,1500,1500,7.4
2026-08-08,13:32:06.200,57.2,-2.6,-85,-86,100,7,0,8,25,-86,92,8,11.9,0.0,0,0,314,-797,-1024,-73,8,-1024,-3,-560,-660,-1,0,-1,-1,-1,1,0,-1,0x0000000000000000,1597,1692,1512,1507,2012,1514,1508,1260,1701,988,1500,1500,1500,1500,1500,1500,1500,1500,1500,1500,1500,1500,1500,1500,1500,1500,1500,1500,1500,1500,1500,1500,7.4
2026-08-08,13:32:06.700,56.5,-1.4,-86,-86,100,9,0,8,10,-75,100,0,11.9,0.0,0,0,310,-876,-1024,-75,8,-1024,-3,-560,-659,-1,0,-1,-1,-1,1,0,-1,0x0000000000000000,1596,1729,1512,1507,2012,1513,1508,1260,1701,988,1500,1500,1500,1500,1500,1500,1500,1500,1500,1500,1500,1500,1500,1500,1500,1500,1500,1500,1500,1500,1500,1500,7.4
2026-08-08,13:32:07.200,57.7,1.3,-83,-95,98,4,0,8,50,-90,100,7,11.9,0.0,0,0,328,-921,-1024,-164,8,-1024,-3,-560,-660,-1,0,-1,-1,-1,1,0,-1,0x0000000000000000,1601,1752,1490,1494,2012,1487,1492,1260,1701,988,1500,1500,1500,1500,1500,1500,1500,1500,1500,1500,1500,1500,1500,1500,1500,1500,1500,1500,1500,1500,1500,1500,7.3
2026-08-08,13:32:07.700,60.1,4.9,-84,-93,100,5,0,8,25,-85,100,5,11.9,0.0,0,0,330,-843,-1024,-12,8,-1024,-4,-560,-660,-1,0,-1,-1,-1,1,0,-1,0x0000000000000000,1601,1714,1529,1517,2012,1532,1519,1260,1701,988,1500,1500,1500,1500,1500,1500,1500,1500,1500,1500,1500,1500,1500,1500,1500,1500,1500,1500,1500,1500,1500,1500,7.3
2026-08-08,13:32:08.200,61.6,2.7,-85,-93,100,2,0,8,50,-91,88,6,11.9,0.0,0,0,350,-823,-1024,-5,8,-1024,-4,-560,-660,-1,0,-1,-1,-1,1,0,-1,0x0000000000000000,1607,1704,1530,1518,2012,1534,1520,1260,1701,988,1500,1500,1500,1500,1500,1500,1500,1500,1500,1500,1500,1500,1500,1500,1500,1500,1500,1500,1500,1500,1500,1500,7.3
2026-08-08,13:32:08.700,61.3,-0.2,-85,-91,98,7,0,8,25,-87,100,8,11.9,0.0,0,0,357,-825,-1024,-6,8,-1024,-4,-560,-660,-1,0,-1,-1,-1,1,0,-1,0x0000000000000000,1609,1705,1530,1518,2012,1534,1520,1260,1701,988,1500,1500,1500,1500,1500,1500,1500,1500,1500,1500,1500,1500,1500,1500,1500,1500,1500,1500,1500,1500,1500,1500,7.3
2026-08-08,13:32:09.200,59.8,-2.7,-85,-85,98,9,0,8,25,-82,100,10,11.9,0.0,0,0,352,-897,-1024,-4,8,-1024,-3,-560,-660,-1,0,-1,-1,-1,1,0,-1,0x0000000000000000,1608,1740,1531,1519,2012,1534,1520,1260,1701,988,1500,1500,1500,1500,1500,1500,1500,1500,1500,1500,1500,1500,1500,1500,1500,1500,1500,1500,1500,1500,1500,1500,7.3
2026-08-08,13:32:09.700,58.9,-1.1,-86,-85,99,5,0,8,250,-90,92,8,11.9,0.0,0,0,370,-924,-1024,-5,8,-1024,-3,-560,-660,-1,0,-1,-1,-1,1,0,-1,0x0000000000000000,1613,1753,1530,1518,2012,1534,1520,1260,1701,988,1500,1500,1500,1500,1500,1500,1500,1500,1500,1500,1500,1500,1500,1500,1500,1500,1500,1500,1500,1500,1500,1500,7.3
2026-08-08,13:32:10.200,59.6,1.0,-85,-90,96,7,0,8,25,-81,96,10,11.9,0.0,0,0,389,-899,-1024,56,8,-1024,-3,-560,-660,-1,0,-1,-1,-1,1,0,-1,0x0000000000000000,1619,1740,1547,1528,2012,1552,1531,1260,1701,988,1500,1500,1500,1500,1500,1500,1500,1500,1500,1500,1500,1500,1500,1500,1500,1500,1500,1500,1500,1500,1500,1500,7.3
2026-08-08,13:32:10.700,60.3,1.0,-83,-90,100,9,0,8,25,-83,96,0,11.9,0.0,0,0,286,-904,-1024,115,8,-1024,-3,-560,-660,-1,0,-1,-1,-1,1,0,-1,0x0000000000000000,1589,1743,1563,1538,2012,1570,1541,1260,1701,988,1500,1500,1500,1500,1500,1500,1500,1500,1500,1500,1500,1500,1500,1500,1500,1500,1500,1500,1500,1500,1500,1500,7.3
2026-08-08,13:32:11.200,61.5,1.7,-84,-90,100,6,0,8,50,-94,92,5,11.9,0.0,0,0,273,-798,-1024,46,8,-1024,-3,-560,-660,-1,0,-1,-1,-1,1,0,-1,0x0000000000000000,1585,1693,1544,1527,2012,1549,1529,1260,1701,988,1500,1500,1500,1500,1500,1500,1500,1500,1500,1500,1500,1500,1500,1500,1500,1500,1500,1500,1500,1500,1500,1500,7.3
2026-08-08,13:32:11.700,61.5,0.7,-82,-90,100,11,0,8,50,-76,100,11,11.9,0.0,0,0,312,-804,-1024,-9,8,-1024,-4,-560,-660,-1,0,-1,-1,-1,1,0,-1,0x0000000000000000,1596,1696,1530,1518,2012,1533,1519,1260,1701,988,1500,1500,1500,1500,1500,1500,1500,1500,1500,1500,1500,1500,1500,1500,1500,1500,1500,1500,1500,1500,1500,1500,7.3
2026-08-08,13:32:12.200,61.5,1.1,-80,-98,95,9,0,8,100,-95,96,2,11.9,0.0,0,0,326,-823,-1024,-4,8,-1024,-3,-561,-660,-1,0,-1,-1,-1,1,0,-1,0x0000000000000000,1600,1704,1531,1519,2012,1534,1520,1260,1701,988,1500,1500,1500,1500,1500,1500,1500,1500,1500,1500,1500,1500,1500,1500,1500,1500,1500,1500,1500,1500,1500,1500,7.3
2026-08-08,13:32:12.700,60.1,-1.0,-89,-83,95,9,1,8,100,-87,100,9,11.9,0.0,0,0,329,-838,-1024,23,8,-1024,-3,-560,-660,-1,0,-1,-1,-1,1,0,-1,0x0000000000000000,1601,1711,1538,1523,2012,1542,1525,1260,1701,988,1500,1500,1500,1500,1500,1500,1500,1500,1500,1500,1500,1500,1500,1500,1500,1500,1500,1500,1500,1500,1500,1500,7.3
2026-08-08,13:32:13.200,61.0,1.8,-79,-86,99,3,0,8,50,-84,88,9,11.9,0.0,0,0,327,-857,-1024,23,8,-1024,-4,-560,-659,-1,0,-1,-1,-1,1,0,-1,0x0000000000000000,1601,1720,1538,1523,2012,1542,1525,1260,1701,988,1500,1500,1500,1500,1500,1500,1500,1500,1500,1500,1500,1500,1500,1500,1500,1500,1500,1500,1500,1500,1500,1500,7.3
2026-08-08,13:32:13.700,62.8,3.8,-82,-86,99,9,0,8,10,-75,96,10,11.9,0.0,0,0,320,-853,-1024,29,8,-1024,-3,-560,-659,-1,0,-1,-1,-1,1,0,-1,0x0000000000000000,1599,1719,1540,1524,2012,1544,1526,1260,1701,988,1500,1500,1500,1500,1500,1500,1500,1500,1500,1500,1500,1500,1500,1500,1500,1500,1500,1500,1500,1500,1500,1500,7.3
2026-08-08,13:32:14.200,63.8,2.0,-81,-89,100,5,0,8,25,-81,100,11,11.9,0.0,0,0,325,-890,-1024,64,8,-1024,-4,-560,-660,-1,0,-1,-1,-1,1,0,-1,0x0000000000000000,1600,1736,1549,1530,2012,1555,1532,1260,1701,988,1500,1500,1500,1500,1500,1500,1500,1500,1500,1500,1500,1500,1500,1500,1500,1500,1500,1500,1500,1500,1500,1500,7.3
2026-08-08,13:32:14.700,63.2,-1.0,-86,-89,100,3,0,8,250,-94,100,6,11.9,0.0,0,0,347,-874,-1024,94,8,-1024,-3,-560,-660,-1,0,-1,-1,-1,1,0,-1,0x0000000000000000,1606,1729,1557,1535,2012,1563,1537,1260,1701,988,1500,1500,1500,1500,1500,1500,1500,1500,1500,1500,1500,1500,1500,1500,1500,1500,1500,1500,1500,1500,1500,1500,7.3
2026-08-08,13:32:15.200,61.2,-3.4,-78,-90,99,9,0,8,10,-73,100,10,11.9,0.0,0,0,336,-862,-1024,96,8,-1024,-3,-560,-660,-1,0,-1,-1,-1,1,0,-1,0x0000000000000000,1603,1722,1558,1535,2012,1564,1538,1260,1701,988,1500,1500,1500,1500,1500,1500,1500,1500,1500,1500,1500,1500,1500,1500,1500,1500,1500,1500,1500,1500,1500,1500,7.3
2026-08-08,13:32:15.700,59.8,-3.9,-79,-90,100,9,0,8,10,-77,100,10,11.9,0.0,0,0,327,-847,-1024,89,8,-1024,-3,-561,-660,-1,0,-1,-1,-1,1,0,-1,0x0000000000000000,1601,1715,1556,1534,2012,1562,1536,1260,1701,988,1500,1500,1500,1500,1500,1500,1500,1500,1500,1500,1500,1500,1500,1500,1500,1500,1500,1500,1500,1500,1500,1500,7.3
2026-08-08,13:32:16.200,60.2,0.0,-86,-90,100,8,0,8,25,-84,100,9,11.9,0.0,0,0,302,-854,-1024,102,8,-1024,-4,-560,-660,-1,0,-1,-1,-1,1,0,-1,0x0000000000000000,1593,1719,1559,1536,2012,1566,1539,1260,1701,988,1500,1500,1500,1500,1500,1500,1500,1500,1500,1500,1500,1500,1500,1500,1500,1500,1500,1500,1500,1500,1500,1500,7.3
2026-08-08,13:32:16.700,62.3,3.2,-86,-90,100,7,0,8,10,-80,100,11,11.9,0.0,0,0,290,-852,-1024,137,8,-1024,-4,-560,-660,-1,0,-1,-1,-1,1,0,-1,0x0000000000000000,1590,1718,1569,1542,2012,1576,1545,1260,1701,988,1500,1500,1500,1500,1500,1500,1500,1500,1500,1500,1500,1500,1500,1500,1500,1500,1500,1500,1500,1500,1500,1500,7.3
2026-08-08,13:32:17.200,62.6,0.5,-80,-86,99,6,0,8,10,-82,100,10,11.9,0.0,0,0,275,-814,-1024,129,8,-1024,-3,-560,-660,-1,0,-1,-1,-1,1,0,-1,0x0000000000000000,1586,1700,1566,1540,2012,1574,1543,1260,1701,988,1500,1500,1500,1500,1500,1500,1500,1500,1500,1500,1500,1500,1500,1500,1500,1500,1500,1500,1500,1500,1500,1500,7.3
2026-08-08,13:32:17.700,61.3,-2.8,-85,-92,100,9,0,8,10,-82,96,10,11.9,0.0,0,0,284,-834,-1024,140,8,-1024,-3,-560,-660,-1,0,-1,-1,-1,1,0,-1,0x0000000000000000,1588,1709,1569,1542,2012,1577,1545,1260,1701,988,1500,1500,1500,1500,1500,1500,1500,1500,1500,1500,1500,1500,1500,1500,1500,1500,1500,1500,1500,1500,1500,1500,7.3
2026-08-08,13:32:18.200,59.2,-4.4,-85,-86,99,5,1,8,10,-81,96,10,11.9,0.0,0,0,306,-796,-1024,195,8,-1024,-3,-560,-660,-1,0,-1,-1,-1,1,0,-1,0x0000000000000000,1594,1692,1584,1551,2012,1594,1555,1260,1701,988,1500,1500,1500,1500,1500,1500,1500,1500,1500,1500,1500,1500,1500,1500,1500,1500,1500,1500,1500,1500,1500,1500,7.3
2026-08-08,13:32:18.700,58.1,-2.6,-85,-83,100,9,1,8,10,-77,100,10,11.9,0.0,0,0,317,-830,-1024,84,8,-1024,-4,-560,-660,-1,0,-1,-1,-1,1,0,-1,0x0000000000000000,1598,1707,1554,1533,2012,1560,1536,1260,1701,988,1500,1500,1500,1500,1500,1500,1500,1500,1500,1500,1500,1500,1500,1500,1500,1500,1500,1500,1500,1500,1500,1500,7.3
2026-08-08,13:32:19.200,59.2,1.0,-85,-84,100,7,1,8,10,-80,100,10,11.9,0.0,0,0,307,-815,-1024,138,8,-1024,-4,-560,-660,-1,0,-1,-1,-1,1,0,-1,0x0000000000000000,1595,1700,1569,1542,2012,1577,1545,1260,1701,988,1500,1500,1500,1500,1500,1500,1500,1500,1500,1500,1500,1500,1500,1500,1500,1500,1500,1500,1500,1500,1500,1500,7.3
2026-08-08,13:32:19.700,61.6,3.8,-85,-85,100,8,1,8,25,-81,100,10,11.9,0.0,0,0,306,-799,-1024,156,8,-1024,-3,-560,-660,-1,0,-1,-1,-1,1,0,-1,0x0000000000000000,1594,1693,1574,1545,2012,1582,1548,1260,1701,988,1500,1500,1500,1500,1500,1500,1500,1500,1500,1500,1500,1500,1500,1500,1500,1500,1500,1500,1500,1500,1500,1500,7.3
2026-08-08,13:32:20.200,62.1,1.1,-87,-88,98,10,0,8,25,-79,100,10,11.9,0.0,0,0,301,-812,-1024,150,8,-1024,-4,-560,-660,-1,0,-1,-1,-1,1,0,-1,0x0000000000000000,1593,1699,1572,1544,2012,1580,1547,1260,1701,988,1500,1500,1500,1500,1500,1500,1500,1500,1500,1500,1500,1500,1500,1500,1500,1500,1500,1500,1500,1500,1500,1500,7.3
2026-08-08,13:32:20.700,60.4,-2.9,-82,-88,98,9,0,8,10,-75,100,10,11.9,0.0,0,0,308,-864,-1024,79,8,-1024,-3,-560,-659,-1,0,-1,-1,-1,1,0,-1,0x0000000000000000,1595,1723,1553,1532,2012,1559,1535,1260,1701,988,1500,1500,1500,1500,1500,1500,1500,1500,1500,1500,1500,1500,1500,1500,1500,1500,1500,1500,1500,1500,1500,1500,7.3
2026-08-08,13:32:21.200,58.2,-4.2,-80,-88,100,8,0,8,10,-76,96,10,11.9,0.0,0,0,305,-720,-1024,197,8,-1024,-3,-560,-660,-1,0,-1,-1,-1,1,0,-1,0x0000000000000000,1594,1659,1585,1552,2012,1594,1555,1260,1701,988,1500,1500,1500,1500,1500,1500,1500,1500,1500,1500,1500,1500,1500,1500,1500,1500,1500,1500,1500,1500,1500,1500,7.3
2026-08-08,13:32:21.700,57.2,-2.0,-81,-88,100,10,0,8,10,-72,92,10,11.9,0.0,0,0,313,-799,-1024,90,8,-1024,-3,-560,-660,-1,0,-1,-1,-1,1,0,-1,0x0000000000000000,1596,1693,1556,1534,2012,1562,1537,1260,1701,988,1500,1500,1500,1500,1500,1500,1500,1500,1500,1500,1500,1500,1500,1500,1500,1500,1500,1500,1500,1500,1500,1500,7.3
2026-08-08,13:32:22.200,59.1,3.5,-77,-84,99,11,0,8,10,-72,92,10,11.9,0.0,0,0,303,-770,-1024,99,8,-1024,-3,-560,-660,-1,0,-1,-1,-1,1,0,-1,0x0000000000000000,1594,1680,1558,1535,2012,1565,1538,1260,1701,988,1500,1500,1500,1500,1500,1500,1500,1500,1500,1500,1500,1500,1500,1500,1500,1500,1500,1500,1500,1500,1500,1500,7.3
2026-08-08,13:32:22.700,61.0,3.1,-85,-84,98,6,1,8,10,-80,100,10,11.9,0.0,0,0,9,-698,-1024,180,8,-1024,-4,-560,-659,-1,0,-1,-1,-1,1,0,-1,0x0000000000000000,1514,1650,1580,1549,2012,1589,1552,1260,1701,988,1500,1500,1500,1500,1500,1500,1500,1500,1500,1500,1500,1500,1500,1500,1500,1500,1500,1500,1500,1500,1500,1500,7.3
2026-08-08,13:32:23.200,61.4,1.1,-85,-85,100,10,1,8,10,-78,100,8,11.9,0.0,0,0,7,-839,-1024,-40,8,-1024,-3,-561,-660,-1,0,-1,-1,-1,1,0,-1,0x0000000000000000,1514,1712,1521,1513,2012,1524,1514,1260,1701,988,1500,1500,1500,1500,1500,1500,1500,1500,1500,1500,1500,1500,1500,1500,1500,1500,1500,1500,1500,1500,1500,1500,7.3
2026-08-08,13:32:23.700,60.9,-1.3,-85,-85,100,7,1,8,10,-79,100,10,11.9,0.0,0,0,8,-924,-1024,-185,8,-1024,-3,-560,-660,-1,0,-1,-1,-1,1,0,-1,0x0000000000000000,1514,1753,1485,1490,2012,1480,1489,1260,1701,988,1500,1500,1500,1500,1500,1500,1500,1500,1500,1500,1500,1500,1500,1500,1500,1500,1500,1500,1500,1500,1500,1500,7.3
2026-08-08,13:32:24.200,59.4,-2.1,-85,-86,99,9,0,8,10,-85,100,9,11.9,0.0,0,0,46,-818,-1024,-413,9,-1024,-3,-560,-660,-1,0,-1,-1,-1,1,0,-1,0x0000000000000000,1524,1702,1432,1456,2012,1412,1449,1260,1701,988,1500,1500,1500,1500,1500,1500,1500,1500,1500,1500,1500,1500,1500,1500,1500,1500,1500,1500,1500,1500,1500,1500,7.3
2026-08-08,13:32:24.700,59.3,0.0,-81,-86,100,10,0,8,10,-76,100,10,11.9,0.0,0,0,19,1,-1024,-496,8,-1024,-3,-560,-660,-1,0,-1,-1,-1,1,0,-1,0x0000000000000000,1517,1429,1412,1444,2012,1387,1434,1260,1701,988,1500,1500,1500,1500,1500,1500,1500,1500,1500,1500,1500,1500,1500,1500,1500,1500,1500,1500,1500,1500,1500,1500,7.3
2026-08-08,13:32:25.200,60.6,0.7,-82,-86,100,8,0,8,10,-77,100,10,11.9,0.0,0,0,40,0,-1024,-8,8,-1024,-3,-560,-660,-1,0,-1,-1,-1,1,0,-1,0x0000000000000000,1522,1429,1533,1520,2012,1537,1522,1260,1701,988,1500,1500,1500,1500,1500,1500,1500,1500,1500,1500,1500,1500,1500,1500,1500,1500,1500,1500,1500,1500,1500,1500,7.3
2026-08-08,13:32:25.700,61.7,1.5,-83,-86,100,9,0,8,10,-77,100,11,11.8,0.0,0,0,78,1,-1024,-4,8,-1024,-4,-560,-660,-1,0,-1,-1,-1,1,0,-1,0x0000000000000000,1532,1429,1531,1519,2012,1534,1520,1260,1701,988,1500,1500,1500,1500,1500,1500,1500,1500,1500,1500,1500,1500,1500,1500,1500,1500,1500,1500,1500,1500,1500,1500,7.3
2026-08-08,13:32:26.200,63.0,2.7,-81,-86,100,11,0,8,50,-79,96,9,11.8,0.0,0,0,496,-349,-1024,301,8,-1024,-4,-560,-660,-1,0,-1,-1,-1,1,0,-1,0x0000000000000000,1652,1525,1613,1569,2012,1625,1574,1260,1701,988,1500,1500,1500,1500,1500,1500,1500,1500,1500,1500,1500,1500,1500,1500,1500,1500,1500,1500,1500,1500,1500,1500,7.3
2026-08-08,13:32:26.700,64.0,2.0,-83,-86,100,10,0,8,10,-76,100,10,11.9,0.0,0,0,443,-495,-1024,326,8,-1024,-3,-560,-659,-1,0,-1,-1,-1,1,0,-1,0x0000000000000000,1635,1573,1619,1573,2012,1632,1578,1260,1701,988,1500,1500,1500,1500,1500,1500,1500,1500,1500,1500,1500,1500,1500,1500,1500,1500,1500,1500,1500,1500,1500,1500,7.3
2026-08-08,13:32:27.200,65.1,2.4,-83,-86,100,8,0,8,25,-84,100,9,11.9,0.0,0,0,665,-903,-1024,-1,8,-1024,-4,-561,-660,-1,0,-1,-1,-1,1,0,-1,0x0000000000000000,1711,1743,1532,1519,2012,1535,1521,1260,1701,988,1500,1500,1500,1500,1500,1500,1500,1500,1500,1500,1500,1500,1500,1500,1500,1500,1500,1500,1500,1500,1500,1500,7.3
2026-08-08,13:32:27.700,66.0,2.1,-78,-86,100,10,0,8,10,-72,100,11,11.9,0.0,0,0,638,-734,-1024,-4,8,-1024,-3,-560,-660,-1,0,-1,-1,-1,1,0,-1,0x0000000000000000,1701,1665,1531,1519,2012,1534,1520,1260,1701,988,1500,1500,1500,1500,1500,1500,1500,1500,1500,1500,1500,1500,1500,1500,1500,1500,1500,1500,1500,1500,1500,1500,7.3
2026-08-08,13:32:28.200,65.8,-0.2,-77,-86,100,10,0,8,10,-73,100,10,11.9,0.0,0,0,452,-786,-1024,36,8,-1024,-4,-560,-659,-1,0,-1,-1,-1,1,0,-1,0x0000000000000000,1638,1688,1541,1525,2012,1546,1527,1260,1701,988,1500,1500,1500,1500,1500,1500,1500,1500,1500,1500,1500,1500,1500,1500,1500,1500,1500,1500,1500,1500,1500,1500,7.3
2026-08-08,13:32:28.700,64.5,-2.5,-79,-86,100,8,0,8,10,-79,92,11,11.9,0.0,0,0,528,-754,-1024,127,8,-1024,-4,-560,-660,-1,0,-1,-1,-1,1,0,-1,0x0000000000000000,1663,1674,1566,1540,2012,1573,1543,1260,1701,988,1500,1500,1500,1500,1500,1500,1500,1500,1500,1500,1500,1500,1500,1500,1500,1500,1500,1500,1500,1500,1500,1500,7.3
2026-08-08,13:32:29.200,62.8,-3.7,-82,-84,100,8,1,8,10,-82,100,9,11.9,0.0,0,0,538,-725,-1024,-1,8,-1024,-3,-560,-660,-1,0,-1,-1,-1,1,0,-1,0x0000000000000000,1666,1661,1532,1519,2012,1535,1521,1260,1701,988,1500,1500,1500,1500,1500,1500,1500,1500,1500,1500,1500,1500,1500,1500,1500,1500,1500,1500,1500,1500,1500,1500,7.3
2026-08-08,13:32:29.700,62.9,-0.7,-82,-86,100,6,1,8,10,-82,100,9,11.9,0.0,0,0,398,-710,-1024,-28,8,-1024,-4,-560,-660,-1,0,-1,-1,-1,1,0,-1,0x0000000000000000,1622,1655,1524,1515,2012,1527,1516,1260,1701,988,1500,1500,1500,1500,1500,1500,1500,1500,1500,1500,1500,1500,1500,1500,1500,1500,1500,1500,1500,1500,1500,1500,7.3
2026-08-08,13:32:30.200,63.9,1.0,-73,-87,99,9,1,8,10,-90,100,7,11.9,0.0,0,0,439,-647,-1024,84,8,-1024,-4,-560,-660,-1,0,-1,-1,-1,1,0,-1,0x0000000000000000,1637,1630,1554,1533,2012,1560,1536,1260,1701,988,1500,1500,1500,1500,1500,1500,1500,1500,1500,1500,1500,1500,1500,1500,1500,1500,1500,1500,1500,1500,1500,1500,7.3
2026-08-08,13:32:30.700,64.4,0.9,-81,-88,100,10,0,8,10,-76,100,10,11.9,0.0,0,0,534,-711,-1024,178,8,-1024,-4,-560,-660,-1,0,-1,-1,-1,1,0,-1,0x0000000000000000,1665,1655,1580,1549,2012,1589,1552,1260,1701,988,1500,1500,1500,1500,1500,1500,1500,1500,1500,1500,1500,1500,1500,1500,1500,1500,1500,1500,1500,1500,1500,1500,7.3
2026-08-08,13:32:31.200,64.3,0.0,-81,-88,100,8,0,8,10,-75,100,10,11.9,0.0,0,0,595,-875,-1024,57,8,-1024,-3,-560,-660,-1,0,-1,-1,-1,1,0,-1,0x0000000000000000,1685,1729,1547,1529,2012,1552,1531,1260,1701,988,1500,1500,1500,1500,1500,1500,1500,1500,1500,1500,1500,1500,1500,1500,1500,1500,1500,1500,1500,1500,1500,1500,7.3
2026-08-08,13:32:31.700,63.0,-1.9,-80,-88,100,10,0,8,10,-70,100,10,11.9,0.0,0,0,586,-951,-1024,-12,8,-1024,-3,-560,-660,-1,0,-1,-1,-1,1,0,-1,0x0000000000000000,1682,1767,1529,1517,2012,1532,1519,1260,1701,988,1500,1500,1500,1500,1500,1500,1500,1500,1500,1500,1500,1500,1500,1500,1500,1500,1500,1500,1500,1500,1500,1500,7.3
2026-08-08,13:32:32.200,62.1,-1.2,-80,-88,100,9,0,8,10,-74,100,10,11.9,0.0,0,0,531,-835,-1024,-4,8,-1024,-3,-560,-660,-1,0,-1,-1,-1,1,0,-1,0x0000000000000000,1664,1710,1531,1519,2012,1534,1520,1260,1701,988,1500,1500,1500,1500,1500,1500,1500,1500,1500,1500,1500,1500,1500,1500,1500,1500,1500,1500,1500,1500,1500,1500,7.3
2026-08-08,13:32:32.700,63.1,1.8,-87,-92,99,3,0,8,100,-93,96,6,11.9,0.0,0,0,556,-852,-1024,20,8,-1024,-3,-560,-660,-1,0,-1,-1,-1,1,0,-1,0x0000000000000000,1672,1718,1537,1523,2012,1541,1524,1260,1701,988,1500,1500,1500,1500,1500,1500,1500,1500,1500,1500,1500,1500,1500,1500,1500,1500,1500,1500,1500,1500,1500,1500,7.3
2026-08-08,13:32:33.200,64.2,2.2,-87,-83,99,10,1,8,10,-78,96,10,11.9,0.0,0,0,490,-849,-1024,50,8,-1024,-4,-560,-660,-1,0,-1,-1,-1,1,0,-1,0x0000000000000000,1650,1716,1545,1528,2012,1550,1530,1260,1701,988,1500,1500,1500,1500,1500,1500,1500,1500,1500,1500,1500,1500,1500,1500,1500,1500,1500,1500,1500,1500,1500,1500,7.3
2026-08-08,13:32:33.700,65.1,1.7,-87,-83,100,8,1,8,10,-78,100,10,11.9,0.0,0,0,442,-786,-1024,77,8,-1024,-4,-560,-660,-1,0,-1,-1,-1,1,0,-1,0x0000000000000000,1635,1688,1553,1532,2012,1558,1534,1260,1701,988,1500,1500,1500,1500,1500,1500,1500,1500,1500,1500,1500,1500,1500,1500,1500,1500,1500,1500,1500,1500,1500,1500,7.3
2026-08-08,13:32:34.200,64.3,-0.8,-79,-85,100,10,0,8,10,-73,100,10,11.9,0.0,0,0,479,-908,-1024,116,8,-1024,-3,-560,-660,-1,0,-1,-1,-1,1,0,-1,0x0000000000000000,1647,1751,1563,1538,2012,1570,1541,1260,1701,988,1500,1500,1500,1500,1500,1500,1500,1500,1500,1500,1500,1500,1500,1500,1500,1500,1500,1500,1500,1500,1500,1500,7.3
2026-08-08,13:32:34.700,63.0,-2.5,-80,-85,100,9,0,8,10,-79,100,10,11.9,0.0,0,0,551,-833,-1024,358,8,-1024,-3,-560,-660,-1,0,-1,-1,-1,1,0,-1,0x0000000000000000,1670,1709,1628,1578,2012,1642,1584,1260,1701,988,1500,1500,1500,1500,1500,1500,1500,1500,1500,1500,1500,1500,1500,1500,1500,1500,1500,1500,1500,1500,1500,1500,7.3
2026-08-08,13:32:35.200,61.8,-2.0,-82,-85,100,9,1,8,25,-80,96,10,11.9,0.0,0,0,584,-979,-1024,163,8,-1024,-4,-560,-660,-1,0,-1,-1,-1,1,0,-1,0x0000000000000000,1682,1782,1576,1546,2012,1584,1549,1260,1701,988,1500,1500,1500,1500,1500,1500,1500,1500,1500,1500,1500,1500,1500,1500,1500,1500,1500,1500,1500,1500,1500,1500,7.3
2026-08-08,13:32:35.700,61.9,0.1,-82,-86,100,9,1,8,10,-84,100,9,11.9,0.0,0,0,579,-919,-1024,146,8,-1024,-3,-560,-660,-1,0,-1,-1,-1,1,0,-1,0x0000000000000000,1680,1751,1571,1543,2012,1579,1546,1260,1701,988,1500,1500,1500,1500,1500,1500,1500,1500,1500,1500,1500,1500,1500,1500,1500,1500,1500,1500,1500,1500,1500,1500,7.3
2026-08-08,13:32:36.200,63.0,2.0,-84,-87,100,10,0,8,50,-90,96,6,11.9,0.0,0,0,576,-893,-1024,260,8,-1024,-4,-560,-660,-1,0,-1,-1,-1,1,0,-1,0x0000000000000000,1679,1738,1602,1562,2012,1613,1566,1260,1701,988,1500,1500,1500,1500,1500,1500,1500,1500,1500,1500,1500,1500,1500,1500,1500,1500,1500,1500,1500,1500,1500,1500,7.3
2026-08-08,13:32:36.700,63.7,0.6,-84,-87,100,9,0,8,10,-76,100,10,11.9,0.0,0,0,552,-1007,-1024,256,8,-1024,-4,-560,-660,-1,0,-1,-1,-1,1,0,-1,0x0000000000000000,1671,1797,1600,1561,2012,1611,1566,1260,1701,988,1500,1500,1500,1500,1500,1500,1500,1500,1500,1500,1500,1500,1500,1500,1500,1500,1500,1500,1500,1500,1500,1500,7.3
2026-08-08,13:32:37.200,62.0,-2.8,-80,-86,97,9,0,8,10,-76,100,11,11.9,0.0,0,0,518,-1024,-1024,0,8,-1024,-3,-560,-660,-1,0,-1,-1,-1,1,0,-1,0x0000000000000000,1659,1807,1532,1519,2012,1535,1521,1260,1701,988,1500,1500,1500,1500,1500,1500,1500,1500,1500,1500,1500,1500,1500,1500,1500,1500,1500,1500,1500,1500,1500,1500,7.3
2026-08-08,13:32:37.700,59.7,-3.8,-84,-86,100,8,0,8,25,-84,92,10,11.9,0.0,0,0,558,-1023,-1024,56,8,-1024,-3,-560,-660,-1,0,-1,-1,-1,1,0,-1,0x0000000000000000,1673,1806,1547,1528,2012,1552,1531,1260,1701,988,1500,1500,1500,1500,1500,1500,1500,1500,1500,1500,1500,1500,1500,1500,1500,1500,1500,1500,1500,1500,1500,1500,7.3
2026-08-08,13:32:38.200,60.4,1.0,-83,-82,99,9,1,8,100,-95,92,5,11.9,0.0,0,0,585,-843,-1024,69,8,-1024,-3,-560,-660,-1,0,-1,-1,-1,1,0,-1,0x0000000000000000,1682,1714,1547,1529,2012,1552,1531,1260,1701,988,1500,1500,1500,1500,1500,1500,1500,1500,1500,1500,1500,1500,1500,1500,1500,1500,1500,1500,1500,1500,1500,1500,7.3
2026-08-08,13:32:38.700,62.5,3.6,-83,-86,99,8,1,8,25,-85,100,10,11.9,0.0,0,0,572,-960,-1024,96,8,-1024,-3,-560,-660,-1,0,-1,-1,-1,1,0,-1,0x0000000000000000,1678,1772,1558,1535,2012,1564,1538,1260,1701,988,1500,1500,1500,1500,1500,1500,1500,1500,1500,1500,1500,1500,1500,1500,1500,1500,1500,1500,1500,1500,1500,1500,7.3
2026-08-08,13:32:39.200,63.4,1.7,-79,-82,99,8,0,8,50,-93,100,4,11.9,0.0,0,0,534,-900,-1024,202,8,-1024,-4,-560,-660,-1,0,-1,-1,-1,1,0,-1,0x0000000000000000,1665,1746,1586,1552,2012,1595,1556,1260,1701,988,1500,1500,1500,1500,1500,1500,1500,1500,1500,1500,1500,1500,1500,1500,1500,1500,1500,1500,1500,1500,1500,1500,7.3
2026-08-08,13:32:39.700,62.1,-2.5,-84,-88,98,8,0,8,10,-78,100,10,11.9,0.0,0,0,528,-1003,-1024,151,8,-1024,-3,-560,-660,-1,0,-1,-1,-1,1,0,-1,0x0000000000000000,1663,1795,1572,1544,2012,1580,1547,1260,1701,988,1500,1500,1500,1500,1500,1500,1500,1500,1500,1500,1500,1500,1500,1500,1500,1500,1500,1500,1500,1500,1500,1500,7.3
2026-08-08,13:32:40.200,59.5,-4.8,-85,-84,99,9,1,8,25,-77,92,10,11.9,0.0,0,0,507,-959,-1024,44,8,-1024,-4,-560,-660,-1,0,-1,-1,-1,1,0,-1,0x0000000000000000,1656,1771,1544,1527,2012,1549,1529,1260,1701,988,1500,1500,1500,1500,1500,1500,1500,1500,1500,1500,1500,1500,1500,1500,1500,1500,1500,1500,1500,1500,1500,1500,7.3
2026-08-08,13:32:40.700,58.7,-1.3,-85,-86,99,7,1,8,25,-90,100,8,11.9,0.0,0,0,514,-1005,-1024,139,8,-1024,-3,-560,-660,-1,0,-1,-1,-1,1,0,-1,0x0000000000000000,1658,1796,1569,1542,2012,1577,1545,1260,1701,988,1500,1500,1500,1500,1500,1500,1500,1500,1500,1500,1500,1500,1500,1500,1500,1500,1500,1500,1500,1500,1500,1500,7.3
2026-08-08,13:32:41.200,61.2,4.2,-85,-87,100,4,1,8,250,-95,92,4,11.9,0.0,0,0,515,-1009,-1024,132,8,-1024,-3,-560,-659,-1,0,-1,-1,-1,1,0,-1,0x0000000000000000,1658,1798,1568,1541,2012,1575,1544,1260,1701,988,1500,1500,1500,1500,1500,1500,1500,1500,1500,1500,1500,1500,1500,1500,1500,1500,1500,1500,1500,1500,1500,1500,7.3
2026-08-08,13:32:41.700,62.8,2.7,-85,-87,100,8,1,8,100,-90,100,8,11.9,0.0,0,0,524,-974,-1024,138,8,-1024,-3,-560,-660,-1,0,-1,-1,-1,1,0,-1,0x0000000000000000,1661,1779,1569,1542,2012,1577,1545,1260,1701,988,1500,1500,1500,1500,1500,1500,1500,1500,1500,1500,1500,1500,1500,1500,1500,1500,1500,1500,1500,1500,1500,1500,7.3
2026-08-08,13:32:42.200,62.3,-1.2,-85,-87,100,0,1,8,250,-88,100,7,11.9,0.0,0,0,546,-1019,-1024,140,8,-1024,-4,-560,-659,-1,0,-1,-1,-1,1,0,-1,0x0000000000000000,1669,1805,1570,1542,2012,1577,1546,1260,1701,988,1500,1500,1500,1500,1500,1500,1500,1500,1500,1500,1500,1500,1500,1500,1500,1500,1500,1500,1500,1500,1500,1500,7.3
2026-08-08,13:32:42.700,60.4,-4.4,-85,-86,100,8,1,8,100,-89,100,8,11.9,0.0,0,0,526,-998,-1024,212,8,-1024,-3,-560,-660,-1,0,-1,-1,-1,1,0,-1,0x0000000000000000,1662,1792,1589,1554,2012,1598,1558,1260,1701,988,1500,1500,1500,1500,1500,1500,1500,1500,1500,1500,1500,1500,1500,1500,1500,1500,1500,1500,1500,1500,1500,1500,7.3
2026-08-08,13:32:43.200,57.5,-3.3,-85,-87,100,10,1,8,25,-85,92,8,11.9,0.0,0,0,544,-1024,-1024,66,8,-1024,-3,-560,-660,-1,0,-1,-1,-1,1,0,-1,0x0000000000000000,1668,1807,1550,1530,2012,1555,1532,1260,1701,988,1500,1500,1500,1500,1500,1500,1500,1500,1500,1500,1500,1500,1500,1500,1500,1500,1500,1500,1500,1500,1500,1500,7.3
2026-08-08,13:32:43.700,59.3,2.7,-82,-93,97,9,0,8,25,-86,100,11,11.9,0.0,0,0,536,-1024,-1024,84,8,-1024,-3,-560,-660,-1,0,-1,-1,-1,1,0,-1,0x0000000000000000,1665,1807,1554,1533,2012,1560,1536,1260,1701,988,1500,1500,1500,1500,1500,1500,1500,1500,1500,1500,1500,1500,1500,1500,1500,1500,1500,1500,1500,1500,1500,1500,7.3
2026-08-08,13:32:44.200,61.5,4.4,-85,-91,100,8,0,8,250,-92,100,5,11.9,0.0,0,0,542,-1009,-1024,77,8,-1024,-4,-560,-659,-1,0,-1,-1,-1,1,0,-1,0x0000000000000000,1667,1798,1553,1532,2012,1558,1534,1260,1701,988,1500,1500,1500,1500,1500,1500,1500,1500,1500,1500,1500,1500,1500,1500,1500,1500,1500,1500,1500,1500,1500,1500,7.3
2026-08-08,13:32:44.700,61.5,0.0,-83,-87,98,9,0,8,25,-93,100,-2,11.9,0.0,0,0,537,-1024,-1024,62,8,-1024,-4,-560,-660,-1,0,-1,-1,-1,1,0,-1,0x0000000000000000,1666,1807,1548,1529,2012,1554,1532,1260,1701,988,1500,1500,1500,1500,1500,1500,1500,1500,1500,1500,1500,1500,1500,1500,1500,1500,1500,1500,1500,1500,1500,1500,7.3
2026-08-08,13:32:45.200,58.5,-4.7,-85,-77,99,5,1,8,10,-82,100,9,11.9,0.0,0,0,531,-1024,-1024,130,8,-1024,-3,-560,-659,-1,0,-1,-1,-1,1,0,-1,0x0000000000000000,1664,1807,1567,1541,2012,1575,1544,1260,1701,988,1500,1500,1500,1500,1500,1500,1500,1500,1500,1500,1500,1500,1500,1500,1500,1500,1500,1500,1500,1500,1500,1500,7.3
2026-08-08,13:32:45.700,56.2,-4.0,-82,-85,98,7,0,8,10,-80,100,10,11.9,0.0,0,0,519,-1024,-1024,113,8,-1024,-3,-560,-660,-1,0,-1,-1,-1,1,0,-1,0x0000000000000000,1660,1807,1562,1538,2012,1569,1541,1260,1701,988,1500,1500,1500,1500,1500,1500,1500,1500,1500,1500,1500,1500,1500,1500,1500,1500,1500,1500,1500,1500,1500,1500,7.3
2026-08-08,13:32:46.200,58.8,4.1,-83,-85,100,9,0,8,10,-79,100,9,11.9,0.0,0,0,475,-1018,-1024,150,8,-1024,-4,-560,-660,-1,0,-1,-1,-1,1,0,-1,0x0000000000000000,1645,1804,1572,1544,2012,1580,1547,1260,1701,988,1500,1500,1500,1500,1500,1500,1500,1500,1500,1500,1500,1500,1500,1500,1500,1500,1500,1500,1500,1500,1500,1500,7.3
2026-08-08,13:32:46.700,61.8,5.0,-85,-89,99,7,0,8,25,-87,88,10,11.9,0.0,0,0,459,-1023,-1024,135,8,-1024,-4,-560,-660,-1,0,-1,-1,-1,1,0,-1,0x0000000000000000,1640,1806,1568,1542,2012,1576,1545,1260,1701,988,1500,1500,1500,1500,1500,1500,1500,1500,1500,1500,1500,1500,1500,1500,1500,1500,1500,1500,1500,1500,1500,1500,7.3
2026-08-08,13:32:47.200,61.4,-0.4,-86,-89,100,8,0,8,25,-85,100,10,11.9,0.0,0,0,281,-1024,-1024,-3,8,-1024,-3,-560,-660,-1,0,-1,-1,-1,1,0,-1,0x0000000000000000,1587,1807,1531,1519,2012,1535,1520,1260,1701,988,1500,1500,1500,1500,1500,1500,1500,1500,1500,1500,1500,1500,1500,1500,1500,1500,1500,1500,1500,1500,1500,1500,7.3
2026-08-08,13:32:47.700,58.4,-4.9,-82,-91,99,10,0,8,10,-77,100,10,11.9,0.0,0,0,191,-615,-1024,264,8,-1024,-3,-560,-660,-1,0,-1,-1,-1,1,0,-1,0x0000000000000000,1563,1617,1603,1563,2012,1614,1567,1260,1701,988,1500,1500,1500,1500,1500,1500,1500,1500,1500,1500,1500,1500,1500,1500,1500,1500,1500,1500,1500,1500,1500,1500,7.3
2026-08-08,13:32:48.200,56.8,-2.5,-79,-91,100,9,0,8,10,-73,100,10,11.9,0.0,0,0,300,-321,-1024,581,8,-1024,-4,-561,-660,-1,0,-1,-1,-1,1,0,-1,0x0000000000000000,1593,1517,1688,1614,2012,1708,1623,1260,1701,988,1500,1500,1500,1500,1500,1500,1500,1500,1500,1500,1500,1500,1500,1500,1500,1500,1500,1500,1500,1500,1500,1500,7.3
2026-08-08,13:32:48.700,54.7,-3.7,-83,-91,100,8,0,8,50,-92,96,5,11.9,0.0,0,0,419,-446,-1024,522,8,-1024,-3,-560,-660,-1,0,-1,-1,-1,1,0,-1,0x0000000000000000,1628,1557,1672,1605,2012,1690,1612,1260,1701,988,1500,1500,1500,1500,1500,1500,1500,1500,1500,1500,1500,1500,1500,1500,1500,1500,1500,1500,1500,1500,1500,1500,7.3
2026-08-08,13:32:49.200,54.3,-1.8,-85,-84,100,10,1,8,10,-81,100,10,11.9,0.0,0,0,423,-421,-1024,519,8,-1024,-3,-560,-659,-1,0,-1,-1,-1,1,0,-1,0x0000000000000000,1629,1549,1671,1604,2012,1690,1612,1260,1701,988,1500,1500,1500,1500,1500,1500,1500,1500,1500,1500,1500,1500,1500,1500,1500,1500,1500,1500,1500,1500,1500,1500,7.3
2026-08-08,13:32:49.700,55.1,1.1,-85,-86,100,9,1,8,100,-82,96,11,11.9,0.0,0,0,476,-523,-1024,523,8,-1024,-3,-560,-660,-1,0,-1,-1,-1,1,0,-1,0x0000000000000000,1646,1583,1672,1605,2012,1691,1612,1260,1701,988,1500,1500,1500,1500,1500,1500,1500,1500,1500,1500,1500,1500,1500,1500,1500,1500,1500,1500,1500,1500,1500,1500,7.3
2026-08-08,13:32:50.200,55.8,1.3,-81,-84,99,9,0,8,10,-77,100,11,11.9,0.0,0,0,7,-7,-1024,462,8,-1024,-3,-560,-659,-1,0,-1,-1,-1,1,0,-1,0x0000000000000000,1514,1431,1651,1592,2012,1668,1599,1260,1701,988,1500,1500,1500,1500,1500,1500,1500,1500,1500,1500,1500,1500,1500,1500,1500,1500,1500,1500,1500,1500,1500,1500,7.3
2026-08-08,13:32:50.700,54.9,-3.3,-79,-84,100,9,0,8,10,-76,100,10,11.9,0.0,0,0,7,-1023,-1024,82,8,-1024,-4,-560,-660,-1,0,-1,-1,-1,1,0,-1,0x0000000000000000,1514,1806,1554,1533,2012,1560,1535,1260,1701,988,1500,1500,1500,1500,1500,1500,1500,1500,1500,1500,1500,1500,1500,1500,1500,1500,1500,1500,1500,1500,1500,1500,7.3
2026-08-08,13:32:51.200,54.1,-1.2,-81,-84,100,8,0,8,25,-77,96,11,11.9,0.0,0,0,7,-440,-1024,105,8,-1024,-3,-560,-660,-1,0,-1,-1,-1,1,0,-1,0x0000000000000000,1514,1555,1560,1537,2012,1567,1539,1260,1701,988,1500,1500,1500,1500,1500,1500,1500,1500,1500,1500,1500,1500,1500,1500,1500,1500,1500,1500,1500,1500,1500,1500,7.3
2026-08-08,13:32:51.700,54.7,0.9,-83,-84,100,9,0,8,250,-84,92,9,11.9,0.0,0,0,7,5,-1024,1021,7,-1024,-3,-560,-660,-1,0,-1,-1,-1,1,0,-1,0x0000000000000000,1514,1428,1806,1686,2012,1839,1700,1260,1701,988,1500,1500,1500,1500,1500,1500,1500,1500,1500,1500,1500,1500,1500,1500,1500,1500,1500,1500,1500,1500,1500,1500,7.3
2026-08-08,13:32:52.200,53.5,-2.9,-89,-85,99,8,1,8,10,-81,100,10,11.9,0.0,0,0,8,-401,-1024,-798,8,-1024,-4,-560,-660,-1,0,-1,-1,-1,1,0,-1,0x0000000000000000,1514,1547,1335,1394,2012,1288,1377,1260,1701,988,1500,1500,1500,1500,1500,1500,1500,1500,1500,1500,1500,1500,1500,1500,1500,1500,1500,1500,1500,1500,1500,1500,7.3
2026-08-08,13:32:52.700,52.9,-1.3,-89,-86,100,6,1,8,10,-80,100,3,11.9,0.0,0,0,8,-15,-1024,-851,9,-1024,-3,-560,-660,-1,0,-1,-1,-1,1,0,-1,0x0000000000000000,1514,1433,1329,1391,2012,1280,1372,1260,1701,988,1500,1500,1500,1500,1500,1500,1500,1500,1500,1500,1500,1500,1500,1500,1500,1500,1500,1500,1500,1500,1500,1500,7.3
2026-08-08,13:32:53.200,54.0,1.6,-89,-86,100,7,1,8,10,-81,92,10,11.9,0.0,0,0,7,4,-1024,-9,8,-1024,-3,-560,-660,-1,0,-1,-1,-1,1,0,-1,0x0000000000000000,1514,1429,1530,1518,2012,1533,1519,1260,1701,988,1500,1500,1500,1500,1500,1500,1500,1500,1500,1500,1500,1500,1500,1500,1500,1500,1500,1500,1500,1500,1500,1500,7.3
2026-08-08,13:32:53.700,52.8,-2.9,-89,-87,100,6,1,8,10,-82,100,11,11.8,0.0,0,0,7,1,-1024,-13,8,-1024,-3,-560,-660,-1,0,-1,-1,-1,1,0,-1,0x0000000000000000,1514,1429,1529,1517,2012,1532,1519,1260,1701,988,1500,1500,1500,1500,1500,1500,1500,1500,1500,1500,1500,1500,1500,1500,1500,1500,1500,1500,1500,1500,1500,1500,7.3
2026-08-08,13:32:54.200,56.2,5.2,-89,-85,100,8,1,8,10,-79,100,11,11.8,0.0,0,0,9,2,-1024,598,8,-1024,-4,-560,-660,-1,0,-1,-1,-1,1,0,-1,0x0000000000000000,1514,1429,1692,1617,2012,1713,1626,1260,1701,988,1500,1500,1500,1500,1500,1500,1500,1500,1500,1500,1500,1500,1500,1500,1500,1500,1500,1500,1500,1500,1500,1500,7.3
2026-08-08,13:32:54.700,58.2,4.7,-89,-83,100,8,1,8,10,-77,92,10,11.9,0.0,0,0,55,0,-1024,-4,8,-1024,-3,-560,-660,-1,0,-1,-1,-1,1,0,-1,0x0000000000000000,1526,1429,1531,1519,2012,1534,1520,1260,1701,988,1500,1500,1500,1500,1500,1500,1500,1500,1500,1500,1500,1500,1500,1500,1500,1500,1500,1500,1500,1500,1500,1500,7.3
2026-08-08,13:32:55.200,60.0,2.8,-89,-85,100,9,1,8,25,-82,100,10,11.9,0.0,0,0,181,-326,-1024,199,8,-1024,-3,-560,-660,-1,0,-1,-1,-1,1,0,-1,0x0000000000000000,1564,1522,1589,1554,2012,1598,1558,1260,1701,988,1500,1500,1500,1500,1500,1500,1500,1500,1500,1500,1500,1500,1500,1500,1500,1500,1500,1500,1500,1500,1500,1500,7.3
2026-08-08,13:32:55.700,60.4,1.6,-89,-86,100,5,1,8,25,-85,100,9,11.8,0.0,0,0,504,-332,-1024,385,8,-1024,-4,-560,-659,-1,0,-1,-1,-1,1,0,-1,0x0000000000000000,1655,1520,1635,1582,2012,1650,1588,1260,1701,988,1500,1500,1500,1500,1500,1500,1500,1500,1500,1500,1500,1500,1500,1500,1500,1500,1500,1500,1500,1500,1500,1500,7.3
2026-08-08,13:32:56.200,61.1,1.2,-81,-93,99,5,0,8,10,-83,96,10,11.8,0.0,0,0,387,-350,-1024,572,8,-1024,-4,-560,-660,-1,0,-1,-1,-1,1,0,-1,0x0000000000000000,1619,1526,1682,1611,2012,1702,1619,1260,1701,988,1500,1500,1500,1500,1500,1500,1500,1500,1500,1500,1500,1500,1500,1500,1500,1500,1500,1500,1500,1500,1500,1500,7.3
2026-08-08,13:32:56.700,60.3,-1.2,-82,-84,99,8,1,8,25,-86,100,9,11.9,0.0,0,0,7,-708,-1024,164,8,-1024,-3,-560,-659,-1,0,-1,-1,-1,1,0,-1,0x0000000000000000,1514,1654,1576,1546,2012,1584,1550,1260,1701,988,1500,1500,1500,1500,1500,1500,1500,1500,1500,1500,1500,1500,1500,1500,1500,1500,1500,1500,1500,1500,1500,1500,7.3
2026-08-08,13:32:57.200,58.0,-4.5,-82,-85,100,4,1,8,50,-88,100,10,11.9,0.0,0,0,79,-1009,-1024,-7,8,-1024,-4,-560,-660,-1,0,-1,-1,-1,1,0,-1,0x0000000000000000,1532,1798,1530,1518,2012,1533,1520,1260,1701,988,1500,1500,1500,1500,1500,1500,1500,1500,1500,1500,1500,1500,1500,1500,1500,1500,1500,1500,1500,1500,1500,1500,7.3
2026-08-08,13:32:57.700,55.4,-4.3,-82,-87,100,7,1,8,100,-84,100,-4,11.9,0.0,0,0,143,-891,-1024,19,8,-1024,-3,-560,-660,-1,0,-1,-1,-1,1,0,-1,0x0000000000000000,1550,1737,1537,1522,2012,1541,1524,1260,1701,988,1500,1500,1500,1500,1500,1500,1500,1500,1500,1500,1500,1500,1500,1500,1500,1500,1500,1500,1500,1500,1500,1500,7.3
2026-08-08,13:32:58.200,56.1,0.6,-82,-85,100,7,1,8,25,-83,100,9,11.9,0.0,0,0,294,-570,-1024,62,8,-1024,-4,-560,-660,-1,0,-1,-1,-1,1,0,-1,0x0000000000000000,1591,1600,1548,1529,2012,1554,1532,1260,1701,988,1500,1500,1500,1500,1500,1500,1500,1500,1500,1500,1500,1500,1500,1500,1500,1500,1500,1500,1500,1500,1500,1500,7.3
2026-08-08,13:32:58.700,57.7,2.7,-82,-86,100,7,1,8,10,-81,100,10,11.8,0.0,0,0,353,-656,-1024,128,8,-1024,-4,-560,-660,-1,0,-1,-1,-1,1,0,-1,0x0000000000000000,1608,1633,1566,1540,2012,1574,1543,1260,1701,988,1500,1500,1500,1500,1500,1500,1500,1500,1500,1500,1500,1500,1500,1500,1500,1500,1500,1500,1500,1500,1500,1500,7.3
2026-08-08,13:32:59.200,58.1,1.1,-82,-86,100,6,1,8,10,-87,100,9,11.8,0.0,0,0,350,-650,-1024,85,8,-1024,-3,-560,-660,-1,0,-1,-1,-1,1,0,-1,0x0000000000000000,1607,1630,1554,1533,2012,1560,1536,1260,1701,988,1500,1500,1500,1500,1500,1500,1500,1500,1500,1500,1500,1500,1500,1500,1500,1500,1500,1500,1500,1500,1500,1500,7.3
2026-08-08,13:32:59.700,57.8,-0.7,-82,-85,100,7,1,8,10,-81,100,10,11.9,0.0,0,0,416,-669,-1024,165,8,-1024,-3,-560,-660,-1,0,-1,-1,-1,1,0,-1,0x0000000000000000,1627,1638,1576,1546,2012,1585,1550,1260,1701,988,1500,1500,1500,1500,1500,1500,1500,1500,1500,1500,1500,1500,1500,1500,1500,1500,1500,1500,1500,1500,1500,1500,7.3
2026-08-08,13:33:00.200,56.3,-2.7,-82,-84,100,9,1,8,10,-86,100,9,11.9,0.0,0,0,428,-755,-1024,148,8,-1024,-4,-560,-659,-1,0,-1,-1,-1,1,0,-1,0x0000000000000000,1631,1674,1572,1544,2012,1580,1547,1260,1701,988,1500,1500,1500,1500,1500,1500,1500,1500,1500,1500,1500,1500,1500,1500,1500,1500,1500,1500,1500,1500,1500,1500,7.3
2026-08-08,13:33:00.700,54.4,-3.6,-66,-88,100,10,0,8,10,-77,84,10,11.9,0.0,0,0,427,-785,-1024,172,8,-1024,-3,-560,-660,-1,0,-1,-1,-1,1,0,-1,0x0000000000000000,1630,1687,1578,1547,2012,1586,1551,1260,1701,988,1500,1500,1500,1500,1500,1500,1500,1500,1500,1500,1500,1500,1500,1500,1500,1500,1500,1500,1500,1500,1500,1500,7.3
2026-08-08,13:33:01.200,53.9,-1.1,-86,-83,99,9,1,8,10,-77,100,5,11.8,0.0,0,0,365,-703,-1024,147,8,-1024,-3,-560,-660,-1,0,-1,-1,-1,1,0,-1,0x0000000000000000,1612,1652,1571,1543,2012,1579,1547,1260,1701,988,1500,1500,1500,1500,1500,1500,1500,1500,1500,1500,1500,1500,1500,1500,1500,1500,1500,1500,1500,1500,1500,1500,7.3
2026-08-08,13:33:01.700,54.2,0.3,-64,-85,99,11,0,8,10,-72,100,10,11.8,0.0,0,0,358,-668,-1024,279,8,-1024,-4,-560,-659,-1,0,-1,-1,-1,1,0,-1,0x0000000000000000,1609,1637,1607,1565,2012,1618,1570,1260,1701,988,1500,1500,1500,1500,1500,1500,1500,1500,1500,1500,1500,1500,1500,1500,1500,1500,1500,1500,1500,1500,1500,1500,7.3
2026-08-08,13:33:02.200,54.9,0.7,-79,-91,99,11,0,8,10,-73,100,11,11.9,0.0,0,0,348,-670,-1024,261,8,-1024,-3,-560,-660,-1,0,-1,-1,-1,1,0,-1,0x0000000000000000,1607,1638,1602,1562,2012,1613,1567,1260,1701,988,1500,1500,1500,1500,1500,1500,1500,1500,1500,1500,1500,1500,1500,1500,1500,1500,1500,1500,1500,1500,1500,1500,7.3
2026-08-08,13:33:02.700,54.2,-1.2,-81,-91,100,7,0,8,10,-80,96,11,11.9,0.0,0,0,351,-713,-1024,261,8,-1024,-4,-560,-659,-1,0,-1,-1,-1,1,0,-1,0x0000000000000000,1608,1656,1602,1562,2012,1613,1567,1260,1701,988,1500,1500,1500,1500,1500,1500,1500,1500,1500,1500,1500,1500,1500,1500,1500,1500,1500,1500,1500,1500,1500,1500,7.3
2026-08-08,13:33:03.200,51.6,-4.7,-87,-91,100,9,0,8,50,-88,100,9,11.9,0.0,0,0,428,-726,-1024,252,8,-1024,-4,-560,-660,-1,0,-1,-1,-1,1,0,-1,0x0000000000000000,1631,1661,1599,1560,2012,1610,1565,1260,1701,988,1500,1500,1500,1500,1500,1500,1500,1500,1500,1500,1500,1500,1500,1500,1500,1500,1500,1500,1500,1500,1500,1500,7.3
2026-08-08,13:33:03.700,49.6,-4.4,-85,-87,99,9,0,8,10,-81,100,11,11.9,0.0,0,0,7,-362,-1024,-98,8,-1024,-4,-560,-660,-1,0,-1,-1,-1,1,0,-1,0x0000000000000000,1514,1529,1505,1503,2012,1506,1504,1260,1701,988,1500,1500,1500,1500,1500,1500,1500,1500,1500,1500,1500,1500,1500,1500,1500,1500,1500,1500,1500,1500,1500,1500,7.3
2026-08-08,13:33:04.200,50.8,2.2,-85,-92,98,9,0,8,10,-82,100,-2,11.9,0.0,0,0,7,-42,-1024,-341,8,-1024,-4,-560,-659,-1,0,-1,-1,-1,1,0,-1,0x0000000000000000,1514,1437,1444,1464,2012,1428,1458,1260,1701,988,1500,1500,1500,1500,1500,1500,1500,1500,1500,1500,1500,1500,1500,1500,1500,1500,1500,1500,1500,1500,1500,1500,7.3
2026-08-08,13:33:04.700,49.2,-2.0,-84,-92,100,10,0,8,10,-80,96,10,11.9,0.0,0,0,7,-2,-1024,-597,8,-1024,-3,-560,-660,-1,0,-1,-1,-1,1,0,-1,0x0000000000000000,1514,1430,1388,1429,2012,1357,1417,1260,1701,988,1500,1500,1500,1500,1500,1500,1500,1500,1500,1500,1500,1500,1500,1500,1500,1500,1500,1500,1500,1500,1500,1500,7.3
2026-08-08,13:33:05.200,48.8,-0.4,-83,-92,100,9,0,8,10,-80,100,10,11.9,0.0,0,0,7,-208,-1024,-118,8,-1024,-3,-560,-660,-1,0,-1,-1,-1,1,0,-1,0x0000000000000000,1514,1484,1500,1500,2012,1500,1500,1260,1701,988,1500,1500,1500,1500,1500,1500,1500,1500,1500,1500,1500,1500,1500,1500,1500,1500,1500,1500,1500,1500,1500,1500,7.3
2026-08-08,13:33:05.700,48.1,0.0,-83,-92,100,8,0,8,10,-78,100,11,11.9,0.0,0,0,7,2,-1024,-6,8,-1024,-4,-560,-660,-1,0,-1,-1,-1,1,0,-1,0x0000000000000000,1514,1429,1530,1518,2012,1534,1520,1260,1701,988,1500,1500,1500,1500,1500,1500,1500,1500,1500,1500,1500,1500,1500,1500,1500,1500,1500,1500,1500,1500,1500,1500,7.3
2026-08-08,13:33:06.200,47.9,-0.4,-83,-92,100,7,0,8,10,-82,96,10,11.9,0.0,0,0,45,-1,-1024,324,8,-1024,-3,-560,-660,-1,0,-1,-1,-1,1,0,-1,0x0000000000000000,1524,1430,1619,1572,2012,1632,1578,1260,1701,988,1500,1500,1500,1500,1500,1500,1500,1500,1500,1500,1500,1500,1500,1500,1500,1500,1500,1500,1500,1500,1500,1500,7.3
2026-08-08,13:33:06.700,48.1,0.3,-86,-92,100,8,0,8,10,-85,92,8,11.9,0.0,0,0,7,3,-1024,-5,8,-1024,-4,-560,-660,-1,0,-1,-1,-1,1,0,-1,0x0000000000000000,1514,1429,1530,1518,2012,1534,1520,1260,1701,988,1500,1500,1500,1500,1500,1500,1500,1500,1500,1500,1500,1500,1500,1500,1500,1500,1500,1500,1500,1500,1500,1500,7.3
2026-08-08,13:33:07.200,46.8,-2.7,-88,-92,95,5,0,8,10,-83,96,9,11.9,0.0,0,0,33,1,-1024,176,8,-1024,-3,-560,-660,-1,0,-1,-1,-1,1,0,-1,0x0000000000000000,1521,1429,1574,1545,2012,1582,1548,1260,1701,988,1500,1500,1500,1500,1500,1500,1500,1500,1500,1500,1500,1500,1500,1500,1500,1500,1500,1500,1500,1500,1500,1500,7.3
2026-08-08,13:33:07.700,47.1,-0.4,-74,-94,94,11,0,8,250,-82,92,10,11.9,0.0,0,0,41,3,-1024,-5,8,-1024,-4,-560,-659,-1,0,-1,-1,-1,1,0,-1,0x0000000000000000,1523,1429,1530,1518,2012,1534,1520,1260,1701,988,1500,1500,1500,1500,1500,1500,1500,1500,1500,1500,1500,1500,1500,1500,1500,1500,1500,1500,1500,1500,1500,1500,7.3
2026-08-08,13:33:08.200,46.6,-0.9,-85,-96,98,8,0,8,10,-84,100,10,11.8,0.0,0,0,7,1,-1024,-394,8,-1024,-4,-560,-660,-1,0,-1,-1,-1,1,0,-1,0x0000000000000000,1514,1429,1436,1459,2012,1418,1452,1260,1701,988,1500,1500,1500,1500,1500,1500,1500,1500,1500,1500,1500,1500,1500,1500,1500,1500,1500,1500,1500,1500,1500,1500,7.3
2026-08-08,13:33:08.700,46.7,0.2,-86,-96,100,8,0,8,25,-84,100,10,11.8,0.0,0,0,7,4,-1024,276,8,-1024,-3,-560,-660,-1,0,-1,-1,-1,1,0,-1,0x0000000000000000,1514,1429,1606,1564,2012,1617,1569,1260,1701,988,1500,1500,1500,1500,1500,1500,1500,1500,1500,1500,1500,1500,1500,1500,1500,1500,1500,1500,1500,1500,1500,1500,7.3
2026-08-08,13:33:09.200,47.2,0.7,-84,-96,100,9,0,8,25,-80,100,11,11.9,0.0,0,0,7,5,-1024,-1022,9,-1024,-3,-560,-659,-1,0,-1,-1,-1,1,0,-1,0x0000000000000000,1514,1428,1289,1365,2012,1229,1342,1260,1701,988,1500,1500,1500,1500,1500,1500,1500,1500,1500,1500,1500,1500,1500,1500,1500,1500,1500,1500,1500,1500,1500,1500,7.3
2026-08-08,13:33:09.700,47.5,0.6,-82,-96,100,10,0,8,10,-76,96,11,11.9,0.0,0,0,7,2,-1024,-6,8,-1024,-4,-560,-660,-1,0,-1,-1,-1,1,0,-1,0x0000000000000000,1514,1429,1530,1518,2012,1534,1520,1260,1701,988,1500,1500,1500,1500,1500,1500,1500,1500,1500,1500,1500,1500,1500,1500,1500,1500,1500,1500,1500,1500,1500,1500,7.3
2026-08-08,13:33:10.200,47.9,0.7,-81,-96,100,10,0,8,10,-75,100,10,11.9,0.0,0,0,7,-2,-1024,-484,8,-1024,-4,-560,-660,-1,0,-1,-1,-1,1,0,-1,0x0000000000000000,1514,1430,1415,1446,2012,1391,1436,1260,1701,988,1500,1500,1500,1500,1500,1500,1500,1500,1500,1500,1500,1500,1500,1500,1500,1500,1500,1500,1500,1500,1500,1500,7.3
2026-08-08,13:33:10.700,48.3,0.6,-80,-96,100,10,0,8,10,-76,100,12,11.9,0.0,0,0,7,4,-1024,-6,8,-1024,-3,-560,-659,-1,0,-1,-1,-1,1,0,-1,0x0000000000000000,1514,1429,1530,1518,2012,1534,1520,1260,1701,988,1500,1500,1500,1500,1500,1500,1500,1500,1500,1500,1500,1500,1500,1500,1500,1500,1500,1500,1500,1500,1500,1500,7.3
2026-08-08,13:33:11.200,48.3,0.0,-79,-96,100,10,0,8,10,-74,96,11,11.9,0.0,0,0,7,1,-1024,21,8,-1024,-3,-560,-660,-1,0,-1,-1,-1,1,0,-1,0x0000000000000000,1514,1429,1538,1520,2012,1536,1521,1260,1701,988,1500,1500,1500,1500,1500,1500,1500,1500,1500,1500,1500,1500,1500,1500,1500,1500,1500,1500,1500,1500,1500,1500,7.3
2026-08-08,13:33:11.700,48.2,-0.3,-77,-96,100,10,0,8,10,-76,100,10,11.9,0.0,0,0,7,0,-1024,-388,8,-1024,-3,-560,-659,-1,0,-1,-1,-1,1,0,-1,0x0000000000000000,1514,1429,1437,1460,2012,1419,1453,1260,1701,988,1500,1500,1500,1500,1500,1500,1500,1500,1500,1500,1500,1500,1500,1500,1500,1500,1500,1500,1500,1500,1500,1500,7.3
2026-08-08,13:33:12.200,48.0,-0.5,-77,-96,100,11,0,8,10,-72,100,11,11.9,0.0,0,0,7,2,-1024,-6,8,-1024,-4,-560,-660,-1,0,-1,-1,-1,1,0,-1,0x0000000000000000,1514,1429,1530,1518,2012,1534,1520,1260,1701,988,1500,1500,1500,1500,1500,1500,1500,1500,1500,1500,1500,1500,1500,1500,1500,1500,1500,1500,1500,1500,1500,1500,7.3
2026-08-08,13:33:12.700,47.5,-0.4,-77,-96,100,10,0,8,10,-72,100,10,11.9,0.0,0,0,8,3,-1024,-6,8,-1024,-3,-560,-660,-1,0,-1,-1,-1,1,0,-1,0x0000000000000000,1514,1429,1530,1518,2012,1534,1520,1260,1701,988,1500,1500,1500,1500,1500,1500,1500,1500,1500,1500,1500,1500,1500,1500,1500,1500,1500,1500,1500,1500,1500,1500,7.3
2026-08-08,13:33:13.200,47.0,-1.4,-76,-96,100,10,0,8,10,-71,100,10,11.9,0.0,0,0,7,3,-1024,-6,8,-1024,-3,-560,-660,-1,0,-1,-1,-1,1,0,-1,0x0000000000000000,1514,1429,1530,1518,2012,1534,1520,1260,1701,988,1500,1500,1500,1500,1500,1500,1500,1500,1500,1500,1500,1500,1500,1500,1500,1500,1500,1500,1500,1500,1500,1500,7.3
2026-08-08,13:33:13.700,45.4,-2.8,-76,-96,100,11,0,8,10,-75,100,11,11.9,0.0,0,0,7,-117,-1024,-213,8,-1024,-3,-560,-660,-1,0,-1,-1,-1,1,0,-1,0x0000000000000000,1514,1465,1478,1486,2012,1472,1484,1260,1701,988,1500,1500,1500,1500,1500,1500,1500,1500,1500,1500,1500,1500,1500,1500,1500,1500,1500,1500,1500,1500,1500,1500,7.3
2026-08-08,13:33:14.200,43.8,-3.2,-77,-96,100,10,0,8,10,-76,100,11,11.8,0.0,0,0,7,0,-1024,-6,8,-1024,-3,-560,-660,-1,0,-1,-1,-1,1,0,-1,0x0000000000000000,1514,1429,1530,1518,2012,1534,1520,1260,1701,988,1500,1500,1500,1500,1500,1500,1500,1500,1500,1500,1500,1500,1500,1500,1500,1500,1500,1500,1500,1500,1500,1500,7.3
2026-08-08,13:33:14.700,42.7,-2.9,-80,-96,100,9,0,8,10,-79,100,11,11.8,0.0,0,0,7,6,-1024,-33,8,-1024,-3,-560,-660,-1,0,-1,-1,-1,1,0,-1,0x0000000000000000,1514,1428,1523,1514,2012,1526,1515,1260,1701,988,1500,1500,1500,1500,1500,1500,1500,1500,1500,1500,1500,1500,1500,1500,1500,1500,1500,1500,1500,1500,1500,1500,7.3
2026-08-08,13:33:15.200,42.3,-0.8,-81,-96,100,10,0,8,10,-78,100,11,11.9,0.0,0,0,7,4,-1024,-5,8,-1024,-4,-560,-660,-1,0,-1,-1,-1,1,0,-1,0x0000000000000000,1514,1429,1530,1518,2012,1534,1520,1260,1701,988,1500,1500,1500,1500,1500,1500,1500,1500,1500,1500,1500,1500,1500,1500,1500,1500,1500,1500,1500,1500,1500,1500,7.3
2026-08-08,13:33:15.700,42.0,-0.6,-80,-96,100,10,0,8,10,-74,100,0,11.9,0.0,0,0,7,3,-1024,-5,8,-1024,-3,-560,-660,-1,0,-1,-1,-1,1,0,-1,0x0000000000000000,1514,1429,1530,1518,2012,1534,1520,1260,1701,988,1500,1500,1500,1500,1500,1500,1500,1500,1500,1500,1500,1500,1500,1500,1500,1500,1500,1500,1500,1500,1500,1500,7.3
2026-08-08,13:33:16.200,41.6,-0.7,-77,-96,100,11,0,8,10,-71,100,10,11.9,0.0,0,0,7,0,-1024,-8,8,-1024,-3,-560,-660,-1,0,-1,-1,-1,1,0,-1,0x0000000000000000,1514,1429,1530,1518,2012,1533,1519,1260,1701,988,1500,1500,1500,1500,1500,1500,1500,1500,1500,1500,1500,1500,1500,1500,1500,1500,1500,1500,1500,1500,1500,1500,7.3
2026-08-08,13:33:16.700,41.4,-0.4,-76,-96,100,10,0,8,10,-72,100,10,11.9,0.0,0,0,7,3,-1024,-6,8,-1024,-4,-560,-660,-1,0,-1,-1,-1,1,0,-1,0x0000000000000000,1514,1429,1530,1518,2012,1534,1520,1260,1701,988,1500,1500,1500,1500,1500,1500,1500,1500,1500,1500,1500,1500,1500,1500,1500,1500,1500,1500,1500,1500,1500,1500,7.3
2026-08-08,13:33:17.200,40.7,-1.4,-77,-96,100,10,0,8,10,-73,100,11,11.9,0.0,0,0,50,-105,-1024,-733,9,-1024,-3,-560,-660,-1,0,-1,-1,-1,1,0,-1,0x0000000000000000,1525,1452,1357,1408,2012,1316,1393,1260,1701,988,1500,1500,1500,1500,1500,1500,1500,1500,1500,1500,1500,1500,1500,1500,1500,1500,1500,1500,1500,1500,1500,1500,7.3
2026-08-08,13:33:17.700,40.6,-0.4,-76,-96,100,10,0,8,10,-73,100,10,11.9,0.0,0,0,11,1,-1024,666,8,-1024,-3,-560,-659,-1,0,-1,-1,-1,1,0,-1,0x0000000000000000,1515,1429,1710,1628,2012,1733,1637,1260,1701,988,1500,1500,1500,1500,1500,1500,1500,1500,1500,1500,1500,1500,1500,1500,1500,1500,1500,1500,1500,1500,1500,1500,7.3
2026-08-08,13:33:18.200,40.1,-1.0,-77,-96,100,10,0,8,10,-71,100,11,11.9,0.0,0,0,33,4,-1024,-5,8,-1024,-3,-560,-660,-1,0,-1,-1,-1,1,0,-1,0x0000000000000000,1521,1429,1530,1518,2012,1534,1520,1260,1701,988,1500,1500,1500,1500,1500,1500,1500,1500,1500,1500,1500,1500,1500,1500,1500,1500,1500,1500,1500,1500,1500,1500,7.3
2026-08-08,13:33:18.700,40.4,0.6,-75,-96,100,11,0,8,10,-70,100,10,11.9,0.0,0,0,7,4,-1024,-5,8,-1024,-4,-560,-660,-1,0,-1,-1,-1,1,0,-1,0x0000000000000000,1514,1429,1530,1518,2012,1534,1520,1260,1701,988,1500,1500,1500,1500,1500,1500,1500,1500,1500,1500,1500,1500,1500,1500,1500,1500,1500,1500,1500,1500,1500,1500,7.3
2026-08-08,13:33:19.200,40.0,-0.8,-74,-96,100,11,0,8,10,-71,100,11,11.9,0.0,0,0,7,4,-1024,-5,8,-1024,-4,-560,-660,-1,0,-1,-1,-1,1,0,-1,0x0000000000000000,1514,1429,1530,1518,2012,1534,1520,1260,1701,988,1500,1500,1500,1500,1500,1500,1500,1500,1500,1500,1500,1500,1500,1500,1500,1500,1500,1500,1500,1500,1500,1500,7.3
2026-08-08,13:33:19.700,40.0,-0.4,-74,-96,100,10,0,8,10,-70,96,12,11.9,0.0,0,0,6,3,-1024,-5,8,-1024,-3,-560,-659,-1,0,-1,-1,-1,1,0,-1,0x0000000000000000,1514,1429,1530,1518,2012,1534,1520,1260,1701,988,1500,1500,1500,1500,1500,1500,1500,1500,1500,1500,1500,1500,1500,1500,1500,1500,1500,1500,1500,1500,1500,1500,7.3
2026-08-08,13:33:20.200,39.5,-0.8,-73,-96,100,10,0,8,10,-70,100,10,11.9,0.0,0,0,7,-76,-1024,454,8,-1024,-4,-560,-660,-1,0,-1,-1,-1,1,0,-1,0x0000000000000000,1514,1448,1654,1594,2012,1671,1600,1260,1701,988,1500,1500,1500,1500,1500,1500,1500,1500,1500,1500,1500,1500,1500,1500,1500,1500,1500,1500,1500,1500,1500,1500,7.3
2026-08-08,13:33:20.700,39.0,-0.8,-73,-96,100,9,0,8,10,-70,100,11,11.9,0.0,0,0,8,-184,-1024,262,8,-1024,-4,-560,-659,-1,0,-1,-1,-1,1,0,-1,0x0000000000000000,1514,1476,1602,1562,2012,1613,1567,1260,1701,988,1500,1500,1500,1500,1500,1500,1500,1500,1500,1500,1500,1500,1500,1500,1500,1500,1500,1500,1500,1500,1500,1500,7.3
2026-08-08,13:33:21.200,38.6,-0.2,-73,-96,100,11,0,8,10,-67,100,12,11.9,0.0,0,0,6,4,-1024,-5,8,-1024,-3,-560,-660,-1,0,-1,-1,-1,1,0,-1,0x0000000000000000,1514,1429,1530,1518,2012,1534,1520,1260,1701,988,1500,1500,1500,1500,1500,1500,1500,1500,1500,1500,1500,1500,1500,1500,1500,1500,1500,1500,1500,1500,1500,1500,7.3
2026-08-08,13:33:21.700,37.2,-2.8,-74,-96,100,8,0,8,10,-69,100,9,11.9,0.0,0,0,6,2,-1024,-8,8,-1024,-3,-560,-660,-1,0,-1,-1,-1,1,0,-1,0x0000000000000000,1514,1429,1530,1518,2012,1533,1519,1260,1701,988,1500,1500,1500,1500,1500,1500,1500,1500,1500,1500,1500,1500,1500,1500,1500,1500,1500,1500,1500,1500,1500,1500,7.3
2026-08-08,13:33:22.200,35.2,-4.0,-74,-96,100,11,0,8,10,-71,100,11,11.9,0.0,0,0,6,-429,-1024,-4,8,-1024,-3,-560,-660,-1,0,-1,-1,-1,1,0,-1,0x0000000000000000,1514,1551,1531,1519,2012,1534,1520,1260,1701,988,1500,1500,1500,1500,1500,1500,1500,1500,1500,1500,1500,1500,1500,1500,1500,1500,1500,1500,1500,1500,1500,1500,7.3
2026-08-08,13:33:22.700,34.5,-1.9,-76,-96,100,10,0,8,10,-74,96,10,11.9,0.0,0,0,6,2,-1024,-6,8,-1024,-3,-560,-659,-1,0,-1,-1,-1,1,0,-1,0x0000000000000000,1514,1429,1530,1518,2012,1534,1520,1260,1701,988,1500,1500,1500,1500,1500,1500,1500,1500,1500,1500,1500,1500,1500,1500,1500,1500,1500,1500,1500,1500,1500,1500,7.3
2026-08-08,13:33:23.200,33.9,-1.3,-77,-96,100,10,0,8,10,-74,100,11,11.9,0.0,0,0,7,2,-1024,-7,8,-1024,-3,-560,-660,-1,0,-1,-1,-1,1,0,-1,0x0000000000000000,1514,1429,1530,1518,2012,1533,1520,1260,1701,988,1500,1500,1500,1500,1500,1500,1500,1500,1500,1500,1500,1500,1500,1500,1500,1500,1500,1500,1500,1500,1500,1500,7.3
2026-08-08,13:33:23.700,33.3,-1.1,-77,-96,100,10,0,8,10,-74,100,10,11.9,0.0,0,0,6,3,-1024,-5,8,-1024,-3,-560,-660,-1,0,-1,-1,-1,1,0,-1,0x0000000000000000,1514,1429,1530,1518,2012,1534,1520,1260,1701,988,1500,1500,1500,1500,1500,1500,1500,1500,1500,1500,1500,1500,1500,1500,1500,1500,1500,1500,1500,1500,1500,1500,7.3
2026-08-08,13:33:24.200,32.7,-0.8,-76,-96,100,10,0,8,10,-68,100,10,11.9,0.0,0,0,6,4,-1024,-5,8,-1024,-3,-560,-660,-1,0,-1,-1,-1,1,0,-1,0x0000000000000000,1514,1429,1530,1518,2012,1534,1520,1260,1701,988,1500,1500,1500,1500,1500,1500,1500,1500,1500,1500,1500,1500,1500,1500,1500,1500,1500,1500,1500,1500,1500,1500,7.3
2026-08-08,13:33:24.700,32.1,-1.0,-75,-96,100,10,0,8,10,-68,100,11,11.8,0.0,0,0,7,4,-1024,-5,8,-1024,-3,-560,-660,-1,0,-1,-1,-1,1,0,-1,0x0000000000000000,1514,1429,1530,1518,2012,1534,1520,1260,1701,988,1500,1500,1500,1500,1500,1500,1500,1500,1500,1500,1500,1500,1500,1500,1500,1500,1500,1500,1500,1500,1500,1500,7.3
2026-08-08,13:33:25.200,31.6,-1.2,-74,-96,100,10,0,8,10,-69,100,10,11.8,0.0,0,0,6,4,-1024,-5,8,-1024,-4,-560,-660,-1,0,-1,-1,-1,1,0,-1,0x0000000000000000,1514,1429,1530,1518,2012,1534,1520,1260,1701,988,1500,1500,1500,1500,1500,1500,1500,1500,1500,1500,1500,1500,1500,1500,1500,1500,1500,1500,1500,1500,1500,1500,7.3
2026-08-08,13:33:25.700,31.6,-0.5,-73,-96,100,10,0,8,10,-70,100,10,11.9,0.0,0,0,6,4,-1024,-5,8,-1024,-3,-560,-660,-1,0,-1,-1,-1,1,0,-1,0x0000000000000000,1514,1429,1530,1518,2012,1534,1520,1260,1701,988,1500,1500,1500,1500,1500,1500,1500,1500,1500,1500,1500,1500,1500,1500,1500,1500,1500,1500,1500,1500,1500,1500,7.3
2026-08-08,13:33:26.200,31.1,-0.7,-73,-96,100,0,0,8,100,-70,100,11,11.9,0.0,0,0,7,-1,-1024,-506,8,-1024,-3,-560,-660,-1,0,-1,-1,-1,1,0,-1,0x0000000000000000,1514,1430,1410,1442,2012,1384,1433,1260,1701,988,1500,1500,1500,1500,1500,1500,1500,1500,1500,1500,1500,1500,1500,1500,1500,1500,1500,1500,1500,1500,1500,1500,7.3
2026-08-08,13:33:26.700,30.3,-1.3,-74,-96,100,10,0,8,10,-69,100,10,11.9,0.0,0,0,7,4,-1024,-6,8,-1024,-3,-560,-659,-1,0,-1,-1,-1,1,0,-1,0x0000000000000000,1514,1429,1530,1518,2012,1534,1520,1260,1701,988,1500,1500,1500,1500,1500,1500,1500,1500,1500,1500,1500,1500,1500,1500,1500,1500,1500,1500,1500,1500,1500,1500,7.3
2026-08-08,13:33:27.200,29.8,-1.1,-74,-96,100,10,0,8,10,-69,92,10,11.9,0.0,0,0,6,3,-1024,-7,8,-1024,-3,-560,-660,-1,0,-1,-1,-1,1,0,-1,0x0000000000000000,1514,1429,1530,1518,2012,1533,1520,1260,1701,988,1500,1500,1500,1500,1500,1500,1500,1500,1500,1500,1500,1500,1500,1500,1500,1500,1500,1500,1500,1500,1500,1500,7.3
2026-08-08,13:33:27.700,29.3,-1.0,-74,-96,100,11,0,8,10,-69,100,11,11.9,0.0,0,0,7,4,-1024,-5,8,-1024,-4,-560,-660,-1,0,-1,-1,-1,1,0,-1,0x0000000000000000,1514,1429,1530,1518,2012,1534,1520,1260,1701,988,1500,1500,1500,1500,1500,1500,1500,1500,1500,1500,1500,1500,1500,1500,1500,1500,1500,1500,1500,1500,1500,1500,7.3
2026-08-08,13:33:28.200,28.7,-1.1,-75,-96,100,10,0,8,10,-72,100,10,11.9,0.0,0,0,6,4,-1024,-5,8,-1024,-3,-560,-660,-1,0,-1,-1,-1,1,0,-1,0x0000000000000000,1514,1429,1530,1518,2012,1534,1520,1260,1701,988,1500,1500,1500,1500,1500,1500,1500,1500,1500,1500,1500,1500,1500,1500,1500,1500,1500,1500,1500,1500,1500,1500,7.3
2026-08-08,13:33:28.700,27.5,-2.0,-78,-96,100,10,0,8,10,-78,100,10,11.9,0.0,0,0,6,1,-1024,-222,8,-1024,-3,-560,-660,-1,0,-1,-1,-1,1,0,-1,0x0000000000000000,1514,1429,1476,1485,2012,1470,1482,1260,1701,988,1500,1500,1500,1500,1500,1500,1500,1500,1500,1500,1500,1500,1500,1500,1500,1500,1500,1500,1500,1500,1500,1500,7.3
2026-08-08,13:33:29.200,26.5,-1.7,-85,-90,98,9,0,8,50,-91,96,5,11.9,0.0,0,0,6,2,-1024,-29,8,-1024,-3,-560,-660,-1,0,-1,-1,-1,1,0,-1,0x0000000000000000,1514,1429,1524,1515,2012,1527,1516,1260,1701,988,1500,1500,1500,1500,1500,1500,1500,1500,1500,1500,1500,1500,1500,1500,1500,1500,1500,1500,1500,1500,1500,1500,7.3
2026-08-08,13:33:29.700,25.5,-1.4,-84,-90,100,9,0,8,10,-80,92,10,11.9,0.0,0,0,6,4,-1024,-5,8,-1024,-4,-560,-660,-1,0,-1,-1,-1,1,0,-1,0x0000000000000000,1514,1429,1530,1518,2012,1534,1520,1260,1701,988,1500,1500,1500,1500,1500,1500,1500,1500,1500,1500,1500,1500,1500,1500,1500,1500,1500,1500,1500,1500,1500,1500,7.3
2026-08-08,13:33:30.200,25.4,-0.5,-82,-90,100,9,0,8,10,-76,92,9,11.9,0.0,0,0,6,-2,-1024,-833,9,-1024,-3,-560,-660,-1,0,-1,-1,-1,1,0,-1,0x0000000000000000,1514,1430,1333,1393,2012,1286,1375,1260,1701,988,1500,1500,1500,1500,1500,1500,1500,1500,1500,1500,1500,1500,1500,1500,1500,1500,1500,1500,1500,1500,1500,1500,7.3
2026-08-08,13:33:30.700,25.0,-0.6,-81,-90,100,8,0,8,10,-79,92,10,11.8,0.0,0,0,7,4,-1024,-6,8,-1024,-4,-560,-660,-1,0,-1,-1,-1,1,0,-1,0x0000000000000000,1514,1429,1530,1518,2012,1534,1520,1260,1701,988,1500,1500,1500,1500,1500,1500,1500,1500,1500,1500,1500,1500,1500,1500,1500,1500,1500,1500,1500,1500,1500,1500,7.3
2026-08-08,13:33:31.200,24.2,-1.0,-83,-92,100,6,0,8,10,-89,88,6,11.8,0.0,0,0,6,4,-1024,-6,8,-1024,-4,-560,-660,-1,0,-1,-1,-1,1,0,-1,0x0000000000000000,1514,1429,1530,1518,2012,1534,1520,1260,1701,988,1500,1500,1500,1500,1500,1500,1500,1500,1500,1500,1500,1500,1500,1500,1500,1500,1500,1500,1500,1500,1500,1500,7.3
2026-08-08,13:33:31.700,23.9,-0.7,-78,-89,98,10,0,8,10,-72,100,10,11.9,0.0,0,0,6,4,-1024,-5,8,-1024,-4,-560,-660,-1,0,-1,-1,-1,1,0,-1,0x0000000000000000,1514,1429,1530,1518,2012,1534,1520,1260,1701,988,1500,1500,1500,1500,1500,1500,1500,1500,1500,1500,1500,1500,1500,1500,1500,1500,1500,1500,1500,1500,1500,1500,7.3
2026-08-08,13:33:32.200,23.2,-1.5,-74,-89,100,10,0,8,10,-67,100,10,11.9,0.0,0,0,6,2,-1024,-17,8,-1024,-3,-560,-660,-1,0,-1,-1,-1,1,0,-1,0x0000000000000000,1514,1429,1527,1517,2012,1530,1518,1260,1701,988,1500,1500,1500,1500,1500,1500,1500,1500,1500,1500,1500,1500,1500,1500,1500,1500,1500,1500,1500,1500,1500,1500,7.3
2026-08-08,13:33:32.700,22.8,-1.0,-72,-89,100,11,0,8,10,-67,100,10,11.9,0.0,0,0,6,4,-1024,-5,8,-1024,-3,-560,-660,0,0,-1,-1,-1,1,0,-1,0x0000000000000000,1514,1394,1530,1566,2012,1534,1469,1380,1600,988,1500,1500,1500,1500,1500,1500,1500,1500,1500,1500,1500,1500,1500,1500,1500,1500,1500,1500,1500,1500,1500,1500,7.3
2026-08-08,13:33:33.200,21.9,-1.4,-71,-89,100,11,0,8,10,-63,100,0,11.9,0.0,0,0,6,4,-1024,-5,8,-1024,-3,-560,-660,0,0,-1,-1,-1,1,0,-1,0x0000000000000000,1514,1394,1530,1566,2012,1534,1469,1380,1600,988,1500,1500,1500,1500,1500,1500,1500,1500,1500,1500,1500,1500,1500,1500,1500,1500,1500,1500,1500,1500,1500,1500,7.3
2026-08-08,13:33:33.700,21.5,-0.8,-70,-87,98,12,0,8,10,-65,100,10,11.9,0.0,0,0,6,1,-1024,617,8,-1024,-3,-560,-660,0,0,-1,-1,-1,1,0,-1,0x0000000000000000,1514,1395,1697,1668,2012,1719,1578,1380,1600,988,1500,1500,1500,1500,1500,1500,1500,1500,1500,1500,1500,1500,1500,1500,1500,1500,1500,1500,1500,1500,1500,1500,7.3
2026-08-08,13:33:34.200,21.3,-0.4,-69,-87,100,12,0,8,10,-64,100,10,11.9,0.0,0,0,6,1,-1024,-750,9,-1024,-3,-560,-659,0,0,-1,-1,-1,1,0,-1,0x0000000000000000,1514,1395,1353,1450,2012,1311,1339,1380,1600,988,1500,1500,1500,1500,1500,1500,1500,1500,1500,1500,1500,1500,1500,1500,1500,1500,1500,1500,1500,1500,1500,1500,7.3
2026-08-08,13:33:34.700,21.5,0.5,-69,-83,99,11,0,8,10,-66,100,10,11.9,0.0,0,0,6,2,-1024,890,7,-1024,-3,-560,-659,0,0,-1,-1,-1,1,0,-1,0x0000000000000000,1514,1395,1770,1713,2012,1800,1625,1380,1600,988,1500,1500,1500,1500,1500,1500,1500,1500,1500,1500,1500,1500,1500,1500,1500,1500,1500,1500,1500,1500,1500,1500,7.3
2026-08-08,13:33:35.200,21.8,0.7,-71,-88,100,9,0,8,10,-68,100,11,11.9,0.0,0,0,6,276,-1024,165,8,-1024,-4,-560,-660,0,0,-1,-1,-1,1,0,-1,0x0000000000000000,1514,1326,1576,1594,2012,1585,1499,1380,1600,988,1500,1500,1500,1500,1500,1500,1500,1500,1500,1500,1500,1500,1500,1500,1500,1500,1500,1500,1500,1500,1500,1500,7.3
2026-08-08,13:33:35.700,21.2,-1.1,-74,-88,100,11,0,8,10,-69,100,10,11.8,0.0,0,0,6,4,-1024,-5,8,-1024,-3,-560,-660,0,0,-1,-1,-1,1,0,-1,0x0000000000000000,1514,1394,1530,1566,2012,1534,1469,1380,1600,988,1500,1500,1500,1500,1500,1500,1500,1500,1500,1500,1500,1500,1500,1500,1500,1500,1500,1500,1500,1500,1500,1500,7.3
2026-08-08,13:33:36.200,20.3,-1.9,-76,-87,99,10,0,8,10,-72,100,11,11.8,0.0,0,0,6,-297,-1024,-1024,9,-1024,-3,-560,-659,1,0,-1,-1,-1,1,0,-1,0x0000000000000000,1514,1432,1288,1452,2012,1228,1240,1500,1500,988,1500,1500,1500,1500,1500,1500,1500,1500,1500,1500,1500,1500,1500,1500,1500,1500,1500,1500,1500,1500,1500,1500,7.3
2026-08-08,13:33:36.700,19.7,-1.4,-76,-87,100,10,0,8,10,-70,100,11,11.9,0.0,0,0,6,0,-1024,993,8,-1024,-4,-560,-660,1,0,-1,-1,-1,1,0,-1,0x0000000000000000,1514,1357,1798,1777,2012,1831,1592,1500,1500,988,1500,1500,1500,1500,1500,1500,1500,1500,1500,1500,1500,1500,1500,1500,1500,1500,1500,1500,1500,1500,1500,1500,7.3
2026-08-08,13:33:37.200,18.5,-2.0,-73,-87,100,10,0,8,10,-67,100,10,11.9,0.0,0,0,6,-17,-1024,-1023,9,-1024,-4,-560,-660,1,0,-1,-1,-1,1,0,-1,0x0000000000000000,1514,1362,1289,1453,2012,1228,1240,1500,1500,988,1500,1500,1500,1500,1500,1500,1500,1500,1500,1500,1500,1500,1500,1500,1500,1500,1500,1500,1500,1500,1500,1500,7.3
2026-08-08,13:33:37.700,17.6,-2.0,-72,-87,100,11,0,8,10,-64,96,-3,11.9,0.0,0,0,6,-4,-1024,-806,9,-1024,-4,-560,-660,1,0,-1,-1,-1,1,0,-1,0x0000000000000000,1514,1358,1339,1485,2012,1294,1278,1500,1500,988,1500,1500,1500,1500,1500,1500,1500,1500,1500,1500,1500,1500,1500,1500,1500,1500,1500,1500,1500,1500,1500,1500,7.3
2026-08-08,13:33:38.200,17.0,-1.5,-71,-87,100,9,0,8,10,-65,100,10,11.9,0.0,0,0,6,0,-1024,1024,8,-1024,-3,-560,-660,1,0,-1,-1,-1,1,0,-1,0x0000000000000000,1514,1357,1806,1782,2012,1840,1598,1500,1500,988,1500,1500,1500,1500,1500,1500,1500,1500,1500,1500,1500,1500,1500,1500,1500,1500,1500,1500,1500,1500,1500,1500,7.3
2026-08-08,13:33:38.700,16.4,-1.3,-69,-87,100,11,0,8,10,-64,96,11,11.9,0.0,0,0,7,2,-1024,1,8,-1024,-3,-560,-659,1,0,-1,-1,-1,1,0,-1,0x0000000000000000,1514,1357,1532,1615,2012,1536,1419,1500,1500,988,1500,1500,1500,1500,1500,1500,1500,1500,1500,1500,1500,1500,1500,1500,1500,1500,1500,1500,1500,1500,1500,1500,7.3
2026-08-08,13:33:39.200,16.0,-0.7,-68,-87,100,12,0,8,10,-63,100,10,11.9,0.0,0,0,6,4,-1024,-5,8,-1024,-4,-560,-660,0,0,-1,-1,-1,1,0,-1,0x0000000000000000,1514,1394,1530,1566,2012,1534,1469,1380,1600,988,1500,1500,1500,1500,1500,1500,1500,1500,1500,1500,1500,1500,1500,1500,1500,1500,1500,1500,1500,1500,1500,1500,7.3
2026-08-08,13:33:39.700,15.4,-1.0,-67,-87,100,11,0,8,10,-61,100,9,11.8,0.0,0,0,6,0,-1024,714,7,-1024,-3,-560,-660,-1,0,-1,-1,-1,1,0,-1,0x0000000000000000,1514,1429,1723,1636,2012,1748,1646,1260,1701,988,1500,1500,1500,1500,1500,1500,1500,1500,1500,1500,1500,1500,1500,1500,1500,1500,1500,1500,1500,1500,1500,1500,7.3
2026-08-08,13:33:40.200,15.2,-0.6,-66,-87,100,11,0,8,10,-61,100,11,11.8,0.0,0,0,6,2,-1024,859,7,-1024,-4,-560,-659,-1,0,-1,-1,-1,1,0,-1,0x0000000000000000,1514,1429,1762,1660,2012,1791,1671,1260,1701,988,1500,1500,1500,1500,1500,1500,1500,1500,1500,1500,1500,1500,1500,1500,1500,1500,1500,1500,1500,1500,1500,1500,7.3
2026-08-08,13:33:40.700,14.9,-0.5,-66,-87,100,10,0,8,10,-63,100,11,11.8,0.0,0,0,6,-146,-1024,-664,8,-1024,-3,-560,-660,-1,0,-1,-1,-1,1,0,-1,0x0000000000000000,1514,1465,1373,1419,2012,1336,1405,1260,1701,988,1500,1500,1500,1500,1500,1500,1500,1500,1500,1500,1500,1500,1500,1500,1500,1500,1500,1500,1500,1500,1500,1500,7.3
2026-08-08,13:33:41.200,14.2,-1.4,-66,-87,100,11,0,8,10,-61,100,10,11.8,0.0,0,0,6,3,-1024,-94,8,-1024,-3,-560,-660,-1,0,-1,-1,-1,1,0,-1,0x0000000000000000,1514,1429,1507,1504,2012,1507,1504,1260,1701,988,1500,1500,1500,1500,1500,1500,1500,1500,1500,1500,1500,1500,1500,1500,1500,1500,1500,1500,1500,1500,1500,1500,7.3
2026-08-08,13:33:41.700,13.7,-1.5,-68,-87,100,11,0,8,10,-63,100,11,11.8,0.0,0,0,6,4,-1024,-4,8,-1024,-4,-560,-659,-1,0,-1,-1,-1,1,0,-1,0x0000000000000000,1514,1429,1531,1519,2012,1534,1520,1260,1701,988,1500,1500,1500,1500,1500,1500,1500,1500,1500,1500,1500,1500,1500,1500,1500,1500,1500,1500,1500,1500,1500,1500,7.3
2026-08-08,13:33:42.200,12.8,-1.7,-67,-87,100,10,0,8,10,-61,100,11,11.8,0.0,0,0,6,3,-1024,-139,8,-1024,-4,-560,-660,-1,0,-1,-1,-1,1,0,-1,0x0000000000000000,1514,1429,1496,1497,2012,1495,1497,1260,1701,988,1500,1500,1500,1500,1500,1500,1500,1500,1500,1500,1500,1500,1500,1500,1500,1500,1500,1500,1500,1500,1500,1500,7.3
2026-08-08,13:33:42.700,12.7,-0.3,-67,-87,100,11,0,8,10,-62,100,10,11.9,0.0,0,0,6,-8,-1024,-897,9,-1024,-3,-560,-660,-1,0,-1,-1,-1,1,0,-1,0x0000000000000000,1514,1431,1318,1384,2012,1266,1364,1260,1701,988,1500,1500,1500,1500,1500,1500,1500,1500,1500,1500,1500,1500,1500,1500,1500,1500,1500,1500,1500,1500,1500,1500,7.3
2026-08-08,13:33:43.200,12.4,-0.4,-69,-77,99,11,0,8,10,-70,96,11,11.9,0.0,0,0,6,2,-1024,892,8,-1024,-3,-560,-660,-1,0,-1,-1,-1,1,0,-1,0x0000000000000000,1514,1429,1771,1665,2012,1801,1677,1260,1701,988,1500,1500,1500,1500,1500,1500,1500,1500,1500,1500,1500,1500,1500,1500,1500,1500,1500,1500,1500,1500,1500,1500,7.3
2026-08-08,13:33:43.700,12.3,-0.5,-71,-84,99,11,0,8,10,-67,100,11,11.9,0.0,0,0,6,4,-1024,-4,8,-1024,-3,-560,-660,-1,0,-1,-1,-1,1,0,-1,0x0000000000000000,1514,1429,1531,1519,2012,1534,1520,1260,1701,988,1500,1500,1500,1500,1500,1500,1500,1500,1500,1500,1500,1500,1500,1500,1500,1500,1500,1500,1500,1500,1500,1500,7.3
2026-08-08,13:33:44.200,10.9,-2.3,-70,-84,100,11,0,8,10,-68,100,11,11.9,0.0,0,0,6,3,-1024,-17,8,-1024,-3,-560,-660,-1,0,-1,-1,-1,1,0,-1,0x0000000000000000,1514,1429,1527,1517,2012,1530,1518,1260,1701,988,1500,1500,1500,1500,1500,1500,1500,1500,1500,1500,1500,1500,1500,1500,1500,1500,1500,1500,1500,1500,1500,1500,7.3
2026-08-08,13:33:44.700,11.6,0.6,-64,-84,100,11,0,8,10,-58,100,11,11.9,0.0,0,0,6,8,-1024,845,8,-1024,-4,-560,-660,-1,0,-1,-1,-1,1,0,-1,0x0000000000000000,1514,1428,1759,1658,2012,1787,1669,1260,1701,988,1500,1500,1500,1500,1500,1500,1500,1500,1500,1500,1500,1500,1500,1500,1500,1500,1500,1500,1500,1500,1500,1500,7.3
2026-08-08,13:33:45.200,12.3,1.0,-67,-78,99,11,0,8,10,-58,100,11,11.9,0.0,0,0,6,4,-1024,-4,8,-1024,-3,-560,-659,-1,0,-1,-1,-1,1,0,-1,0x0000000000000000,1514,1429,1531,1519,2012,1534,1520,1260,1701,988,1500,1500,1500,1500,1500,1500,1500,1500,1500,1500,1500,1500,1500,1500,1500,1500,1500,1500,1500,1500,1500,1500,7.3
2026-08-08,13:33:45.700,13.0,0.5,-66,-78,100,12,0,8,10,-65,100,10,11.8,0.0,0,0,6,3,-1024,-34,8,-1024,-3,-560,-660,-1,0,-1,-1,-1,1,0,-1,0x0000000000000000,1514,1429,1523,1514,2012,1525,1515,1260,1701,988,1500,1500,1500,1500,1500,1500,1500,1500,1500,1500,1500,1500,1500,1500,1500,1500,1500,1500,1500,1500,1500,1500,7.3
2026-08-08,13:33:46.200,13.1,0.3,-68,-80,100,11,0,8,10,-66,100,10,11.8,0.0,0,0,6,-84,-1024,-80,8,-1024,-3,-560,-659,-1,0,-1,-1,-1,1,0,-1,0x0000000000000000,1514,1450,1510,1506,2012,1512,1507,1260,1701,988,1500,1500,1500,1500,1500,1500,1500,1500,1500,1500,1500,1500,1500,1500,1500,1500,1500,1500,1500,1500,1500,1500,7.3
2026-08-08,13:33:46.700,13.3,0.6,-67,-84,98,10,0,8,10,-58,100,11,11.9,0.0,0,0,6,1,-1024,-7,8,-1024,-3,-560,-660,-1,0,-1,-1,-1,1,0,-1,0x0000000000000000,1514,1429,1530,1518,2012,1533,1520,1260,1701,988,1500,1500,1500,1500,1500,1500,1500,1500,1500,1500,1500,1500,1500,1500,1500,1500,1500,1500,1500,1500,1500,1500,7.3
2026-08-08,13:33:47.200,13.3,-0.3,-66,-84,100,12,0,8,10,-63,100,9,11.9,0.0,0,0,6,4,-1024,-5,8,-1024,-3,-560,-660,-1,0,-1,-1,-1,1,0,-1,0x0000000000000000,1514,1429,1530,1518,2012,1534,1520,1260,1701,988,1500,1500,1500,1500,1500,1500,1500,1500,1500,1500,1500,1500,1500,1500,1500,1500,1500,1500,1500,1500,1500,1500,7.3
2026-08-08,13:33:47.700,13.9,0.6,-66,-84,100,10,0,8,10,-61,100,10,11.9,0.0,0,0,6,1,-1024,852,8,-1024,-3,-560,-660,-1,0,-1,-1,-1,1,0,-1,0x0000000000000000,1514,1429,1760,1658,2012,1789,1670,1260,1701,988,1500,1500,1500,1500,1500,1500,1500,1500,1500,1500,1500,1500,1500,1500,1500,1500,1500,1500,1500,1500,1500,1500,7.3
2026-08-08,13:33:48.200,14.2,0.5,-68,-84,100,11,0,8,10,-66,100,10,11.9,0.0,0,0,6,-25,-1024,700,8,-1024,-3,-560,-659,-1,0,-1,-1,-1,1,0,-1,0x0000000000000000,1514,1436,1719,1634,2012,1744,1643,1260,1701,988,1500,1500,1500,1500,1500,1500,1500,1500,1500,1500,1500,1500,1500,1500,1500,1500,1500,1500,1500,1500,1500,1500,7.3
2026-08-08,13:33:48.700,14.1,0.0,-66,-84,100,10,0,8,10,-56,100,11,11.9,0.0,0,0,10,-74,-1024,358,8,-1024,-3,-560,-660,-1,0,-1,-1,-1,1,0,-1,0x0000000000000000,1515,1448,1628,1578,2012,1642,1584,1260,1701,988,1500,1500,1500,1500,1500,1500,1500,1500,1500,1500,1500,1500,1500,1500,1500,1500,1500,1500,1500,1500,1500,1500,7.3
2026-08-08,13:33:49.200,13.7,-0.9,-66,-84,100,11,0,8,10,-65,100,10,11.9,0.0,0,0,368,-158,-1024,347,8,-1024,-3,-560,-659,-1,0,-1,-1,-1,1,0,-1,0x0000000000000000,1613,1465,1630,1579,2012,1644,1585,1260,1701,988,1500,1500,1500,1500,1500,1500,1500,1500,1500,1500,1500,1500,1500,1500,1500,1500,1500,1500,1500,1500,1500,1500,7.3
2026-08-08,13:33:49.700,13.4,-0.6,-64,-84,100,10,0,8,10,-64,100,10,11.9,0.0,0,0,288,-483,-1024,225,8,-1024,-4,-560,-660,-1,0,-1,-1,-1,1,0,-1,0x0000000000000000,1589,1569,1592,1556,2012,1603,1560,1260,1701,988,1500,1500,1500,1500,1500,1500,1500,1500,1500,1500,1500,1500,1500,1500,1500,1500,1500,1500,1500,1500,1500,1500,7.3
2026-08-08,13:33:50.200,12.7,-1.6,-69,-68,100,11,1,8,10,-62,100,11,11.9,0.0,0,0,33,-585,-1024,-383,9,-1024,-4,-560,-659,-1,0,-1,-1,-1,1,0,-1,0x0000000000000000,1521,1605,1439,1461,2012,1421,1454,1260,1701,988,1500,1500,1500,1500,1500,1500,1500,1500,1500,1500,1500,1500,1500,1500,1500,1500,1500,1500,1500,1500,1500,1500,7.3
2026-08-08,13:33:50.700,12.7,-0.4,-69,-64,100,11,1,8,10,-58,100,11,11.9,0.0,0,0,250,-822,-1024,-4,8,-1024,-4,-560,-660,-1,0,-1,-1,-1,1,0,-1,0x0000000000000000,1579,1704,1531,1519,2012,1534,1520,1260,1701,988,1500,1500,1500,1500,1500,1500,1500,1500,1500,1500,1500,1500,1500,1500,1500,1500,1500,1500,1500,1500,1500,1500,7.3
2026-08-08,13:33:51.200,12.1,-0.7,-69,-66,100,11,1,8,10,-76,100,10,11.9,0.0,0,0,127,-506,-1024,-154,8,-1024,-4,-560,-660,-1,0,-1,-1,-1,1,0,-1,0x0000000000000000,1545,1577,1492,1495,2012,1490,1494,1260,1701,988,1500,1500,1500,1500,1500,1500,1500,1500,1500,1500,1500,1500,1500,1500,1500,1500,1500,1500,1500,1500,1500,1500,7.3
2026-08-08,13:33:51.700,12.9,1.0,-57,-69,100,12,0,8,10,-51,100,12,11.9,0.0,0,0,217,-575,-1024,-164,8,-1024,-3,-560,-660,-1,0,-1,-1,-1,1,0,-1,0x0000000000000000,1570,1602,1490,1494,2012,1487,1492,1260,1701,988,1500,1500,1500,1500,1500,1500,1500,1500,1500,1500,1500,1500,1500,1500,1500,1500,1500,1500,1500,1500,1500,1500,7.3
2026-08-08,13:33:52.200,14.2,2.4,-61,-69,100,11,0,8,10,-58,100,10,11.9,0.0,0,0,216,-536,-1024,-127,8,-1024,-3,-560,-660,-1,0,-1,-1,-1,1,0,-1,0x0000000000000000,1569,1588,1499,1499,2012,1498,1499,1260,1701,988,1500,1500,1500,1500,1500,1500,1500,1500,1500,1500,1500,1500,1500,1500,1500,1500,1500,1500,1500,1500,1500,1500,7.3
2026-08-08,13:33:52.700,15.0,1.6,-60,-69,100,11,0,8,10,-61,100,10,11.9,0.0,0,0,194,-613,-1024,-151,8,-1024,-3,-560,-659,-1,0,-1,-1,-1,1,0,-1,0x0000000000000000,1563,1617,1493,1496,2012,1491,1495,1260,1701,988,1500,1500,1500,1500,1500,1500,1500,1500,1500,1500,1500,1500,1500,1500,1500,1500,1500,1500,1500,1500,1500,1500,7.3
2026-08-08,13:33:53.200,14.5,-0.5,-65,-69,100,10,0,8,10,-61,100,10,11.9,0.0,0,0,445,-716,-1024,-5,8,-1024,-4,-560,-660,-1,0,-1,-1,-1,1,0,-1,0x0000000000000000,1636,1658,1530,1518,2012,1534,1520,1260,1701,988,1500,1500,1500,1500,1500,1500,1500,1500,1500,1500,1500,1500,1500,1500,1500,1500,1500,1500,1500,1500,1500,1500,7.3
2026-08-08,13:33:53.700,13.7,-1.5,-71,-72,100,9,1,8,10,-65,100,10,11.9,0.0,0,0,483,-755,-1024,-2,8,-1024,-3,-560,-660,-1,0,-1,-1,-1,1,0,-1,0x0000000000000000,1648,1674,1532,1519,2012,1535,1521,1260,1701,988,1500,1500,1500,1500,1500,1500,1500,1500,1500,1500,1500,1500,1500,1500,1500,1500,1500,1500,1500,1500,1500,1500,7.3
2026-08-08,13:33:54.200,12.5,-1.9,-71,-71,100,10,1,8,10,-66,100,10,11.9,0.0,0,0,474,-682,-1024,-12,8,-1024,-3,-560,-659,-1,0,-1,-1,-1,1,0,-1,0x0000000000000000,1645,1643,1529,1517,2012,1532,1519,1260,1701,988,1500,1500,1500,1500,1500,1500,1500,1500,1500,1500,1500,1500,1500,1500,1500,1500,1500,1500,1500,1500,1500,1500,7.3
2026-08-08,13:33:54.700,12.2,-0.3,-64,-75,100,10,0,8,10,-58,100,12,11.8,0.0,0,0,436,-643,-1024,-3,8,-1024,-4,-560,-660,-1,0,-1,-1,-1,1,0,-1,0x0000000000000000,1633,1628,1531,1519,2012,1535,1520,1260,1701,988,1500,1500,1500,1500,1500,1500,1500,1500,1500,1500,1500,1500,1500,1500,1500,1500,1500,1500,1500,1500,1500,1500,7.3
2026-08-08,13:33:55.200,12.5,0.3,-66,-75,100,10,0,8,10,-65,100,11,11.8,0.0,0,0,483,-673,-1024,78,8,-1024,-4,-560,-660,-1,0,-1,-1,-1,1,0,-1,0x0000000000000000,1648,1640,1553,1532,2012,1559,1535,1260,1701,988,1500,1500,1500,1500,1500,1500,1500,1500,1500,1500,1500,1500,1500,1500,1500,1500,1500,1500,1500,1500,1500,1500,7.3
2026-08-08,13:33:55.700,12.8,0.3,-69,-67,100,11,1,8,10,-60,100,10,11.9,0.0,0,0,390,-660,-1024,196,8,-1024,-4,-560,-660,-1,0,-1,-1,-1,1,0,-1,0x0000000000000000,1619,1635,1584,1551,2012,1594,1555,1260,1701,988,1500,1500,1500,1500,1500,1500,1500,1500,1500,1500,1500,1500,1500,1500,1500,1500,1500,1500,1500,1500,1500,1500,7.3
2026-08-08,13:33:56.200,12.7,-0.2,-69,-62,100,11,1,8,10,-54,100,11,11.9,0.0,0,0,419,-867,-1024,139,8,-1024,-3,-560,-659,-1,0,-1,-1,-1,1,0,-1,0x0000000000000000,1628,1725,1569,1542,2012,1577,1545,1260,1701,988,1500,1500,1500,1500,1500,1500,1500,1500,1500,1500,1500,1500,1500,1500,1500,1500,1500,1500,1500,1500,1500,1500,7.3
2026-08-08,13:33:56.700,11.4,-1.9,-58,-68,100,11,0,8,10,-54,100,11,11.9,0.0,0,0,367,-931,-1024,19,8,-1024,-3,-560,-660,-1,0,-1,-1,-1,1,0,-1,0x0000000000000000,1612,1757,1537,1522,2012,1541,1524,1260,1701,988,1500,1500,1500,1500,1500,1500,1500,1500,1500,1500,1500,1500,1500,1500,1500,1500,1500,1500,1500,1500,1500,1500,7.3
2026-08-08,13:33:57.200,9.9,-2.4,-66,-70,100,12,0,8,10,-61,100,10,11.9,0.0,0,0,3,-908,-1024,-4,8,-1024,-3,-560,-660,-1,0,-1,-1,-1,1,0,-1,0x0000000000000000,1512,1745,1531,1519,2012,1534,1520,1260,1701,988,1500,1500,1500,1500,1500,1500,1500,1500,1500,1500,1500,1500,1500,1500,1500,1500,1500,1500,1500,1500,1500,1500,7.3
2026-08-08,13:33:57.700,9.4,-1.0,-61,-79,99,11,0,8,10,-64,96,11,11.9,0.0,0,0,6,3,-1024,-11,8,-1024,-3,-560,-660,-1,0,-1,-1,-1,1,0,-1,0x0000000000000000,1514,1429,1529,1517,2012,1532,1519,1260,1701,988,1500,1500,1500,1500,1500,1500,1500,1500,1500,1500,1500,1500,1500,1500,1500,1500,1500,1500,1500,1500,1500,1500,7.3
2026-08-08,13:33:58.200,10.1,0.3,-64,-71,99,11,0,8,10,-64,100,11,11.9,0.0,0,0,6,-788,-1024,-137,8,-1024,-3,-560,-660,-1,0,-1,-1,-1,1,0,-1,0x0000000000000000,1514,1689,1496,1498,2012,1495,1497,1260,1701,988,1500,1500,1500,1500,1500,1500,1500,1500,1500,1500,1500,1500,1500,1500,1500,1500,1500,1500,1500,1500,1500,1500,7.3
2026-08-08,13:33:58.700,9.8,0.6,-66,-71,100,11,0,8,10,-59,100,9,11.8,0.0,0,0,5,-1,-1024,-9,8,-1024,-3,-560,-660,-1,0,-1,-1,-1,1,0,-1,0x0000000000000000,1513,1430,1530,1518,2012,1533,1519,1260,1701,988,1500,1500,1500,1500,1500,1500,1500,1500,1500,1500,1500,1500,1500,1500,1500,1500,1500,1500,1500,1500,1500,1500,7.3
2026-08-08,13:33:59.200,11.0,1.0,-59,-71,100,10,0,8,10,-52,100,12,11.8,0.0,0,0,6,-360,-1024,-325,8,-1024,-3,-560,-660,-1,0,-1,-1,-1,1,0,-1,0x0000000000000000,1514,1529,1452,1469,2012,1438,1464,1260,1701,988,1500,1500,1500,1500,1500,1500,1500,1500,1500,1500,1500,1500,1500,1500,1500,1500,1500,1500,1500,1500,1500,1500,7.3
2026-08-08,13:33:59.700,10.0,-0.5,-62,-71,100,11,0,8,10,-57,100,11,11.9,0.0,0,0,6,-101,-1024,-540,8,-1024,-3,-560,-660,-1,0,-1,-1,-1,1,0,-1,0x0000000000000000,1514,1454,1402,1437,2012,1374,1427,1260,1701,988,1500,1500,1500,1500,1500,1500,1500,1500,1500,1500,1500,1500,1500,1500,1500,1500,1500,1500,1500,1500,1500,1500,7.3
2026-08-08,13:34:00.200,10.8,1.5,-66,-82,100,11,0,8,10,-63,100,10,11.9,0.0,0,0,5,0,-1024,-693,9,-1024,-3,-560,-659,-1,0,-1,-1,-1,1,0,-1,0x0000000000000000,1513,1429,1366,1414,2012,1328,1400,1260,1701,988,1500,1500,1500,1500,1500,1500,1500,1500,1500,1500,1500,1500,1500,1500,1500,1500,1500,1500,1500,1500,1500,1500,7.3
2026-08-08,13:34:00.700,11.1,0.9,-65,-82,100,11,0,8,10,-57,100,10,11.8,0.0,0,0,6,4,-1024,-6,8,-1024,-4,-560,-660,-1,0,-1,-1,-1,1,0,-1,0x0000000000000000,1514,1429,1530,1518,2012,1534,1520,1260,1701,988,1500,1500,1500,1500,1500,1500,1500,1500,1500,1500,1500,1500,1500,1500,1500,1500,1500,1500,1500,1500,1500,1500,7.3
2026-08-08,13:34:01.200,12.1,1.5,-64,-82,100,10,0,8,10,-56,100,10,11.8,0.0,0,0,6,4,-1024,-5,8,-1024,-3,-560,-659,-1,0,-1,-1,-1,1,0,-1,0x0000000000000000,1514,1429,1530,1518,2012,1534,1520,1260,1701,988,1500,1500,1500,1500,1500,1500,1500,1500,1500,1500,1500,1500,1500,1500,1500,1500,1500,1500,1500,1500,1500,1500,7.3
2026-08-08,13:34:01.700,13.0,2.2,-62,-82,100,11,0,8,10,-55,100,10,11.9,0.0,0,0,5,3,-1024,-7,8,-1024,-3,-560,-660,-1,0,-1,-1,-1,1,0,-1,0x0000000000000000,1513,1429,1530,1518,2012,1533,1520,1260,1701,988,1500,1500,1500,1500,1500,1500,1500,1500,1500,1500,1500,1500,1500,1500,1500,1500,1500,1500,1500,1500,1500,1500,7.3
2026-08-08,13:34:02.200,13.8,1.8,-67,-67,100,11,1,8,10,-56,100,11,11.9,0.0,0,0,5,4,-1024,-5,8,-1024,-3,-560,-660,-1,0,-1,-1,-1,1,0,-1,0x0000000000000000,1513,1429,1530,1518,2012,1534,1520,1260,1701,988,1500,1500,1500,1500,1500,1500,1500,1500,1500,1500,1500,1500,1500,1500,1500,1500,1500,1500,1500,1500,1500,1500,7.3
2026-08-08,13:34:02.700,14.4,0.8,-67,-63,100,11,1,8,10,-58,100,11,11.9,0.0,0,0,6,0,-1024,69,8,-1024,-3,-560,-660,-1,0,-1,-1,-1,1,0,-1,0x0000000000000000,1514,1429,1550,1531,2012,1556,1533,1260,1701,988,1500,1500,1500,1500,1500,1500,1500,1500,1500,1500,1500,1500,1500,1500,1500,1500,1500,1500,1500,1500,1500,1500,7.3
2026-08-08,13:34:03.200,13.6,-1.1,-65,-66,99,11,0,8,10,-58,96,11,11.9,0.0,0,0,6,-4,-1024,63,8,-1024,-3,-560,-659,-1,0,-1,-1,-1,1,0,-1,0x0000000000000000,1514,1430,1549,1530,2012,1554,1532,1260,1701,988,1500,1500,1500,1500,1500,1500,1500,1500,1500,1500,1500,1500,1500,1500,1500,1500,1500,1500,1500,1500,1500,1500,7.3
2026-08-08,13:34:03.700,12.5,-1.7,-57,-66,99,11,0,8,10,-52,100,12,11.9,0.0,0,0,7,-6,-1024,105,8,-1024,-4,-560,-660,-1,0,-1,-1,-1,1,0,-1,0x0000000000000000,1514,1431,1560,1537,2012,1567,1539,1260,1701,988,1500,1500,1500,1500,1500,1500,1500,1500,1500,1500,1500,1500,1500,1500,1500,1500,1500,1500,1500,1500,1500,1500,7.3
2026-08-08,13:34:04.200,11.7,-1.8,-54,-66,100,11,0,8,10,-50,100,10,11.9,0.0,0,0,6,-2,-1024,82,8,-1024,-4,-560,-660,-1,0,-1,-1,-1,1,0,-1,0x0000000000000000,1514,1430,1554,1533,2012,1560,1535,1260,1701,988,1500,1500,1500,1500,1500,1500,1500,1500,1500,1500,1500,1500,1500,1500,1500,1500,1500,1500,1500,1500,1500,1500,7.3
2026-08-08,13:34:04.700,11.2,-1.4,-55,-66,100,12,0,8,10,-51,100,11,11.9,0.0,0,0,6,2,-1024,-3,8,-1024,-3,-560,-660,-1,0,-1,-1,-1,1,0,-1,0x0000000000000000,1514,1429,1531,1519,2012,1535,1520,1260,1701,988,1500,1500,1500,1500,1500,1500,1500,1500,1500,1500,1500,1500,1500,1500,1500,1500,1500,1500,1500,1500,1500,1500,7.3
2026-08-08,13:34:05.200,10.9,-1.1,-59,-66,100,11,0,8,10,-52,100,11,11.9,0.0,0,0,10,2,-1024,-62,8,-1024,-3,-560,-660,-1,0,-1,-1,-1,1,0,-1,0x0000000000000000,1514,1429,1515,1509,2012,1517,1510,1260,1701,988,1500,1500,1500,1500,1500,1500,1500,1500,1500,1500,1500,1500,1500,1500,1500,1500,1500,1500,1500,1500,1500,1500,7.3
2026-08-08,13:34:05.700,9.8,-2.1,-65,-70,100,12,0,8,10,-55,100,11,11.9,0.0,0,0,-281,-44,-1024,-450,9,-1024,-3,-560,-660,-1,0,-1,-1,-1,1,0,-1,0x0000000000000000,1437,1440,1423,1451,2012,1401,1442,1260,1701,988,1500,1500,1500,1500,1500,1500,1500,1500,1500,1500,1500,1500,1500,1500,1500,1500,1500,1500,1500,1500,1500,1500,7.3
2026-08-08,13:34:06.200,9.0,-2.1,-63,-70,100,10,0,8,10,-61,100,11,11.9,0.0,0,0,-653,-32,-1024,-4,8,-1024,-4,-560,-660,-1,0,-1,-1,-1,1,0,-1,0x0000000000000000,1318,1437,1531,1519,2012,1534,1520,1260,1701,988,1500,1500,1500,1500,1500,1500,1500,1500,1500,1500,1500,1500,1500,1500,1500,1500,1500,1500,1500,1500,1500,1500,7.3
2026-08-08,13:34:06.700,9.5,0.7,-68,-70,100,11,0,8,10,-66,96,10,11.9,0.0,0,0,-672,1,-1024,-9,8,-1024,-3,-560,-660,-1,0,-1,-1,-1,1,0,-1,0x0000000000000000,1311,1429,1530,1518,2012,1533,1519,1260,1701,988,1500,1500,1500,1500,1500,1500,1500,1500,1500,1500,1500,1500,1500,1500,1500,1500,1500,1500,1500,1500,1500,1500,7.3
2026-08-08,13:34:07.200,9.6,1.0,-73,-74,99,10,0,8,10,-72,100,12,11.8,0.0,0,0,5,-251,-1024,172,8,-1024,-3,-560,-660,-1,0,-1,-1,-1,1,0,-1,0x0000000000000000,1513,1496,1578,1547,2012,1586,1551,1260,1701,988,1500,1500,1500,1500,1500,1500,1500,1500,1500,1500,1500,1500,1500,1500,1500,1500,1500,1500,1500,1500,1500,1500,7.3
2026-08-08,13:34:07.700,9.8,0.3,-75,-72,100,11,1,8,10,-65,100,11,11.8,0.0,0,0,-425,-282,-1024,243,8,-1024,-3,-560,-660,-1,0,-1,-1,-1,1,0,-1,0x0000000000000000,1394,1505,1597,1559,2012,1608,1563,1260,1701,988,1500,1500,1500,1500,1500,1500,1500,1500,1500,1500,1500,1500,1500,1500,1500,1500,1500,1500,1500,1500,1500,1500,7.3
2026-08-08,13:34:08.200,10.4,1.2,-67,-73,99,11,0,8,10,-57,96,10,11.9,0.0,0,0,0,3,-1024,-4,8,-1024,-3,-560,-660,-1,0,-1,-1,-1,1,0,-1,0x0000000000000000,1512,1429,1531,1519,2012,1534,1520,1260,1701,988,1500,1500,1500,1500,1500,1500,1500,1500,1500,1500,1500,1500,1500,1500,1500,1500,1500,1500,1500,1500,1500,1500,7.3
2026-08-08,13:34:08.700,10.6,0.5,-66,-73,99,11,0,8,10,-58,100,12,11.9,0.0,0,0,-79,-419,-1024,-10,8,-1024,-3,-560,-660,-1,0,-1,-1,-1,1,0,-1,0x0000000000000000,1492,1548,1529,1518,2012,1532,1519,1260,1701,988,1500,1500,1500,1500,1500,1500,1500,1500,1500,1500,1500,1500,1500,1500,1500,1500,1500,1500,1500,1500,1500,1500,7.3
2026-08-08,13:34:09.200,10.1,-0.5,-70,-78,97,11,0,8,10,-65,88,11,11.9,0.0,0,0,-388,-399,-1024,114,8,-1024,-3,-560,-659,-1,0,-1,-1,-1,1,0,-1,0x0000000000000000,1405,1541,1563,1538,2012,1569,1541,1260,1701,988,1500,1500,1500,1500,1500,1500,1500,1500,1500,1500,1500,1500,1500,1500,1500,1500,1500,1500,1500,1500,1500,1500,7.3
2026-08-08,13:34:09.700,10.2,0.2,-67,-78,97,11,0,8,10,-61,100,11,11.9,0.0,0,0,5,-225,-1024,494,8,-1024,-3,-560,-660,-1,0,-1,-1,-1,1,0,-1,0x0000000000000000,1513,1488,1664,1600,2012,1682,1607,1260,1701,988,1500,1500,1500,1500,1500,1500,1500,1500,1500,1500,1500,1500,1500,1500,1500,1500,1500,1500,1500,1500,1500,1500,7.3
2026-08-08,13:34:10.200,10.0,-0.4,-64,-78,100,11,0,8,10,-60,100,11,11.9,0.0,0,0,-309,-399,-1024,134,8,-1024,-3,-560,-660,-1,0,-1,-1,-1,1,0,-1,0x0000000000000000,1429,1541,1568,1541,2012,1575,1544,1260,1701,988,1500,1500,1500,1500,1500,1500,1500,1500,1500,1500,1500,1500,1500,1500,1500,1500,1500,1500,1500,1500,1500,1500,7.3
2026-08-08,13:34:10.700,9.7,-0.6,-64,-53,99,10,1,8,10,-67,100,12,11.9,0.0,0,0,-470,-394,-1024,187,8,-1024,-4,-560,-659,-1,0,-1,-1,-1,1,0,-1,0x0000000000000000,1380,1540,1582,1550,2012,1591,1554,1260,1701,988,1500,1500,1500,1500,1500,1500,1500,1500,1500,1500,1500,1500,1500,1500,1500,1500,1500,1500,1500,1500,1500,1500,7.3
2026-08-08,13:34:11.200,9.1,-0.9,-77,-84,98,11,0,8,25,-78,100,10,11.9,0.0,0,0,6,-433,-1024,-91,8,-1024,-3,-560,-660,-1,0,-1,-1,-1,1,0,-1,0x0000000000000000,1514,1552,1507,1504,2012,1508,1505,1260,1701,988,1500,1500,1500,1500,1500,1500,1500,1500,1500,1500,1500,1500,1500,1500,1500,1500,1500,1500,1500,1500,1500,1500,7.3
2026-08-08,13:34:11.700,8.0,-2.3,-73,-87,99,12,0,8,10,-63,96,12,11.9,0.0,0,0,4,-877,-1024,139,8,-1024,-3,-560,-659,-1,0,-1,-1,-1,1,0,-1,0x0000000000000000,1513,1730,1569,1542,2012,1577,1545,1260,1701,988,1500,1500,1500,1500,1500,1500,1500,1500,1500,1500,1500,1500,1500,1500,1500,1500,1500,1500,1500,1500,1500,1500,7.3
2026-08-08,13:34:12.200,6.9,-1.9,-70,-87,100,10,0,8,10,-66,100,11,11.9,0.0,0,0,4,-642,-1024,-153,8,-1024,-3,-560,-660,-1,0,-1,-1,-1,1,0,-1,0x0000000000000000,1513,1628,1493,1495,2012,1490,1494,1260,1701,988,1500,1500,1500,1500,1500,1500,1500,1500,1500,1500,1500,1500,1500,1500,1500,1500,1500,1500,1500,1500,1500,1500,7.3
2026-08-08,13:34:12.700,6.6,-0.7,-77,-78,100,10,0,8,10,-73,100,10,11.9,0.0,0,0,-50,-167,268,-97,8,-1024,-4,-560,-660,-1,0,-1,-1,-1,1,0,-1,0x0000000000000000,1499,1428,1506,1503,2012,1507,1504,1260,1701,1608,1500,1500,1500,1500,1500,1500,1500,1500,1500,1500,1500,1500,1500,1500,1500,1500,1500,1500,1500,1500,1500,1500,7.3
2026-08-08,13:34:13.200,7.3,1.5,-73,-75,97,10,0,8,10,-72,96,10,11.8,0.0,0,0,53,-656,-4,-3,8,-1024,-3,-560,-660,-1,0,-1,-1,-1,1,0,-1,0x0000000000000000,1526,1594,1531,1519,2012,1535,1520,1260,1701,1479,1500,1500,1500,1500,1500,1500,1500,1500,1500,1500,1500,1500,1500,1500,1500,1500,1500,1500,1500,1500,1500,1500,7.3
2026-08-08,13:34:13.700,8.8,3.4,-75,-75,100,11,0,8,10,-63,100,11,11.8,0.0,0,0,5,-7,-1024,197,8,-1024,-4,-560,-660,-1,0,-1,-1,-1,1,0,-1,0x0000000000000000,1513,1431,1585,1552,2012,1594,1555,1260,1701,988,1500,1500,1500,1500,1500,1500,1500,1500,1500,1500,1500,1500,1500,1500,1500,1500,1500,1500,1500,1500,1500,1500,7.3
2026-08-08,13:34:14.200,9.8,1.8,-66,-75,100,11,0,8,10,-56,100,12,11.8,0.0,0,0,5,-153,-1024,-5,8,-1024,-4,-560,-660,-1,0,-1,-1,-1,1,0,-1,0x0000000000000000,1513,1467,1530,1518,2012,1534,1520,1260,1701,988,1500,1500,1500,1500,1500,1500,1500,1500,1500,1500,1500,1500,1500,1500,1500,1500,1500,1500,1500,1500,1500,1500,7.3
2026-08-08,13:34:14.700,9.4,-0.6,-66,-75,100,11,0,8,10,-61,100,12,11.8,0.0,0,0,-9,-458,-1024,818,8,-1024,-3,-560,-660,-1,0,-1,-1,-1,1,0,-1,0x0000000000000000,1509,1560,1751,1653,2012,1779,1664,1260,1701,988,1500,1500,1500,1500,1500,1500,1500,1500,1500,1500,1500,1500,1500,1500,1500,1500,1500,1500,1500,1500,1500,1500,7.3
2026-08-08,13:34:15.200,8.2,-2.2,-87,-74,99,10,1,8,10,-67,100,11,11.8,0.0,0,0,6,-1024,-1024,243,8,-1024,-3,-560,-660,-1,0,-1,-1,-1,1,0,-1,0x0000000000000000,1514,1807,1597,1559,2012,1608,1563,1260,1701,988,1500,1500,1500,1500,1500,1500,1500,1500,1500,1500,1500,1500,1500,1500,1500,1500,1500,1500,1500,1500,1500,1500,7.3
2026-08-08,13:34:15.700,6.7,-2.7,-87,-72,100,11,1,8,10,-66,100,10,11.8,0.0,0,0,6,-237,-1024,57,8,-1024,-4,-560,-660,-1,0,-1,-1,-1,1,0,-1,0x0000000000000000,1514,1492,1547,1529,2012,1552,1531,1260,1701,988,1500,1500,1500,1500,1500,1500,1500,1500,1500,1500,1500,1500,1500,1500,1500,1500,1500,1500,1500,1500,1500,1500,7.3
2026-08-08,13:34:16.200,5.9,-2.0,-87,-70,100,11,1,8,10,-65,100,11,11.8,0.0,0,0,7,1,-1024,789,8,-1024,-3,-560,-660,-1,0,-1,-1,-1,1,0,-1,0x0000000000000000,1514,1429,1743,1648,2012,1770,1659,1260,1701,988,1500,1500,1500,1500,1500,1500,1500,1500,1500,1500,1500,1500,1500,1500,1500,1500,1500,1500,1500,1500,1500,1500,7.3
2026-08-08,13:34:16.700,6.2,-0.1,-87,-74,100,10,1,8,10,-71,100,11,11.8,0.0,0,0,5,0,-1024,11,8,-1024,-3,-560,-659,-1,0,-1,-1,-1,1,0,-1,0x0000000000000000,1513,1429,1535,1521,2012,1539,1523,1260,1701,988,1500,1500,1500,1500,1500,1500,1500,1500,1500,1500,1500,1500,1500,1500,1500,1500,1500,1500,1500,1500,1500,1500,7.3
2026-08-08,13:34:17.200,6.4,-0.3,-87,-69,100,12,1,8,10,-59,100,10,11.9,0.0,0,0,5,0,-1024,-7,8,-1024,-4,-560,-660,-1,0,-1,-1,-1,1,0,-1,0x0000000000000000,1513,1429,1530,1518,2012,1533,1520,1260,1701,988,1500,1500,1500,1500,1500,1500,1500,1500,1500,1500,1500,1500,1500,1500,1500,1500,1500,1500,1500,1500,1500,1500,7.3
2026-08-08,13:34:17.700,6.8,0.3,-71,-74,100,11,0,8,10,-65,100,9,11.9,0.0,0,0,5,-76,-1024,-228,8,-1024,-4,-560,-659,-1,0,-1,-1,-1,1,0,-1,0x0000000000000000,1513,1448,1475,1484,2012,1468,1481,1260,1701,988,1500,1500,1500,1500,1500,1500,1500,1500,1500,1500,1500,1500,1500,1500,1500,1500,1500,1500,1500,1500,1500,1500,7.3
2026-08-08,13:34:18.200,6.6,-0.4,-68,-74,100,11,0,8,10,-58,100,10,11.9,0.0,0,0,5,-137,-1024,-356,8,-1024,-3,-560,-659,-1,0,-1,-1,-1,1,0,-1,0x0000000000000000,1513,1463,1445,1465,2012,1429,1459,1260,1701,988,1500,1500,1500,1500,1500,1500,1500,1500,1500,1500,1500,1500,1500,1500,1500,1500,1500,1500,1500,1500,1500,1500,7.3
2026-08-08,13:34:18.700,7.3,1.0,-63,-74,100,11,0,8,10,-56,100,11,11.9,0.0,0,0,8,0,-1024,-5,8,-1024,-3,-560,-660,-1,0,-1,-1,-1,1,0,-1,0x0000000000000000,1514,1429,1530,1518,2012,1534,1520,1260,1701,988,1500,1500,1500,1500,1500,1500,1500,1500,1500,1500,1500,1500,1500,1500,1500,1500,1500,1500,1500,1500,1500,1500,7.3
2026-08-08,13:34:19.200,7.4,0.4,-63,-74,100,11,0,8,10,-63,100,11,11.8,0.0,0,0,5,1,-1024,-3,8,-1024,-4,-560,-660,-1,0,-1,-1,-1,1,0,-1,0x0000000000000000,1513,1429,1531,1519,2012,1535,1520,1260,1701,988,1500,1500,1500,1500,1500,1500,1500,1500,1500,1500,1500,1500,1500,1500,1500,1500,1500,1500,1500,1500,1500,1500,7.3
2026-08-08,13:34:19.700,7.4,0.0,-92,-76,100,11,1,8,10,-61,100,12,11.8,0.0,0,0,5,1,-1024,37,8,-1024,-3,-560,-660,-1,0,-1,-1,-1,1,0,-1,0x0000000000000000,1513,1429,1542,1525,2012,1546,1527,1260,1701,988,1500,1500,1500,1500,1500,1500,1500,1500,1500,1500,1500,1500,1500,1500,1500,1500,1500,1500,1500,1500,1500,1500,7.3
2026-08-08,13:34:20.200,7.0,-0.4,-92,-69,100,11,1,8,10,-61,100,10,11.9,0.0,0,0,15,1,-1024,-193,9,-1024,-4,-560,-660,-1,0,-1,-1,-1,1,0,-1,0x0000000000000000,1516,1429,1483,1489,2012,1478,1487,1260,1701,988,1500,1500,1500,1500,1500,1500,1500,1500,1500,1500,1500,1500,1500,1500,1500,1500,1500,1500,1500,1500,1500,1500,7.3
2026-08-08,13:34:20.700,7.6,1.3,-92,-72,100,11,1,8,10,-65,100,11,11.9,0.0,0,0,5,-186,-1024,-1024,9,-1024,-3,-560,-659,-1,0,-1,-1,-1,1,0,-1,0x0000000000000000,1513,1477,1288,1365,2012,1228,1342,1260,1701,988,1500,1500,1500,1500,1500,1500,1500,1500,1500,1500,1500,1500,1500,1500,1500,1500,1500,1500,1500,1500,1500,1500,7.3
2026-08-08,13:34:21.200,8.3,1.4,-66,-76,100,11,0,8,10,-59,100,11,11.8,0.0,0,0,5,3,-1024,-56,8,-1024,-3,-560,-659,-1,0,-1,-1,-1,1,0,-1,0x0000000000000000,1513,1429,1514,1508,2012,1515,1509,1260,1701,988,1500,1500,1500,1500,1500,1500,1500,1500,1500,1500,1500,1500,1500,1500,1500,1500,1500,1500,1500,1500,1500,1500,7.3
2026-08-08,13:34:21.700,8.8,1.2,-64,-76,100,11,0,8,10,-54,100,11,11.8,0.0,0,0,18,3,-1024,-5,8,-1024,-4,-560,-660,-1,0,-1,-1,-1,1,0,-1,0x0000000000000000,1517,1429,1530,1518,2012,1534,1520,1260,1701,988,1500,1500,1500,1500,1500,1500,1500,1500,1500,1500,1500,1500,1500,1500,1500,1500,1500,1500,1500,1500,1500,1500,7.3
2026-08-08,13:34:22.200,9.2,0.6,-68,-76,100,12,0,8,10,-66,100,10,11.8,0.0,0,0,6,-30,-1024,-131,8,-1024,-3,-560,-660,-1,0,-1,-1,-1,1,0,-1,0x0000000000000000,1514,1440,1485,1491,2012,1481,1489,1260,1701,988,1500,1500,1500,1500,1500,1500,1500,1500,1500,1500,1500,1500,1500,1500,1500,1500,1500,1500,1500,1500,1500,1500,7.3
2026-08-08,13:34:22.700,8.4,-1.1,-82,-71,99,11,1,8,10,-65,100,10,11.8,0.0,0,0,5,-3,-1024,-52,8,-1024,-4,-561,-660,-1,0,-1,-1,-1,1,0,-1,0x0000000000000000,1513,1430,1518,1511,2012,1520,1512,1260,1701,988,1500,1500,1500,1500,1500,1500,1500,1500,1500,1500,1500,1500,1500,1500,1500,1500,1500,1500,1500,1500,1500,1500,7.3
2026-08-08,13:34:23.200,7.9,-1.6,-73,-75,100,10,0,8,10,-71,100,11,11.8,0.0,0,0,136,-436,-1019,-215,8,-1024,-4,-560,-659,-1,0,-1,-1,-1,1,0,-1,0x0000000000000000,1548,1553,1478,1486,2012,1471,1483,1260,1701,988,1500,1500,1500,1500,1500,1500,1500,1500,1500,1500,1500,1500,1500,1500,1500,1500,1500,1500,1500,1500,1500,1500,7.3
2026-08-08,13:34:23.700,7.5,-0.5,-74,-75,100,12,0,8,10,-63,100,12,11.8,0.0,0,0,5,4,299,-6,8,-1024,-3,-560,-660,-1,0,-1,-1,-1,1,0,-1,0x0000000000000000,1513,1385,1530,1518,2012,1534,1520,1260,1701,1624,1500,1500,1500,1500,1500,1500,1500,1500,1500,1500,1500,1500,1500,1500,1500,1500,1500,1500,1500,1500,1500,1500,7.3
2026-08-08,13:34:24.200,7.1,-0.6,-77,-80,99,8,0,8,10,-72,100,10,11.8,0.0,0,0,3,-3,569,-292,8,-1024,-3,-560,-660,-1,0,-1,-1,-1,1,0,-1,0x0000000000000000,1512,1378,1460,1475,2012,1449,1470,1260,1701,1759,1500,1500,1500,1500,1500,1500,1500,1500,1500,1500,1500,1500,1500,1500,1500,1500,1500,1500,1500,1500,1500,1500,7.3
2026-08-08,13:34:24.700,6.5,-1.6,-77,-71,99,11,1,8,10,-61,100,11,11.8,0.0,0,0,3,-188,733,-4,8,-1024,-3,-560,-659,-1,0,-1,-1,-1,1,0,-1,0x0000000000000000,1512,1414,1531,1519,2012,1534,1520,1260,1701,1841,1500,1500,1500,1500,1500,1500,1500,1500,1500,1500,1500,1500,1500,1500,1500,1500,1500,1500,1500,1500,1500,1500,7.3
2026-08-08,13:34:25.200,6.9,-0.6,-77,-75,100,10,1,8,10,-68,100,11,11.7,0.0,0,0,3,-1,903,-5,8,-1024,-3,-560,-660,-1,0,-1,-1,-1,1,0,-1,0x0000000000000000,1512,1367,1530,1518,2012,1534,1520,1260,1701,1926,1500,1500,1500,1500,1500,1500,1500,1500,1500,1500,1500,1500,1500,1500,1500,1500,1500,1500,1500,1500,1500,1500,7.3
2026-08-08,13:34:25.700,8.4,2.6,-71,-76,100,10,0,8,10,-59,100,11,11.7,0.0,0,0,3,-552,904,-5,8,-1024,-4,-560,-659,-1,0,-1,-1,-1,1,0,-1,0x0000000000000000,1512,1522,1530,1518,2012,1534,1520,1260,1701,1926,1500,1500,1500,1500,1500,1500,1500,1500,1500,1500,1500,1500,1500,1500,1500,1500,1500,1500,1500,1500,1500,1500,7.3
2026-08-08,13:34:26.200,9.7,2.5,-66,-76,100,10,0,8,10,-60,100,10,11.6,0.0,0,0,3,-601,904,255,8,-1024,-4,-560,-659,-1,0,-1,-1,-1,1,0,-1,0x0000000000000000,1512,1540,1600,1561,2012,1611,1566,1260,1701,1926,1500,1500,1500,1500,1500,1500,1500,1500,1500,1500,1500,1500,1500,1500,1500,1500,1500,1500,1500,1500,1500,1500,7.3
2026-08-08,13:34:26.700,11.1,3.3,-69,-76,100,11,0,8,10,-64,100,11,11.6,0.0,0,0,2,-92,903,-10,8,-1024,-4,-560,-660,-1,0,-1,-1,-1,1,0,-1,0x0000000000000000,1512,1389,1529,1518,2012,1532,1519,1260,1701,1926,1500,1500,1500,1500,1500,1500,1500,1500,1500,1500,1500,1500,1500,1500,1500,1500,1500,1500,1500,1500,1500,1500,7.3
2026-08-08,13:34:27.200,13.3,6.3,-80,-80,100,9,0,8,10,-76,100,10,11.6,0.0,0,0,5,-102,907,-11,8,-1024,-3,-560,-660,-1,0,-1,-1,-1,1,0,-1,0x0000000000000000,1513,1392,1529,1517,2012,1532,1519,1260,1701,1928,1500,1500,1500,1500,1500,1500,1500,1500,1500,1500,1500,1500,1500,1500,1500,1500,1500,1500,1500,1500,1500,1500,7.3
2026-08-08,13:34:27.700,14.2,0.6,-74,-80,100,10,0,8,10,-69,100,10,11.6,0.0,0,0,5,-495,904,233,8,-1024,-3,-560,-660,-1,0,-1,-1,-1,1,0,-1,0x0000000000000000,1513,1501,1594,1557,2012,1605,1562,1260,1701,1926,1500,1500,1500,1500,1500,1500,1500,1500,1500,1500,1500,1500,1500,1500,1500,1500,1500,1500,1500,1500,1500,1500,7.3
2026-08-08,13:34:28.200,18.1,6.6,-74,-80,100,2,0,8,250,-85,96,9,11.7,0.0,0,0,6,-210,-1024,78,8,-1024,-4,-560,-660,-1,0,-1,-1,-1,1,0,-1,0x0000000000000000,1514,1484,1553,1532,2012,1559,1535,1260,1701,988,1500,1500,1500,1500,1500,1500,1500,1500,1500,1500,1500,1500,1500,1500,1500,1500,1500,1500,1500,1500,1500,1500,7.3
2026-08-08,13:34:28.700,19.4,3.3,-76,-78,99,9,0,8,10,-67,100,10,11.7,0.0,0,0,6,2,-1024,1022,7,-1024,-4,-560,-660,-1,0,-1,-1,-1,1,0,-1,0x0000000000000000,1514,1429,1806,1686,2012,1839,1700,1260,1701,988,1500,1500,1500,1500,1500,1500,1500,1500,1500,1500,1500,1500,1500,1500,1500,1500,1500,1500,1500,1500,1500,1500,7.3
2026-08-08,13:34:29.200,20.2,1.4,-73,-78,100,11,0,8,10,-65,100,10,11.8,0.0,0,0,6,4,-1024,-21,8,-1024,-3,-560,-660,-1,0,-1,-1,-1,1,0,-1,0x0000000000000000,1514,1429,1526,1516,2012,1529,1517,1260,1701,988,1500,1500,1500,1500,1500,1500,1500,1500,1500,1500,1500,1500,1500,1500,1500,1500,1500,1500,1500,1500,1500,1500,7.3
2026-08-08,13:34:29.700,20.9,1.3,-80,-81,100,8,0,8,10,-79,100,10,11.8,0.0,0,0,6,-1,-1024,64,8,-1024,-3,-560,-660,-1,0,-1,-1,-1,1,0,-1,0x0000000000000000,1514,1430,1549,1530,2012,1555,1532,1260,1701,988,1500,1500,1500,1500,1500,1500,1500,1500,1500,1500,1500,1500,1500,1500,1500,1500,1500,1500,1500,1500,1500,1500,7.3
2026-08-08,13:34:30.200,20.8,-0.4,-78,-78,99,7,1,8,10,-76,100,11,11.8,0.0,0,0,-138,0,-1024,-2,8,-1024,-3,-560,-660,-1,0,-1,-1,-1,1,0,-1,0x0000000000000000,1476,1429,1532,1519,2012,1535,1521,1260,1701,988,1500,1500,1500,1500,1500,1500,1500,1500,1500,1500,1500,1500,1500,1500,1500,1500,1500,1500,1500,1500,1500,1500,7.3
2026-08-08,13:34:30.700,20.1,-1.1,-73,-79,100,11,0,8,10,-65,100,11,11.8,0.0,0,0,6,-96,-1024,-4,8,-1024,-4,-560,-659,-1,0,-1,-1,-1,1,0,-1,0x0000000000000000,1514,1450,1531,1519,2012,1534,1520,1260,1701,988,1500,1500,1500,1500,1500,1500,1500,1500,1500,1500,1500,1500,1500,1500,1500,1500,1500,1500,1500,1500,1500,1500,7.3
2026-08-08,13:34:31.200,20.6,1.2,-72,-79,100,11,0,8,10,-69,100,10,11.8,0.0,0,0,6,4,-1024,-4,8,-1024,-3,-560,-660,-1,0,-1,-1,-1,1,0,-1,0x0000000000000000,1514,1429,1531,1519,2012,1534,1520,1260,1701,988,1500,1500,1500,1500,1500,1500,1500,1500,1500,1500,1500,1500,1500,1500,1500,1500,1500,1500,1500,1500,1500,1500,7.3
2026-08-08,13:34:31.700,21.1,1.0,-77,-76,100,11,1,8,10,-70,96,10,11.8,0.0,0,0,6,3,-1024,-5,8,-1024,-4,-560,-660,-1,0,-1,-1,-1,1,0,-1,0x0000000000000000,1514,1429,1530,1518,2012,1534,1520,1260,1701,988,1500,1500,1500,1500,1500,1500,1500,1500,1500,1500,1500,1500,1500,1500,1500,1500,1500,1500,1500,1500,1500,1500,7.3
2026-08-08,13:34:32.200,21.3,0.1,-77,-77,100,11,1,8,10,-73,100,10,11.8,0.0,0,0,6,2,-1024,6,8,-1024,-4,-560,-660,-1,0,-1,-1,-1,1,0,-1,0x0000000000000000,1514,1429,1533,1520,2012,1537,1522,1260,1701,988,1500,1500,1500,1500,1500,1500,1500,1500,1500,1500,1500,1500,1500,1500,1500,1500,1500,1500,1500,1500,1500,1500,7.3
2026-08-08,13:34:32.700,20.3,-1.7,-77,-80,100,11,1,8,10,-75,100,11,11.8,0.0,0,0,6,6,-1024,427,8,-1024,-4,-560,-660,-1,0,-1,-1,-1,1,0,-1,0x0000000000000000,1514,1428,1646,1589,2012,1662,1596,1260,1701,988,1500,1500,1500,1500,1500,1500,1500,1500,1500,1500,1500,1500,1500,1500,1500,1500,1500,1500,1500,1500,1500,1500,7.3
2026-08-08,13:34:33.200,18.9,-3.1,-77,-79,100,11,1,8,10,-72,100,10,11.8,0.0,0,0,6,-635,-1024,60,8,-1024,-4,-560,-660,-1,0,-1,-1,-1,1,0,-1,0x0000000000000000,1514,1625,1548,1529,2012,1553,1531,1260,1701,988,1500,1500,1500,1500,1500,1500,1500,1500,1500,1500,1500,1500,1500,1500,1500,1500,1500,1500,1500,1500,1500,1500,7.3
2026-08-08,13:34:33.700,18.9,0.0,-83,-81,100,11,1,8,10,-73,96,11,11.8,0.0,0,0,6,2,-1024,-6,8,-1024,-3,-560,-660,-1,0,-1,-1,-1,1,0,-1,0x0000000000000000,1514,1429,1530,1518,2012,1534,1520,1260,1701,988,1500,1500,1500,1500,1500,1500,1500,1500,1500,1500,1500,1500,1500,1500,1500,1500,1500,1500,1500,1500,1500,1500,7.3
2026-08-08,13:34:34.200,18.4,-0.2,-83,-85,100,10,0,8,10,-76,100,10,11.8,0.0,0,0,6,4,-1024,-5,8,-1024,-4,-560,-660,-1,0,-1,-1,-1,1,0,-1,0x0000000000000000,1514,1429,1530,1518,2012,1534,1520,1260,1701,988,1500,1500,1500,1500,1500,1500,1500,1500,1500,1500,1500,1500,1500,1500,1500,1500,1500,1500,1500,1500,1500,1500,7.3
2026-08-08,13:34:34.700,18.8,0.8,-87,-79,98,7,0,8,10,-77,100,11,11.8,0.0,0,0,6,3,-1024,181,8,-1024,-4,-560,-660,-1,0,-1,-1,-1,1,0,-1,0x0000000000000000,1514,1429,1584,1551,2012,1594,1555,1260,1701,988,1500,1500,1500,1500,1500,1500,1500,1500,1500,1500,1500,1500,1500,1500,1500,1500,1500,1500,1500,1500,1500,1500,7.3
2026-08-08,13:34:35.200,19.8,2.1,-87,-81,99,9,1,8,10,-88,100,9,11.8,0.0,0,0,6,4,-1024,-5,8,-1024,-4,-560,-660,-1,0,-1,-1,-1,1,0,-1,0x0000000000000000,1514,1429,1530,1518,2012,1534,1520,1260,1701,988,1500,1500,1500,1500,1500,1500,1500,1500,1500,1500,1500,1500,1500,1500,1500,1500,1500,1500,1500,1500,1500,1500,7.3
2026-08-08,13:34:35.700,19.8,0.1,-84,-81,100,0,1,8,100,-78,100,11,11.8,0.0,0,0,6,-180,-1024,-806,9,-1024,-3,-560,-659,-1,0,-1,-1,-1,1,0,-1,0x0000000000000000,1514,1475,1339,1397,2012,1294,1380,1260,1701,988,1500,1500,1500,1500,1500,1500,1500,1500,1500,1500,1500,1500,1500,1500,1500,1500,1500,1500,1500,1500,1500,1500,7.3
2026-08-08,13:34:36.200,20.2,1.4,-74,-86,100,11,0,8,10,-70,100,11,11.8,0.0,0,0,6,4,-1024,-5,8,-1024,-3,-560,-660,-1,0,-1,-1,-1,1,0,-1,0x0000000000000000,1514,1429,1530,1518,2012,1534,1520,1260,1701,988,1500,1500,1500,1500,1500,1500,1500,1500,1500,1500,1500,1500,1500,1500,1500,1500,1500,1500,1500,1500,1500,1500,7.3
2026-08-08,13:34:36.700,20.7,0.8,-68,-86,100,11,0,8,10,-62,100,11,11.8,0.0,0,0,6,-12,-1024,-89,8,-1024,-3,-560,-659,-1,0,-1,-1,-1,1,0,-1,0x0000000000000000,1514,1432,1508,1505,2012,1509,1505,1260,1701,988,1500,1500,1500,1500,1500,1500,1500,1500,1500,1500,1500,1500,1500,1500,1500,1500,1500,1500,1500,1500,1500,1500,7.3
2026-08-08,13:34:37.200,20.2,-0.4,-66,-86,100,11,0,8,10,-62,100,11,11.8,0.0,0,0,6,5,-1024,-5,8,-1024,-3,-560,-660,-1,0,-1,-1,-1,1,0,-1,0x0000000000000000,1514,1428,1530,1518,2012,1534,1520,1260,1701,988,1500,1500,1500,1500,1500,1500,1500,1500,1500,1500,1500,1500,1500,1500,1500,1500,1500,1500,1500,1500,1500,1500,7.3
2026-08-08,13:34:37.700,20.4,0.0,-67,-86,100,11,0,8,10,-62,100,10,11.8,0.0,0,0,6,5,-1024,-5,8,-1024,-4,-560,-659,-1,0,-1,-1,-1,1,0,-1,0x0000000000000000,1514,1428,1530,1518,2012,1534,1520,1260,1701,988,1500,1500,1500,1500,1500,1500,1500,1500,1500,1500,1500,1500,1500,1500,1500,1500,1500,1500,1500,1500,1500,1500,7.3
2026-08-08,13:34:38.200,20.0,-0.6,-69,-86,100,11,0,8,10,-64,100,11,11.8,0.0,0,0,6,4,-1024,-5,8,-1024,-3,-560,-659,-1,0,-1,-1,-1,1,0,-1,0x0000000000000000,1514,1429,1530,1518,2012,1534,1520,1260,1701,988,1500,1500,1500,1500,1500,1500,1500,1500,1500,1500,1500,1500,1500,1500,1500,1500,1500,1500,1500,1500,1500,1500,7.3
2026-08-08,13:34:38.700,19.5,-1.0,-69,-86,100,10,0,8,10,-65,100,11,11.8,0.0,0,0,6,-102,-1024,-114,8,-1024,-3,-560,-660,-1,0,-1,-1,-1,1,0,-1,0x0000000000000000,1514,1451,1501,1501,2012,1501,1501,1260,1701,988,1500,1500,1500,1500,1500,1500,1500,1500,1500,1500,1500,1500,1500,1500,1500,1500,1500,1500,1500,1500,1500,1500,7.3
2026-08-08,13:34:39.200,19.1,-1.7,-66,-86,100,11,0,8,10,-57,100,10,11.8,0.0,0,0,6,5,-1024,-6,8,-1024,-3,-560,-660,-1,0,-1,-1,-1,1,0,-1,0x0000000000000000,1514,1428,1530,1518,2012,1534,1520,1260,1701,988,1500,1500,1500,1500,1500,1500,1500,1500,1500,1500,1500,1500,1500,1500,1500,1500,1500,1500,1500,1500,1500,1500,7.3
2026-08-08,13:34:39.700,18.4,-1.6,-63,-86,100,11,0,8,10,-57,100,8,11.8,0.0,0,0,6,-27,-1024,-1007,9,-1024,-3,-560,-659,-1,0,-1,-1,-1,1,0,-1,0x0000000000000000,1514,1436,1292,1367,2012,1233,1345,1260,1701,988,1500,1500,1500,1500,1500,1500,1500,1500,1500,1500,1500,1500,1500,1500,1500,1500,1500,1500,1500,1500,1500,1500,7.3
2026-08-08,13:34:40.200,17.9,-1.1,-75,-81,100,11,0,8,10,-70,100,11,11.8,0.0,0,0,6,-390,-1024,-564,8,-1024,-4,-560,-660,-1,0,-1,-1,-1,1,0,-1,0x0000000000000000,1514,1539,1396,1434,2012,1366,1422,1260,1701,988,1500,1500,1500,1500,1500,1500,1500,1500,1500,1500,1500,1500,1500,1500,1500,1500,1500,1500,1500,1500,1500,1500,7.3
2026-08-08,13:34:40.700,17.6,-0.4,-74,-81,100,8,0,8,10,-74,100,10,11.8,0.0,0,0,7,4,-1024,-6,8,-1024,-3,-560,-660,-1,0,-1,-1,-1,1,0,-1,0x0000000000000000,1514,1429,1530,1518,2012,1534,1520,1260,1701,988,1500,1500,1500,1500,1500,1500,1500,1500,1500,1500,1500,1500,1500,1500,1500,1500,1500,1500,1500,1500,1500,1500,7.3
2026-08-08,13:34:41.200,17.8,0.7,-80,-85,100,10,0,8,10,-74,100,10,11.8,0.0,0,0,8,0,-1024,138,8,-1024,-3,-560,-659,-1,0,-1,-1,-1,1,0,-1,0x0000000000000000,1514,1429,1569,1542,2012,1577,1545,1260,1701,988,1500,1500,1500,1500,1500,1500,1500,1500,1500,1500,1500,1500,1500,1500,1500,1500,1500,1500,1500,1500,1500,1500,7.3
2026-08-08,13:34:41.700,17.3,-0.5,-76,-85,100,10,0,8,10,-70,100,11,11.8,0.0,0,0,6,-400,-1024,415,8,-1024,-3,-560,-659,-1,0,-1,-1,-1,1,0,-1,0x0000000000000000,1514,1546,1639,1584,2012,1654,1591,1260,1701,988,1500,1500,1500,1500,1500,1500,1500,1500,1500,1500,1500,1500,1500,1500,1500,1500,1500,1500,1500,1500,1500,1500,7.3
2026-08-08,13:34:42.200,16.4,-1.3,-77,-85,100,3,0,8,25,-76,100,11,11.8,0.0,0,0,6,-138,-1024,-851,9,-1024,-3,-560,-660,-1,0,-1,-1,-1,1,0,-1,0x0000000000000000,1514,1463,1329,1391,2012,1280,1372,1260,1701,988,1500,1500,1500,1500,1500,1500,1500,1500,1500,1500,1500,1500,1500,1500,1500,1500,1500,1500,1500,1500,1500,1500,7.3
2026-08-08,13:34:42.700,15.6,-1.7,-73,-85,100,11,0,8,10,-63,100,11,11.8,0.0,0,0,6,-73,-1024,-5,8,-1024,-3,-560,-659,-1,0,-1,-1,-1,1,0,-1,0x0000000000000000,1514,1448,1530,1518,2012,1534,1520,1260,1701,988,1500,1500,1500,1500,1500,1500,1500,1500,1500,1500,1500,1500,1500,1500,1500,1500,1500,1500,1500,1500,1500,1500,7.3
2026-08-08,13:34:43.200,14.8,-1.4,-70,-85,100,12,0,8,10,-65,100,11,11.8,0.0,0,0,6,3,-1024,-6,8,-1024,-3,-560,-660,-1,0,-1,-1,-1,1,0,-1,0x0000000000000000,1514,1429,1530,1518,2012,1534,1520,1260,1701,988,1500,1500,1500,1500,1500,1500,1500,1500,1500,1500,1500,1500,1500,1500,1500,1500,1500,1500,1500,1500,1500,1500,7.3
2026-08-08,13:34:43.700,15.2,-0.1,-72,-85,100,11,0,8,10,-69,92,10,11.8,0.0,0,0,7,-549,-1024,-681,8,-1024,-3,-560,-660,-1,0,-1,-1,-1,1,0,-1,0x0000000000000000,1514,1593,1369,1416,2012,1331,1402,1260,1701,988,1500,1500,1500,1500,1500,1500,1500,1500,1500,1500,1500,1500,1500,1500,1500,1500,1500,1500,1500,1500,1500,1500,7.3
2026-08-08,13:34:44.200,14.6,-0.6,-71,-85,100,12,0,8,10,-65,100,11,11.8,0.0,0,0,6,-61,-1024,-265,8,-1024,-4,-560,-660,-1,0,-1,-1,-1,1,0,-1,0x0000000000000000,1514,1444,1466,1478,2012,1456,1475,1260,1701,988,1500,1500,1500,1500,1500,1500,1500,1500,1500,1500,1500,1500,1500,1500,1500,1500,1500,1500,1500,1500,1500,1500,7.3
2026-08-08,13:34:44.700,14.3,-0.6,-69,-85,100,11,0,8,10,-65,100,10,11.8,0.0,0,0,6,5,-1024,-6,8,-1024,-3,-560,-660,-1,0,-1,-1,-1,1,0,-1,0x0000000000000000,1514,1428,1530,1518,2012,1534,1520,1260,1701,988,1500,1500,1500,1500,1500,1500,1500,1500,1500,1500,1500,1500,1500,1500,1500,1500,1500,1500,1500,1500,1500,1500,7.3
2026-08-08,13:34:45.200,14.4,0.0,-76,-84,100,11,0,8,10,-70,100,11,11.8,0.0,0,0,6,3,-1024,-4,8,-1024,-3,-560,-660,-1,0,-1,-1,-1,1,0,-1,0x0000000000000000,1514,1429,1531,1519,2012,1534,1520,1260,1701,988,1500,1500,1500,1500,1500,1500,1500,1500,1500,1500,1500,1500,1500,1500,1500,1500,1500,1500,1500,1500,1500,1500,7.3
2026-08-08,13:34:45.700,14.5,0.3,-76,-84,100,11,0,8,10,-71,100,11,11.8,0.0,0,0,6,1,-1024,-4,8,-1024,-4,-560,-659,-1,0,-1,-1,-1,1,0,-1,0x0000000000000000,1514,1429,1531,1519,2012,1534,1520,1260,1701,988,1500,1500,1500,1500,1500,1500,1500,1500,1500,1500,1500,1500,1500,1500,1500,1500,1500,1500,1500,1500,1500,1500,7.3
2026-08-08,13:34:46.200,14.3,-0.3,-73,-84,100,12,0,8,10,-68,96,11,11.8,0.0,0,0,6,0,-1024,-4,8,-1024,-3,-560,-660,-1,0,-1,-1,-1,1,0,-1,0x0000000000000000,1514,1429,1531,1519,2012,1534,1520,1260,1701,988,1500,1500,1500,1500,1500,1500,1500,1500,1500,1500,1500,1500,1500,1500,1500,1500,1500,1500,1500,1500,1500,1500,7.3
2026-08-08,13:34:46.700,13.7,-1.2,-71,-84,100,11,0,8,10,-68,100,11,11.8,0.0,0,0,6,4,-1024,-6,8,-1024,-4,-561,-659,-1,0,-1,-1,-1,1,0,-1,0x0000000000000000,1514,1429,1530,1518,2012,1534,1520,1260,1701,988,1500,1500,1500,1500,1500,1500,1500,1500,1500,1500,1500,1500,1500,1500,1500,1500,1500,1500,1500,1500,1500,1500,7.3
2026-08-08,13:34:47.200,12.8,-1.4,-72,-84,100,11,0,8,10,-67,96,10,11.8,0.0,0,0,6,0,-1024,-25,8,-1024,-3,-560,-660,-1,0,-1,-1,-1,1,0,-1,0x0000000000000000,1514,1429,1525,1515,2012,1528,1516,1260,1701,988,1500,1500,1500,1500,1500,1500,1500,1500,1500,1500,1500,1500,1500,1500,1500,1500,1500,1500,1500,1500,1500,1500,7.3
2026-08-08,13:34:47.700,13.2,0.3,-76,-78,100,10,1,8,10,-74,100,11,11.8,0.0,0,0,6,-69,-1024,-188,8,-1024,-3,-560,-659,-1,0,-1,-1,-1,1,0,-1,0x0000000000000000,1514,1449,1482,1488,2012,1477,1486,1260,1701,988,1500,1500,1500,1500,1500,1500,1500,1500,1500,1500,1500,1500,1500,1500,1500,1500,1500,1500,1500,1500,1500,1500,7.3
2026-08-08,13:34:48.200,12.3,-1.8,-76,-82,100,12,0,8,10,-69,100,10,11.8,0.0,0,0,7,-9,-1024,-108,8,-1024,-3,-560,-660,-1,0,-1,-1,-1,1,0,-1,0x0000000000000000,1514,1432,1503,1502,2012,1503,1502,1260,1701,988,1500,1500,1500,1500,1500,1500,1500,1500,1500,1500,1500,1500,1500,1500,1500,1500,1500,1500,1500,1500,1500,1500,7.3
2026-08-08,13:34:48.700,12.4,-0.4,-69,-82,100,11,0,8,10,-65,100,10,11.8,0.0,0,0,6,0,-1024,-20,8,-1024,-4,-560,-660,-1,0,-1,-1,-1,1,0,-1,0x0000000000000000,1514,1429,1527,1516,2012,1529,1517,1260,1701,988,1500,1500,1500,1500,1500,1500,1500,1500,1500,1500,1500,1500,1500,1500,1500,1500,1500,1500,1500,1500,1500,1500,7.3
2026-08-08,13:34:49.200,12.1,-0.2,-73,-79,100,11,0,8,10,-71,100,10,11.8,0.0,0,0,6,-1,-1024,-83,8,-1024,-4,-560,-659,-1,0,-1,-1,-1,1,0,-1,0x0000000000000000,1514,1430,1510,1506,2012,1511,1506,1260,1701,988,1500,1500,1500,1500,1500,1500,1500,1500,1500,1500,1500,1500,1500,1500,1500,1500,1500,1500,1500,1500,1500,1500,7.3
2026-08-08,13:34:49.700,12.0,-0.1,-69,-75,98,11,0,8,10,-64,100,7,11.8,0.0,0,0,6,5,-1024,24,8,-1024,-3,-560,-659,-1,0,-1,-1,-1,1,0,-1,0x0000000000000000,1514,1429,1538,1523,2012,1543,1525,1260,1701,988,1500,1500,1500,1500,1500,1500,1500,1500,1500,1500,1500,1500,1500,1500,1500,1500,1500,1500,1500,1500,1500,1500,7.3
2026-08-08,13:34:50.200,11.8,-0.4,-68,-75,100,11,0,8,10,-64,100,11,11.8,0.0,0,0,6,-1,-1024,-4,8,-1024,-3,-560,-660,-1,0,-1,-1,-1,1,0,-1,0x0000000000000000,1514,1430,1531,1519,2012,1534,1520,1260,1701,988,1500,1500,1500,1500,1500,1500,1500,1500,1500,1500,1500,1500,1500,1500,1500,1500,1500,1500,1500,1500,1500,1500,7.3
2026-08-08,13:34:50.700,11.0,-1.3,-73,-75,97,11,0,8,10,-67,100,11,11.8,0.0,0,0,6,-1,-1024,-5,8,-1024,-3,-560,-660,-1,0,-1,-1,-1,1,0,-1,0x0000000000000000,1514,1430,1530,1518,2012,1534,1520,1260,1701,988,1500,1500,1500,1500,1500,1500,1500,1500,1500,1500,1500,1500,1500,1500,1500,1500,1500,1500,1500,1500,1500,1500,7.3
2026-08-08,13:34:51.200,10.2,-1.5,-68,-75,98,11,0,8,10,-65,100,10,11.8,0.0,0,0,7,-116,-1024,-8,8,-1024,-3,-560,-660,-1,0,-1,-1,-1,1,0,-1,0x0000000000000000,1514,1458,1530,1518,2012,1533,1519,1260,1701,988,1500,1500,1500,1500,1500,1500,1500,1500,1500,1500,1500,1500,1500,1500,1500,1500,1500,1500,1500,1500,1500,1500,7.3
2026-08-08,13:34:51.700,9.4,-1.7,-66,-75,100,11,0,8,10,-61,100,10,11.8,0.0,0,0,6,-30,-1024,392,8,-1024,-4,-560,-659,-1,0,-1,-1,-1,1,0,-1,0x0000000000000000,1514,1437,1641,1586,2012,1657,1592,1260,1701,988,1500,1500,1500,1500,1500,1500,1500,1500,1500,1500,1500,1500,1500,1500,1500,1500,1500,1500,1500,1500,1500,1500,7.3
2026-08-08,13:34:52.200,8.4,-1.9,-65,-75,100,11,0,8,10,-60,100,11,11.8,0.0,0,0,5,-256,-1024,36,8,-1024,-3,-560,-660,-1,0,-1,-1,-1,1,0,-1,0x0000000000000000,1513,1497,1541,1525,2012,1546,1527,1260,1701,988,1500,1500,1500,1500,1500,1500,1500,1500,1500,1500,1500,1500,1500,1500,1500,1500,1500,1500,1500,1500,1500,1500,7.3
2026-08-08,13:34:52.700,9.2,1.2,-60,-69,99,10,0,8,10,-57,100,12,11.8,0.0,0,0,6,-81,-1024,-521,8,-1024,-4,-560,-660,-1,0,-1,-1,-1,1,0,-1,0x0000000000000000,1514,1449,1406,1440,2012,1379,1430,1260,1701,988,1500,1500,1500,1500,1500,1500,1500,1500,1500,1500,1500,1500,1500,1500,1500,1500,1500,1500,1500,1500,1500,1500,7.3
2026-08-08,13:34:53.200,9.2,-0.2,-59,-69,100,10,0,8,10,-52,100,11,11.8,0.0,0,0,6,-17,-1024,-22,8,-1024,-3,-560,-660,-1,0,-1,-1,-1,1,0,-1,0x0000000000000000,1514,1434,1526,1516,2012,1529,1517,1260,1701,988,1500,1500,1500,1500,1500,1500,1500,1500,1500,1500,1500,1500,1500,1500,1500,1500,1500,1500,1500,1500,1500,1500,7.3
2026-08-08,13:34:53.700,8.7,-1.2,-65,-65,100,11,1,8,10,-60,100,11,11.8,0.0,0,0,6,2,-1024,53,8,-1024,-3,-560,-659,-1,0,-1,-1,-1,1,0,-1,0x0000000000000000,1514,1429,1552,1532,2012,1558,1534,1260,1701,988,1500,1500,1500,1500,1500,1500,1500,1500,1500,1500,1500,1500,1500,1500,1500,1500,1500,1500,1500,1500,1500,1500,7.3
2026-08-08,13:34:54.200,7.9,-1.8,-65,-67,100,11,1,8,10,-62,100,10,11.8,0.0,0,0,5,4,-1024,-311,8,-1024,-3,-560,-659,-1,0,-1,-1,-1,1,0,-1,0x0000000000000000,1513,1429,1455,1472,2012,1443,1467,1260,1701,988,1500,1500,1500,1500,1500,1500,1500,1500,1500,1500,1500,1500,1500,1500,1500,1500,1500,1500,1500,1500,1500,1500,7.3
2026-08-08,13:34:54.700,7.6,-0.6,-67,-70,100,11,0,8,10,-63,100,10,11.8,0.0,0,0,39,-161,-667,-548,8,-1024,-3,-560,-659,-1,0,-1,-1,-1,1,0,-1,0x0000000000000000,1522,1457,1400,1434,2012,1368,1423,1260,1701,1151,1500,1500,1500,1500,1500,1500,1500,1500,1500,1500,1500,1500,1500,1500,1500,1500,1500,1500,1500,1500,1500,1500,7.3
2026-08-08,13:34:55.200,8.1,0.5,-69,-78,99,10,0,8,10,-65,100,11,11.8,0.0,0,0,-529,-329,-1024,92,8,-1024,-4,-560,-660,-1,0,-1,-1,-1,1,0,-1,0x0000000000000000,1361,1519,1556,1534,2012,1563,1537,1260,1701,988,1500,1500,1500,1500,1500,1500,1500,1500,1500,1500,1500,1500,1500,1500,1500,1500,1500,1500,1500,1500,1500,1500,7.3
2026-08-08,13:34:55.700,8.8,0.9,-77,-85,100,11,0,8,10,-63,100,10,11.8,0.0,0,0,6,-587,-1024,-14,8,-1024,-4,-560,-659,-1,0,-1,-1,-1,1,0,-1,0x0000000000000000,1514,1606,1528,1517,2012,1532,1519,1260,1701,988,1500,1500,1500,1500,1500,1500,1500,1500,1500,1500,1500,1500,1500,1500,1500,1500,1500,1500,1500,1500,1500,1500,7.3
2026-08-08,13:34:56.200,8.8,0.2,-63,-85,100,11,0,8,10,-56,100,10,11.8,0.0,0,0,-404,-1023,-1024,-338,9,-1024,-4,-560,-660,-1,0,-1,-1,-1,1,0,-1,0x0000000000000000,1401,1806,1449,1467,2012,1434,1462,1260,1701,988,1500,1500,1500,1500,1500,1500,1500,1500,1500,1500,1500,1500,1500,1500,1500,1500,1500,1500,1500,1500,1500,1500,7.3
2026-08-08,13:34:56.700,8.3,-0.7,-68,-85,100,10,0,8,10,-67,100,11,11.8,0.0,0,0,5,-953,-1024,1023,7,-1024,-4,-560,-659,-1,0,-1,-1,-1,1,0,-1,0x0000000000000000,1513,1768,1806,1686,2012,1840,1700,1260,1701,988,1500,1500,1500,1500,1500,1500,1500,1500,1500,1500,1500,1500,1500,1500,1500,1500,1500,1500,1500,1500,1500,1500,7.3
2026-08-08,13:34:57.200,6.6,-3.3,-68,-75,99,11,0,8,10,-61,100,10,11.8,0.0,0,0,5,-1024,-1024,698,8,-1024,-3,-560,-660,-1,0,-1,-1,-1,1,0,-1,0x0000000000000000,1513,1807,1719,1633,2012,1743,1643,1260,1701,988,1500,1500,1500,1500,1500,1500,1500,1500,1500,1500,1500,1500,1500,1500,1500,1500,1500,1500,1500,1500,1500,1500,7.3
2026-08-08,13:34:57.700,4.6,-3.6,-71,-75,100,11,0,8,10,-68,100,12,11.8,0.0,0,0,5,-911,-1024,-111,8,-1024,-4,-560,-660,-1,0,-1,-1,-1,1,0,-1,0x0000000000000000,1513,1722,1498,1499,2012,1497,1498,1260,1701,988,1500,1500,1500,1500,1500,1500,1500,1500,1500,1500,1500,1500,1500,1500,1500,1500,1500,1500,1500,1500,1500,1500,7.3
2026-08-08,13:34:58.200,4.9,0.1,-66,-75,100,11,0,8,10,-63,100,11,11.8,0.0,0,0,5,-80,-1024,127,8,-1024,-3,-560,-660,-1,0,-1,-1,-1,1,0,-1,0x0000000000000000,1513,1449,1566,1540,2012,1573,1543,1260,1701,988,1500,1500,1500,1500,1500,1500,1500,1500,1500,1500,1500,1500,1500,1500,1500,1500,1500,1500,1500,1500,1500,1500,7.3
2026-08-08,13:34:58.700,5.3,0.9,-71,-67,100,10,1,8,10,-61,100,11,11.8,0.0,0,0,5,2,-1024,-5,8,-1024,-4,-560,-659,-1,0,-1,-1,-1,1,0,-1,0x0000000000000000,1513,1429,1530,1518,2012,1534,1520,1260,1701,988,1500,1500,1500,1500,1500,1500,1500,1500,1500,1500,1500,1500,1500,1500,1500,1500,1500,1500,1500,1500,1500,1500,7.3
2026-08-08,13:34:59.200,5.0,-0.9,-71,-71,100,11,1,8,10,-65,100,11,11.8,0.0,0,0,5,3,-1024,119,8,-1024,-4,-560,-660,-1,0,-1,-1,-1,1,0,-1,0x0000000000000000,1513,1429,1564,1539,2012,1571,1542,1260,1701,988,1500,1500,1500,1500,1500,1500,1500,1500,1500,1500,1500,1500,1500,1500,1500,1500,1500,1500,1500,1500,1500,1500,7.3
2026-08-08,13:34:59.700,4.4,-1.1,-71,-67,100,10,1,8,10,-62,100,10,11.8,0.0,0,0,5,2,-1024,161,8,-1024,-4,-560,-660,-1,0,-1,-1,-1,1,0,-1,0x0000000000000000,1513,1429,1578,1547,2012,1586,1551,1260,1701,988,1500,1500,1500,1500,1500,1500,1500,1500,1500,1500,1500,1500,1500,1500,1500,1500,1500,1500,1500,1500,1500,1500,7.3
2026-08-08,13:35:00.200,4.0,-0.8,-65,-73,100,11,0,8,10,-56,100,11,11.8,0.0,0,0,203,-220,-1024,199,8,-1024,-4,-560,-660,-1,0,-1,-1,-1,1,0,-1,0x0000000000000000,1566,1487,1585,1552,2012,1594,1556,1260,1701,988,1500,1500,1500,1500,1500,1500,1500,1500,1500,1500,1500,1500,1500,1500,1500,1500,1500,1500,1500,1500,1500,1500,7.3
2026-08-08,13:35:00.700,3.2,-1.1,-75,-77,100,11,0,8,10,-72,100,11,11.8,0.0,0,0,93,-112,-1024,803,8,-1024,-3,-560,-659,-1,0,-1,-1,-1,1,0,-1,0x0000000000000000,1529,1459,1754,1655,2012,1782,1666,1260,1701,988,1500,1500,1500,1500,1500,1500,1500,1500,1500,1500,1500,1500,1500,1500,1500,1500,1500,1500,1500,1500,1500,1500,7.3
2026-08-08,13:35:01.200,2.1,-2.6,-70,-77,100,9,0,8,10,-67,100,11,11.8,0.0,0,0,6,5,-1024,581,8,-1024,-3,-560,-659,-1,0,-1,-1,-1,1,0,-1,0x0000000000000000,1514,1428,1688,1614,2012,1708,1623,1260,1701,988,1500,1500,1500,1500,1500,1500,1500,1500,1500,1500,1500,1500,1500,1500,1500,1500,1500,1500,1500,1500,1500,1500,7.3
2026-08-08,13:35:01.700,2.6,0.8,-63,-77,100,12,0,8,10,-57,100,11,11.8,0.0,0,0,5,2,-1024,-76,8,-1024,-4,-560,-660,-1,0,-1,-1,-1,1,0,-1,0x0000000000000000,1514,1432,1505,1503,2012,1506,1503,1260,1701,988,1500,1500,1500,1500,1500,1500,1500,1500,1500,1500,1500,1500,1500,1500,1500,1500,1500,1500,1500,1500,1500,1500,7.3
2026-08-08,13:35:02.200,2.8,0.1,-64,-77,100,11,0,8,10,-61,100,10,11.8,0.0,0,0,4,-742,-1024,-493,8,-1024,-4,-560,-660,-1,0,-1,-1,-1,1,0,-1,0x0000000000000000,1513,1668,1413,1444,2012,1388,1435,1260,1701,988,1500,1500,1500,1500,1500,1500,1500,1500,1500,1500,1500,1500,1500,1500,1500,1500,1500,1500,1500,1500,1500,1500,7.3
2026-08-08,13:35:02.700,3.0,0.6,-68,-77,100,11,0,8,10,-65,100,11,11.8,0.0,0,0,5,463,-1024,-735,9,-1024,-3,-560,-659,-1,0,-1,-1,-1,1,0,-1,0x0000000000000000,1513,1297,1361,1411,2012,1321,1396,1260,1701,988,1500,1500,1500,1500,1500,1500,1500,1500,1500,1500,1500,1500,1500,1500,1500,1500,1500,1500,1500,1500,1500,1500,7.3
2026-08-08,13:35:03.200,3.3,0.3,-73,-86,100,11,0,8,10,-67,100,11,11.8,0.0,0,0,106,-989,63,-5,8,-1024,-4,-560,-660,-1,0,-1,-1,-1,1,0,-1,0x0000000000000000,1540,1746,1530,1518,2012,1534,1520,1260,1701,1506,1500,1500,1500,1500,1500,1500,1500,1500,1500,1500,1500,1500,1500,1500,1500,1500,1500,1500,1500,1500,1500,1500,7.3
2026-08-08,13:35:03.700,2.4,-1.5,-69,-86,100,10,0,8,10,-66,100,10,11.8,0.0,0,0,-435,-1024,-1024,-902,9,-1024,-3,-560,-659,-1,0,-1,-1,-1,1,0,-1,0x0000000000000000,1391,1807,1319,1385,2012,1268,1365,1260,1701,988,1500,1500,1500,1500,1500,1500,1500,1500,1500,1500,1500,1500,1500,1500,1500,1500,1500,1500,1500,1500,1500,1500,7.3
2026-08-08,13:35:04.200,2.2,-0.8,-72,-86,100,10,0,8,10,-70,100,10,11.8,0.0,0,0,5,-722,-1024,-852,9,-1024,-4,-560,-660,-1,0,-1,-1,-1,1,0,-1,0x0000000000000000,1513,1660,1329,1391,2012,1280,1372,1260,1701,988,1500,1500,1500,1500,1500,1500,1500,1500,1500,1500,1500,1500,1500,1500,1500,1500,1500,1500,1500,1500,1500,1500,7.3
2026-08-08,13:35:04.700,1.8,-1.0,-74,-80,100,10,0,8,10,-69,100,10,11.8,0.0,0,0,5,-1024,-1024,1024,8,-1024,-4,-560,-659,-1,0,-1,-1,-1,1,0,-1,0x0000000000000000,1514,1807,1806,1687,2012,1840,1700,1260,1701,988,1500,1500,1500,1500,1500,1500,1500,1500,1500,1500,1500,1500,1500,1500,1500,1500,1500,1500,1500,1500,1500,1500,7.3
2026-08-08,13:35:05.200,1.4,0.8,-76,-99,95,7,0,8,25,-86,100,7,11.8,0.0,0,0,5,3,-1024,-5,8,-1024,-3,-560,-659,-1,0,-1,-1,-1,1,0,-1,0x0000000000000000,1513,1429,1530,1518,2012,1534,1520,1260,1701,988,1500,1500,1500,1500,1500,1500,1500,1500,1500,1500,1500,1500,1500,1500,1500,1500,1500,1500,1500,1500,1500,1500,7.3
2026-08-08,13:35:05.700,1.5,0.3,-79,-99,98,11,0,8,50,-85,100,9,11.8,0.0,0,0,5,4,-1024,-4,8,-1024,-3,-560,-659,-1,0,-1,-1,-1,1,0,-1,0x0000000000000000,1513,1429,1531,1519,2012,1534,1520,1260,1701,988,1500,1500,1500,1500,1500,1500,1500,1500,1500,1500,1500,1500,1500,1500,1500,1500,1500,1500,1500,1500,1500,1500,7.3
2026-08-08,13:35:06.200,1.5,0.0,-84,-94,100,7,0,8,10,-87,100,9,11.8,0.0,0,0,5,4,-1024,-4,8,-1024,-3,-560,-660,-1,0,-1,-1,-1,1,0,-1,0x0000000000000000,1513,1429,1531,1519,2012,1534,1520,1260,1701,988,1500,1500,1500,1500,1500,1500,1500,1500,1500,1500,1500,1500,1500,1500,1500,1500,1500,1500,1500,1500,1500,1500,7.3
2026-08-08,13:35:06.700,1.5,0.0,-88,-93,100,7,0,8,10,-84,100,10,11.8,0.0,0,0,5,4,-1024,-5,8,-1024,-3,-560,-660,-1,0,-1,-1,-1,1,0,-1,0x0000000000000000,1513,1429,1530,1518,2012,1534,1520,1260,1701,988,1500,1500,1500,1500,1500,1500,1500,1500,1500,1500,1500,1500,1500,1500,1500,1500,1500,1500,1500,1500,1500,1500,7.3
2026-08-08,13:35:07.200,1.6,0.1,-84,-95,100,7,0,8,25,-85,100,9,11.8,0.0,0,0,5,4,-1024,-5,8,-1024,-4,-560,-660,-1,0,-1,-1,-1,1,0,-1,0x0000000000000000,1513,1429,1530,1518,2012,1534,1520,1260,1701,988,1500,1500,1500,1500,1500,1500,1500,1500,1500,1500,1500,1500,1500,1500,1500,1500,1500,1500,1500,1500,1500,1500,7.3
2026-08-08,13:35:07.700,1.6,0.0,-86,-94,100,9,0,8,10,-86,100,8,11.8,0.0,0,0,6,4,-1024,-4,8,-1024,-3,-560,-660,-1,0,-1,-1,-1,1,0,-1,0x0000000000000000,1513,1429,1531,1519,2012,1534,1520,1260,1701,988,1500,1500,1500,1500,1500,1500,1500,1500,1500,1500,1500,1500,1500,1500,1500,1500,1500,1500,1500,1500,1500,1500,7.3
2026-08-08,13:35:08.200,1.6,0.0,-91,-92,100,8,0,8,10,-85,100,9,11.8,0.0,0,0,6,4,-1024,-4,8,-1024,-3,-560,-660,-1,0,-1,-1,-1,1,0,-1,0x0000000000000000,1514,1429,1531,1519,2012,1534,1520,1260,1701,988,1500,1500,1500,1500,1500,1500,1500,1500,1500,1500,1500,1500,1500,1500,1500,1500,1500,1500,1500,1500,1500,1500,7.3
2026-08-08,13:35:08.700,1.5,0.0,-90,-92,100,3,0,8,25,-89,100,9,11.8,0.0,0,0,5,4,-1024,-5,8,-1024,-3,-560,-660,-1,0,-1,-1,-1,1,0,-1,0x0000000000000000,1513,1429,1530,1518,2012,1534,1520,1260,1701,988,1500,1500,1500,1500,1500,1500,1500,1500,1500,1500,1500,1500,1500,1500,1500,1500,1500,1500,1500,1500,1500,1500,7.3
2026-08-08,13:35:09.200,1.6,0.0,-89,-92,100,7,0,8,10,-85,100,6,11.8,0.0,0,0,6,4,-1024,-5,8,-1024,-4,-560,-660,-1,0,-1,-1,-1,1,0,-1,0x0000000000000000,1514,1429,1530,1518,2012,1534,1520,1260,1701,988,1500,1500,1500,1500,1500,1500,1500,1500,1500,1500,1500,1500,1500,1500,1500,1500,1500,1500,1500,1500,1500,1500,7.3
2026-08-08,13:35:09.700,1.6,0.0,-89,-92,100,6,0,8,50,-99,100,1,11.8,0.0,0,0,6,4,-1024,-5,8,-1024,-4,-560,-660,-1,0,-1,-1,-1,1,0,-1,0x0000000000000000,1514,1429,1530,1518,2012,1534,1520,1260,1701,988,1500,1500,1500,1500,1500,1500,1500,1500,1500,1500,1500,1500,1500,1500,1500,1500,1500,1500,1500,1500,1500,1500,7.3
